avaliacao_id;funcionario_id;ciclo;data_avaliacao;nota_desempenho;engajamento_score;recomendado_promocao
1;1;2024-S1;2024-06-15;4.0;89;f
2;1;2024-S2;2024-12-10;2.6;62;f
3;2;2024-S1;2024-06-15;2.7;60;f
4;2;2024-S2;2024-12-10;3.6;80;f
5;3;2024-S1;2024-06-15;4.9;90;f
6;3;2024-S2;2024-12-10;3.6;47;f
7;4;2024-S2;2024-12-10;3.0;62;f
8;5;2024-S1;2024-06-15;3.0;32;f
9;5;2024-S2;2024-12-10;1.5;48;f
10;6;2024-S1;2024-06-15;4.2;100;f
11;6;2024-S2;2024-12-10;3.1;59;f
12;7;2024-S1;2024-06-15;2.1;50;f
13;7;2024-S2;2024-12-10;3.1;59;f
14;9;2024-S1;2024-06-15;3.4;80;f
15;9;2024-S2;2024-12-10;4.0;64;f
16;10;2024-S1;2024-06-15;3.7;52;f
17;10;2024-S2;2024-12-10;3.4;53;f
18;11;2024-S1;2024-06-15;3.3;97;f
19;12;2024-S1;2024-06-15;3.8;63;f
20;12;2024-S2;2024-12-10;4.0;66;f
21;13;2024-S1;2024-06-15;4.6;76;f
22;13;2024-S2;2024-12-10;3.1;90;f
23;14;2024-S1;2024-06-15;4.0;78;f
24;14;2024-S2;2024-12-10;4.2;82;f
25;15;2024-S1;2024-06-15;4.0;69;f
26;15;2024-S2;2024-12-10;4.2;69;f
27;16;2024-S1;2024-06-15;4.4;78;f
28;16;2024-S2;2024-12-10;3.8;80;f
29;17;2024-S2;2024-12-10;3.8;89;f
30;18;2024-S2;2024-12-10;4.2;73;f
31;20;2024-S1;2024-06-15;1.9;84;f
32;20;2024-S2;2024-12-10;3.9;100;f
33;21;2024-S1;2024-06-15;3.0;68;f
34;21;2024-S2;2024-12-10;2.8;61;f
35;22;2024-S1;2024-06-15;4.6;48;f
36;22;2024-S2;2024-12-10;2.9;80;f
37;23;2024-S1;2024-06-15;3.8;67;f
38;23;2024-S2;2024-12-10;2.3;89;f
39;24;2024-S1;2024-06-15;3.6;57;f
40;24;2024-S2;2024-12-10;3.9;89;f
41;25;2024-S1;2024-06-15;3.6;62;f
42;25;2024-S2;2024-12-10;3.7;77;f
43;27;2024-S2;2024-12-10;4.0;68;f
44;28;2024-S1;2024-06-15;4.4;59;f
45;28;2024-S2;2024-12-10;3.6;69;f
46;29;2024-S1;2024-06-15;2.9;77;f
47;29;2024-S2;2024-12-10;3.8;69;f
48;30;2024-S2;2024-12-10;4.0;69;f
49;31;2024-S1;2024-06-15;4.5;78;f
50;31;2024-S2;2024-12-10;3.9;62;f
51;32;2024-S1;2024-06-15;2.7;83;f
52;32;2024-S2;2024-12-10;2.7;68;f
53;33;2024-S1;2024-06-15;4.2;59;f
54;33;2024-S2;2024-12-10;3.4;52;f
55;34;2024-S1;2024-06-15;3.2;60;f
56;34;2024-S2;2024-12-10;3.4;73;f
57;35;2024-S1;2024-06-15;3.8;92;f
58;35;2024-S2;2024-12-10;3.4;79;f
59;36;2024-S1;2024-06-15;3.4;95;f
60;36;2024-S2;2024-12-10;3.8;69;f
61;37;2024-S1;2024-06-15;3.3;84;f
62;37;2024-S2;2024-12-10;3.8;74;f
63;38;2024-S1;2024-06-15;3.1;61;f
64;38;2024-S2;2024-12-10;2.7;64;f
65;39;2024-S1;2024-06-15;3.4;53;f
66;39;2024-S2;2024-12-10;3.7;67;f
67;40;2024-S1;2024-06-15;3.3;59;f
68;40;2024-S2;2024-12-10;3.8;61;f
69;42;2024-S1;2024-06-15;4.6;69;f
70;42;2024-S2;2024-12-10;4.2;55;f
71;43;2024-S1;2024-06-15;3.6;58;f
72;43;2024-S2;2024-12-10;3.9;71;f
73;44;2024-S1;2024-06-15;4.8;66;f
74;44;2024-S2;2024-12-10;2.7;71;f
75;45;2024-S1;2024-06-15;3.8;63;f
76;45;2024-S2;2024-12-10;3.3;55;f
77;46;2024-S1;2024-06-15;4.0;80;f
78;46;2024-S2;2024-12-10;5.0;69;f
79;47;2024-S1;2024-06-15;3.8;68;f
80;48;2024-S1;2024-06-15;5.0;80;f
81;48;2024-S2;2024-12-10;5.0;72;f
82;49;2024-S1;2024-06-15;1.2;64;f
83;49;2024-S2;2024-12-10;3.5;93;f
84;51;2024-S1;2024-06-15;3.6;90;f
85;51;2024-S2;2024-12-10;4.1;76;f
86;52;2024-S1;2024-06-15;3.9;75;f
87;52;2024-S2;2024-12-10;4.3;68;f
88;53;2024-S1;2024-06-15;3.5;77;f
89;54;2024-S1;2024-06-15;3.8;69;f
90;54;2024-S2;2024-12-10;4.9;81;f
91;55;2024-S1;2024-06-15;3.5;67;f
92;55;2024-S2;2024-12-10;3.6;65;f
93;56;2024-S1;2024-06-15;3.1;61;f
94;56;2024-S2;2024-12-10;4.0;63;f
95;57;2024-S1;2024-06-15;3.7;72;f
96;57;2024-S2;2024-12-10;4.0;62;f
97;58;2024-S2;2024-12-10;1.9;63;f
98;59;2024-S1;2024-06-15;3.2;42;f
99;59;2024-S2;2024-12-10;3.4;62;f
100;60;2024-S1;2024-06-15;3.7;79;f
101;60;2024-S2;2024-12-10;4.7;73;f
102;61;2024-S1;2024-06-15;3.7;99;f
103;61;2024-S2;2024-12-10;3.0;55;f
104;62;2024-S1;2024-06-15;4.0;90;f
105;62;2024-S2;2024-12-10;4.5;46;f
106;63;2024-S1;2024-06-15;2.7;70;f
107;63;2024-S2;2024-12-10;4.1;66;f
108;64;2024-S1;2024-06-15;3.1;54;f
109;64;2024-S2;2024-12-10;4.3;86;f
110;65;2024-S1;2024-06-15;4.0;71;f
111;65;2024-S2;2024-12-10;3.2;45;f
112;66;2024-S1;2024-06-15;2.9;43;f
113;66;2024-S2;2024-12-10;3.5;78;f
114;68;2024-S1;2024-06-15;3.7;91;f
115;68;2024-S2;2024-12-10;3.8;48;f
116;69;2024-S1;2024-06-15;3.6;70;f
117;69;2024-S2;2024-12-10;4.0;83;f
118;70;2024-S1;2024-06-15;4.0;65;f
119;70;2024-S2;2024-12-10;4.5;83;t
120;71;2024-S1;2024-06-15;4.7;62;f
121;71;2024-S2;2024-12-10;3.1;54;f
122;72;2024-S1;2024-06-15;4.7;54;f
123;72;2024-S2;2024-12-10;3.5;72;f
124;73;2024-S1;2024-06-15;4.7;53;f
125;73;2024-S2;2024-12-10;4.3;72;f
126;74;2024-S1;2024-06-15;3.6;71;f
127;74;2024-S2;2024-12-10;3.3;66;f
128;75;2024-S1;2024-06-15;3.3;53;f
129;75;2024-S2;2024-12-10;3.1;88;f
130;76;2024-S1;2024-06-15;3.5;81;f
131;76;2024-S2;2024-12-10;3.6;69;f
132;77;2024-S1;2024-06-15;3.7;82;f
133;77;2024-S2;2024-12-10;3.3;69;f
134;78;2024-S1;2024-06-15;3.1;60;f
135;78;2024-S2;2024-12-10;3.4;31;f
136;79;2024-S1;2024-06-15;3.3;69;f
137;79;2024-S2;2024-12-10;3.0;84;f
138;80;2024-S1;2024-06-15;3.9;69;f
139;80;2024-S2;2024-12-10;4.3;61;f
140;81;2024-S1;2024-06-15;4.3;96;f
141;81;2024-S2;2024-12-10;3.9;71;f
142;83;2024-S1;2024-06-15;3.8;52;f
143;83;2024-S2;2024-12-10;3.6;100;f
144;84;2024-S1;2024-06-15;4.9;73;f
145;84;2024-S2;2024-12-10;3.4;86;f
146;85;2024-S1;2024-06-15;3.7;85;f
147;86;2024-S1;2024-06-15;3.3;76;f
148;86;2024-S2;2024-12-10;3.5;71;f
149;87;2024-S1;2024-06-15;3.4;70;f
150;87;2024-S2;2024-12-10;3.9;81;f
151;88;2024-S1;2024-06-15;3.6;92;f
152;88;2024-S2;2024-12-10;3.0;51;f
153;89;2024-S2;2024-12-10;3.4;72;f
154;90;2024-S1;2024-06-15;4.6;69;f
155;90;2024-S2;2024-12-10;3.2;63;f
156;91;2024-S1;2024-06-15;3.7;56;f
157;91;2024-S2;2024-12-10;4.8;39;f
158;92;2024-S1;2024-06-15;3.3;64;f
159;92;2024-S2;2024-12-10;3.2;81;f
160;93;2024-S2;2024-12-10;3.3;80;f
161;96;2024-S1;2024-06-15;4.6;89;t
162;96;2024-S2;2024-12-10;3.2;66;f
163;97;2024-S1;2024-06-15;4.6;89;t
164;97;2024-S2;2024-12-10;4.1;77;f
165;98;2024-S1;2024-06-15;3.3;82;f
166;98;2024-S2;2024-12-10;3.1;50;f
167;99;2024-S1;2024-06-15;3.4;55;f
168;99;2024-S2;2024-12-10;4.0;77;f
169;100;2024-S1;2024-06-15;3.8;80;f
170;100;2024-S2;2024-12-10;4.0;62;f
171;102;2024-S1;2024-06-15;4.0;76;f
172;102;2024-S2;2024-12-10;3.4;66;f
173;103;2024-S1;2024-06-15;4.2;53;f
174;103;2024-S2;2024-12-10;3.9;70;f
175;104;2024-S1;2024-06-15;3.7;68;f
176;105;2024-S1;2024-06-15;3.9;49;f
177;105;2024-S2;2024-12-10;3.8;57;f
178;106;2024-S1;2024-06-15;4.3;53;f
179;106;2024-S2;2024-12-10;2.4;48;f
180;107;2024-S1;2024-06-15;3.7;50;f
181;107;2024-S2;2024-12-10;3.0;62;f
182;108;2024-S1;2024-06-15;4.0;61;f
183;108;2024-S2;2024-12-10;3.6;68;f
184;109;2024-S1;2024-06-15;1.8;50;f
185;110;2024-S1;2024-06-15;4.9;47;f
186;110;2024-S2;2024-12-10;3.2;54;f
187;111;2024-S1;2024-06-15;3.6;51;f
188;111;2024-S2;2024-12-10;4.4;91;f
189;112;2024-S1;2024-06-15;4.1;85;f
190;112;2024-S2;2024-12-10;3.8;87;f
191;113;2024-S1;2024-06-15;3.5;64;f
192;114;2024-S1;2024-06-15;4.1;66;f
193;114;2024-S2;2024-12-10;4.9;86;t
194;115;2024-S1;2024-06-15;3.0;67;f
195;115;2024-S2;2024-12-10;3.5;65;f
196;116;2024-S1;2024-06-15;3.6;73;f
197;116;2024-S2;2024-12-10;4.4;69;f
198;117;2024-S1;2024-06-15;3.2;57;f
199;117;2024-S2;2024-12-10;3.9;83;f
200;118;2024-S1;2024-06-15;3.3;84;f
201;118;2024-S2;2024-12-10;4.9;90;f
202;119;2024-S1;2024-06-15;3.9;45;f
203;119;2024-S2;2024-12-10;3.8;78;f
204;120;2024-S2;2024-12-10;3.9;59;f
205;121;2024-S2;2024-12-10;3.3;82;f
206;122;2024-S1;2024-06-15;3.5;74;f
207;122;2024-S2;2024-12-10;2.5;71;f
208;123;2024-S1;2024-06-15;4.1;76;f
209;123;2024-S2;2024-12-10;3.6;57;f
210;124;2024-S1;2024-06-15;2.7;61;f
211;124;2024-S2;2024-12-10;4.3;71;f
212;125;2024-S1;2024-06-15;4.1;92;f
213;125;2024-S2;2024-12-10;3.8;83;f
214;126;2024-S1;2024-06-15;4.3;52;f
215;126;2024-S2;2024-12-10;3.3;48;f
216;127;2024-S1;2024-06-15;2.7;65;f
217;127;2024-S2;2024-12-10;3.6;45;f
218;129;2024-S1;2024-06-15;4.0;65;f
219;129;2024-S2;2024-12-10;4.5;74;f
220;130;2024-S1;2024-06-15;3.8;69;f
221;130;2024-S2;2024-12-10;3.6;77;f
222;131;2024-S1;2024-06-15;4.2;53;f
223;131;2024-S2;2024-12-10;3.2;76;f
224;133;2024-S1;2024-06-15;3.7;83;f
225;133;2024-S2;2024-12-10;3.3;89;f
226;134;2024-S1;2024-06-15;3.4;67;f
227;134;2024-S2;2024-12-10;4.3;79;f
228;135;2024-S1;2024-06-15;4.8;85;t
229;135;2024-S2;2024-12-10;3.7;91;f
230;136;2024-S1;2024-06-15;3.9;100;f
231;136;2024-S2;2024-12-10;3.1;64;f
232;137;2024-S1;2024-06-15;3.4;74;f
233;137;2024-S2;2024-12-10;3.8;77;f
234;138;2024-S1;2024-06-15;3.8;79;f
235;138;2024-S2;2024-12-10;3.4;78;f
236;139;2024-S1;2024-06-15;5.0;72;f
237;139;2024-S2;2024-12-10;2.9;63;f
238;140;2024-S1;2024-06-15;2.3;32;f
239;141;2024-S2;2024-12-10;3.8;83;f
240;142;2024-S1;2024-06-15;3.0;48;f
241;142;2024-S2;2024-12-10;5.0;58;f
242;143;2024-S1;2024-06-15;4.5;82;t
243;143;2024-S2;2024-12-10;3.2;60;f
244;144;2024-S1;2024-06-15;3.5;63;f
245;144;2024-S2;2024-12-10;2.8;90;f
246;145;2024-S2;2024-12-10;3.8;93;f
247;146;2024-S1;2024-06-15;3.6;51;f
248;146;2024-S2;2024-12-10;4.3;75;f
249;147;2024-S1;2024-06-15;3.6;88;f
250;147;2024-S2;2024-12-10;3.0;85;f
251;148;2024-S1;2024-06-15;4.1;75;f
252;148;2024-S2;2024-12-10;2.9;85;f
253;149;2024-S1;2024-06-15;4.1;75;f
254;149;2024-S2;2024-12-10;3.7;56;f
255;150;2024-S1;2024-06-15;3.1;61;f
256;150;2024-S2;2024-12-10;2.8;50;f
257;151;2024-S1;2024-06-15;3.5;53;f
258;152;2024-S1;2024-06-15;3.6;72;f
259;152;2024-S2;2024-12-10;2.9;83;f
260;153;2024-S1;2024-06-15;3.2;14;f
261;154;2024-S1;2024-06-15;4.4;79;f
262;154;2024-S2;2024-12-10;3.8;92;f
263;155;2024-S1;2024-06-15;3.8;61;f
264;155;2024-S2;2024-12-10;2.9;70;f
265;156;2024-S1;2024-06-15;3.6;48;f
266;156;2024-S2;2024-12-10;3.5;93;f
267;157;2024-S1;2024-06-15;4.0;53;f
268;157;2024-S2;2024-12-10;3.9;81;f
269;158;2024-S1;2024-06-15;4.3;80;f
270;158;2024-S2;2024-12-10;4.3;82;f
271;160;2024-S1;2024-06-15;3.6;76;f
272;160;2024-S2;2024-12-10;3.6;77;f
273;161;2024-S1;2024-06-15;4.1;70;f
274;162;2024-S1;2024-06-15;3.9;65;f
275;162;2024-S2;2024-12-10;3.5;71;f
276;163;2024-S1;2024-06-15;3.4;90;f
277;163;2024-S2;2024-12-10;4.0;82;f
278;164;2024-S1;2024-06-15;4.0;74;f
279;164;2024-S2;2024-12-10;3.0;87;f
280;166;2024-S1;2024-06-15;4.8;81;f
281;166;2024-S2;2024-12-10;3.5;63;f
282;167;2024-S1;2024-06-15;3.8;55;f
283;167;2024-S2;2024-12-10;4.2;69;f
284;168;2024-S1;2024-06-15;3.2;81;f
285;168;2024-S2;2024-12-10;4.0;83;f
286;169;2024-S1;2024-06-15;3.0;82;f
287;169;2024-S2;2024-12-10;4.7;71;f
288;170;2024-S1;2024-06-15;3.6;52;f
289;170;2024-S2;2024-12-10;3.7;57;f
290;171;2024-S1;2024-06-15;4.3;100;f
291;172;2024-S1;2024-06-15;5.0;60;f
292;172;2024-S2;2024-12-10;3.3;80;f
293;173;2024-S1;2024-06-15;3.6;72;f
294;173;2024-S2;2024-12-10;5.0;56;f
295;174;2024-S2;2024-12-10;3.8;77;f
296;175;2024-S1;2024-06-15;4.3;59;f
297;175;2024-S2;2024-12-10;4.5;75;f
298;176;2024-S1;2024-06-15;3.2;69;f
299;176;2024-S2;2024-12-10;4.3;100;f
300;177;2024-S1;2024-06-15;3.5;100;f
301;178;2024-S1;2024-06-15;4.4;64;f
302;178;2024-S2;2024-12-10;4.0;84;f
303;179;2024-S1;2024-06-15;3.6;62;f
304;180;2024-S1;2024-06-15;3.6;66;f
305;180;2024-S2;2024-12-10;3.9;100;f
306;181;2024-S1;2024-06-15;2.9;70;f
307;182;2024-S1;2024-06-15;4.0;100;f
308;182;2024-S2;2024-12-10;3.3;43;f
309;183;2024-S1;2024-06-15;3.9;77;f
310;183;2024-S2;2024-12-10;4.6;98;t
311;184;2024-S1;2024-06-15;3.4;53;f
312;184;2024-S2;2024-12-10;4.3;73;f
313;185;2024-S1;2024-06-15;4.9;58;f
314;185;2024-S2;2024-12-10;3.8;89;f
315;186;2024-S1;2024-06-15;3.2;89;f
316;186;2024-S2;2024-12-10;3.9;57;f
317;187;2024-S1;2024-06-15;4.4;69;f
318;187;2024-S2;2024-12-10;4.4;62;f
319;189;2024-S2;2024-12-10;2.9;65;f
320;190;2024-S1;2024-06-15;3.6;74;f
321;190;2024-S2;2024-12-10;4.0;99;f
322;194;2024-S1;2024-06-15;3.6;96;f
323;194;2024-S2;2024-12-10;4.3;70;f
324;195;2024-S1;2024-06-15;3.9;77;f
325;195;2024-S2;2024-12-10;4.3;88;f
326;196;2024-S1;2024-06-15;2.9;85;f
327;196;2024-S2;2024-12-10;3.9;77;f
328;197;2024-S1;2024-06-15;3.6;81;f
329;197;2024-S2;2024-12-10;4.2;73;f
330;198;2024-S1;2024-06-15;4.3;63;f
331;198;2024-S2;2024-12-10;3.7;77;f
332;199;2024-S1;2024-06-15;3.5;67;f
333;199;2024-S2;2024-12-10;3.2;78;f
334;200;2024-S1;2024-06-15;4.8;80;f
335;200;2024-S2;2024-12-10;4.1;71;f
336;201;2024-S1;2024-06-15;2.8;70;f
337;201;2024-S2;2024-12-10;4.6;86;t
338;202;2024-S1;2024-06-15;3.4;94;f
339;202;2024-S2;2024-12-10;4.3;65;f
340;203;2024-S1;2024-06-15;3.8;58;f
341;203;2024-S2;2024-12-10;4.2;58;f
342;204;2024-S1;2024-06-15;4.0;98;f
343;204;2024-S2;2024-12-10;3.4;78;f
344;206;2024-S1;2024-06-15;2.9;73;f
345;206;2024-S2;2024-12-10;3.2;76;f
346;207;2024-S1;2024-06-15;3.5;59;f
347;207;2024-S2;2024-12-10;3.7;36;f
348;208;2024-S1;2024-06-15;3.2;100;f
349;208;2024-S2;2024-12-10;3.6;66;f
350;209;2024-S1;2024-06-15;4.0;88;f
351;209;2024-S2;2024-12-10;4.7;72;f
352;210;2024-S1;2024-06-15;3.7;79;f
353;210;2024-S2;2024-12-10;3.8;71;f
354;211;2024-S1;2024-06-15;4.1;81;f
355;211;2024-S2;2024-12-10;3.8;100;f
356;212;2024-S1;2024-06-15;4.8;81;t
357;212;2024-S2;2024-12-10;3.8;73;f
358;213;2024-S1;2024-06-15;2.6;88;f
359;213;2024-S2;2024-12-10;3.2;79;f
360;214;2024-S1;2024-06-15;3.7;74;f
361;214;2024-S2;2024-12-10;3.7;61;f
362;215;2024-S1;2024-06-15;3.2;85;f
363;215;2024-S2;2024-12-10;3.7;62;f
364;216;2024-S1;2024-06-15;3.4;81;f
365;216;2024-S2;2024-12-10;3.3;94;f
366;217;2024-S1;2024-06-15;3.6;67;f
367;217;2024-S2;2024-12-10;4.0;68;f
368;218;2024-S1;2024-06-15;3.9;71;f
369;218;2024-S2;2024-12-10;2.7;57;f
370;219;2024-S1;2024-06-15;3.9;65;f
371;219;2024-S2;2024-12-10;4.8;60;f
372;220;2024-S1;2024-06-15;3.0;72;f
373;220;2024-S2;2024-12-10;3.8;84;f
374;221;2024-S1;2024-06-15;2.3;93;f
375;221;2024-S2;2024-12-10;3.0;87;f
376;222;2024-S1;2024-06-15;4.8;82;t
377;222;2024-S2;2024-12-10;3.7;55;f
378;223;2024-S1;2024-06-15;3.7;82;f
379;224;2024-S1;2024-06-15;3.8;70;f
380;224;2024-S2;2024-12-10;3.4;54;f
381;225;2024-S1;2024-06-15;2.7;60;f
382;225;2024-S2;2024-12-10;4.4;66;f
383;226;2024-S1;2024-06-15;3.6;50;f
384;226;2024-S2;2024-12-10;3.7;66;f
385;227;2024-S1;2024-06-15;3.5;63;f
386;227;2024-S2;2024-12-10;3.4;68;f
387;228;2024-S1;2024-06-15;3.7;40;f
388;228;2024-S2;2024-12-10;2.8;64;f
389;229;2024-S1;2024-06-15;4.2;52;f
390;229;2024-S2;2024-12-10;4.0;95;f
391;230;2024-S1;2024-06-15;3.6;65;f
392;230;2024-S2;2024-12-10;4.0;73;f
393;231;2024-S1;2024-06-15;3.4;75;f
394;231;2024-S2;2024-12-10;3.3;91;f
395;232;2024-S1;2024-06-15;3.6;77;f
396;232;2024-S2;2024-12-10;4.6;69;f
397;233;2024-S1;2024-06-15;3.3;63;f
398;234;2024-S1;2024-06-15;3.7;69;f
399;234;2024-S2;2024-12-10;3.6;76;f
400;235;2024-S1;2024-06-15;3.8;65;f
401;235;2024-S2;2024-12-10;3.7;62;f
402;236;2024-S1;2024-06-15;3.4;39;f
403;237;2024-S1;2024-06-15;3.2;83;f
404;237;2024-S2;2024-12-10;4.0;82;f
405;238;2024-S1;2024-06-15;3.9;65;f
406;238;2024-S2;2024-12-10;3.0;67;f
407;239;2024-S1;2024-06-15;2.0;87;f
408;239;2024-S2;2024-12-10;3.8;83;f
409;240;2024-S1;2024-06-15;3.4;49;f
410;240;2024-S2;2024-12-10;3.8;74;f
411;241;2024-S1;2024-06-15;3.6;75;f
412;241;2024-S2;2024-12-10;3.4;74;f
413;242;2024-S1;2024-06-15;4.0;95;f
414;242;2024-S2;2024-12-10;4.1;54;f
415;243;2024-S1;2024-06-15;3.5;60;f
416;243;2024-S2;2024-12-10;4.5;65;f
417;244;2024-S1;2024-06-15;3.6;70;f
418;244;2024-S2;2024-12-10;3.9;55;f
419;245;2024-S1;2024-06-15;3.7;85;f
420;245;2024-S2;2024-12-10;3.5;97;f
421;246;2024-S1;2024-06-15;3.2;64;f
422;247;2024-S2;2024-12-10;4.1;72;f
423;248;2024-S1;2024-06-15;3.6;56;f
424;248;2024-S2;2024-12-10;3.4;97;f
425;249;2024-S1;2024-06-15;3.9;80;f
426;249;2024-S2;2024-12-10;3.4;74;f
427;251;2024-S2;2024-12-10;3.5;54;f
428;252;2024-S1;2024-06-15;3.3;64;f
429;252;2024-S2;2024-12-10;4.9;98;f
430;255;2024-S1;2024-06-15;3.7;66;f
431;255;2024-S2;2024-12-10;4.1;46;f
432;256;2024-S1;2024-06-15;4.7;70;f
433;256;2024-S2;2024-12-10;3.0;35;f
434;257;2024-S1;2024-06-15;3.6;75;f
435;257;2024-S2;2024-12-10;3.9;51;f
436;258;2024-S1;2024-06-15;3.0;90;f
437;258;2024-S2;2024-12-10;2.8;73;f
438;259;2024-S1;2024-06-15;3.5;64;f
439;259;2024-S2;2024-12-10;3.5;64;f
440;260;2024-S2;2024-12-10;3.4;85;f
441;261;2024-S1;2024-06-15;3.5;54;f
442;261;2024-S2;2024-12-10;3.7;57;f
443;262;2024-S1;2024-06-15;3.1;92;f
444;262;2024-S2;2024-12-10;3.6;54;f
445;263;2024-S1;2024-06-15;3.6;72;f
446;263;2024-S2;2024-12-10;3.6;65;f
447;264;2024-S1;2024-06-15;2.9;66;f
448;264;2024-S2;2024-12-10;3.3;70;f
449;265;2024-S2;2024-12-10;3.9;96;f
450;266;2024-S1;2024-06-15;4.1;33;f
451;266;2024-S2;2024-12-10;3.8;93;f
452;267;2024-S1;2024-06-15;3.6;93;f
453;267;2024-S2;2024-12-10;3.1;59;f
454;269;2024-S1;2024-06-15;3.6;69;f
455;269;2024-S2;2024-12-10;4.2;72;f
456;270;2024-S1;2024-06-15;3.6;100;f
457;270;2024-S2;2024-12-10;3.3;90;f
458;271;2024-S2;2024-12-10;3.9;66;f
459;272;2024-S1;2024-06-15;3.8;60;f
460;272;2024-S2;2024-12-10;3.7;71;f
461;273;2024-S1;2024-06-15;4.0;70;f
462;275;2024-S1;2024-06-15;4.6;59;f
463;275;2024-S2;2024-12-10;3.3;75;f
464;276;2024-S1;2024-06-15;3.3;81;f
465;276;2024-S2;2024-12-10;4.4;64;f
466;277;2024-S2;2024-12-10;3.7;81;f
467;278;2024-S1;2024-06-15;4.2;100;f
468;278;2024-S2;2024-12-10;3.0;92;f
469;279;2024-S1;2024-06-15;3.3;63;f
470;279;2024-S2;2024-12-10;3.8;72;f
471;280;2024-S1;2024-06-15;4.4;51;f
472;280;2024-S2;2024-12-10;2.1;99;f
473;281;2024-S1;2024-06-15;2.9;86;f
474;281;2024-S2;2024-12-10;4.5;87;f
475;282;2024-S1;2024-06-15;3.2;88;f
476;282;2024-S2;2024-12-10;3.1;70;f
477;283;2024-S1;2024-06-15;3.8;48;f
478;283;2024-S2;2024-12-10;3.8;59;f
479;285;2024-S1;2024-06-15;3.5;70;f
480;285;2024-S2;2024-12-10;2.8;64;f
481;286;2024-S1;2024-06-15;3.6;66;f
482;286;2024-S2;2024-12-10;3.2;53;f
483;287;2024-S1;2024-06-15;3.1;44;f
484;287;2024-S2;2024-12-10;3.2;89;f
485;288;2024-S1;2024-06-15;2.9;84;f
486;288;2024-S2;2024-12-10;3.0;79;f
487;289;2024-S1;2024-06-15;5.0;80;t
488;289;2024-S2;2024-12-10;3.9;82;f
489;290;2024-S1;2024-06-15;3.2;85;f
490;290;2024-S2;2024-12-10;4.6;75;f
491;292;2024-S1;2024-06-15;2.7;44;f
492;292;2024-S2;2024-12-10;3.8;63;f
493;293;2024-S1;2024-06-15;3.2;69;f
494;293;2024-S2;2024-12-10;3.5;69;f
495;294;2024-S1;2024-06-15;3.2;99;f
496;294;2024-S2;2024-12-10;3.1;68;f
497;295;2024-S1;2024-06-15;2.6;55;f
498;295;2024-S2;2024-12-10;3.0;64;f
499;296;2024-S1;2024-06-15;3.6;66;f
500;296;2024-S2;2024-12-10;3.4;74;f
501;297;2024-S1;2024-06-15;3.9;38;f
502;297;2024-S2;2024-12-10;4.3;75;f
503;298;2024-S1;2024-06-15;2.6;84;f
504;298;2024-S2;2024-12-10;4.3;44;f
505;299;2024-S1;2024-06-15;3.5;75;f
506;299;2024-S2;2024-12-10;4.3;78;f
507;300;2024-S1;2024-06-15;3.4;56;f
508;300;2024-S2;2024-12-10;2.9;59;f
509;302;2024-S1;2024-06-15;4.0;84;f
510;302;2024-S2;2024-12-10;3.5;87;f
511;303;2024-S1;2024-06-15;3.9;100;f
512;303;2024-S2;2024-12-10;2.7;68;f
513;304;2024-S1;2024-06-15;3.8;97;f
514;304;2024-S2;2024-12-10;2.9;58;f
515;305;2024-S2;2024-12-10;3.7;54;f
516;306;2024-S1;2024-06-15;3.6;49;f
517;306;2024-S2;2024-12-10;4.4;95;f
518;307;2024-S1;2024-06-15;4.6;74;f
519;307;2024-S2;2024-12-10;3.8;71;f
520;308;2024-S1;2024-06-15;4.2;89;f
521;308;2024-S2;2024-12-10;4.1;75;f
522;309;2024-S1;2024-06-15;4.1;71;f
523;309;2024-S2;2024-12-10;3.0;63;f
524;310;2024-S1;2024-06-15;3.8;59;f
525;310;2024-S2;2024-12-10;3.2;80;f
526;311;2024-S1;2024-06-15;4.1;76;f
527;311;2024-S2;2024-12-10;3.4;67;f
528;312;2024-S1;2024-06-15;4.1;59;f
529;312;2024-S2;2024-12-10;2.9;79;f
530;314;2024-S1;2024-06-15;3.6;90;f
531;314;2024-S2;2024-12-10;3.1;87;f
532;315;2024-S1;2024-06-15;3.4;82;f
533;315;2024-S2;2024-12-10;3.0;49;f
534;316;2024-S1;2024-06-15;3.9;68;f
535;316;2024-S2;2024-12-10;3.8;58;f
536;317;2024-S1;2024-06-15;3.9;89;f
537;317;2024-S2;2024-12-10;4.3;62;f
538;318;2024-S1;2024-06-15;3.0;71;f
539;318;2024-S2;2024-12-10;4.2;48;f
540;319;2024-S1;2024-06-15;4.0;100;f
541;319;2024-S2;2024-12-10;4.1;50;f
542;320;2024-S1;2024-06-15;3.1;62;f
543;320;2024-S2;2024-12-10;3.6;76;f
544;321;2024-S1;2024-06-15;4.1;67;f
545;321;2024-S2;2024-12-10;3.8;56;f
546;322;2024-S1;2024-06-15;3.3;84;f
547;322;2024-S2;2024-12-10;3.9;80;f
548;323;2024-S1;2024-06-15;3.1;71;f
549;323;2024-S2;2024-12-10;3.7;76;f
550;324;2024-S1;2024-06-15;4.3;72;f
551;324;2024-S2;2024-12-10;4.6;44;f
552;325;2024-S1;2024-06-15;3.5;86;f
553;325;2024-S2;2024-12-10;3.3;83;f
554;326;2024-S2;2024-12-10;2.7;71;f
555;327;2024-S1;2024-06-15;3.6;70;f
556;327;2024-S2;2024-12-10;4.7;66;f
557;328;2024-S1;2024-06-15;4.3;76;f
558;328;2024-S2;2024-12-10;4.3;67;f
559;329;2024-S1;2024-06-15;3.6;66;f
560;329;2024-S2;2024-12-10;2.6;68;f
561;330;2024-S1;2024-06-15;5.0;61;f
562;330;2024-S2;2024-12-10;3.8;88;f
563;331;2024-S1;2024-06-15;4.0;70;f
564;331;2024-S2;2024-12-10;3.2;92;f
565;332;2024-S1;2024-06-15;4.3;91;f
566;332;2024-S2;2024-12-10;4.4;52;f
567;333;2024-S1;2024-06-15;3.5;76;f
568;333;2024-S2;2024-12-10;3.2;63;f
569;334;2024-S2;2024-12-10;4.1;80;f
570;335;2024-S1;2024-06-15;4.7;61;f
571;335;2024-S2;2024-12-10;3.2;100;f
572;336;2024-S1;2024-06-15;3.6;45;f
573;336;2024-S2;2024-12-10;3.9;56;f
574;337;2024-S1;2024-06-15;3.5;52;f
575;337;2024-S2;2024-12-10;4.3;77;f
576;339;2024-S1;2024-06-15;3.0;74;f
577;339;2024-S2;2024-12-10;4.1;69;f
578;340;2024-S1;2024-06-15;4.6;86;t
579;340;2024-S2;2024-12-10;3.6;62;f
580;342;2024-S1;2024-06-15;2.9;62;f
581;342;2024-S2;2024-12-10;3.4;55;f
582;343;2024-S1;2024-06-15;4.0;74;f
583;343;2024-S2;2024-12-10;4.2;82;f
584;344;2024-S1;2024-06-15;3.3;67;f
585;344;2024-S2;2024-12-10;3.3;49;f
586;345;2024-S1;2024-06-15;3.9;74;f
587;345;2024-S2;2024-12-10;3.4;83;f
588;346;2024-S1;2024-06-15;3.5;89;f
589;346;2024-S2;2024-12-10;3.6;53;f
590;347;2024-S1;2024-06-15;4.5;77;f
591;347;2024-S2;2024-12-10;3.2;66;f
592;348;2024-S1;2024-06-15;3.2;85;f
593;348;2024-S2;2024-12-10;2.6;75;f
594;349;2024-S2;2024-12-10;2.8;45;f
595;350;2024-S1;2024-06-15;3.9;55;f
596;350;2024-S2;2024-12-10;4.1;85;f
597;351;2024-S1;2024-06-15;3.5;78;f
598;351;2024-S2;2024-12-10;4.5;58;f
599;352;2024-S1;2024-06-15;4.2;61;f
600;352;2024-S2;2024-12-10;3.7;63;f
601;353;2024-S1;2024-06-15;3.4;66;f
602;353;2024-S2;2024-12-10;3.4;70;f
603;354;2024-S1;2024-06-15;4.3;52;f
604;354;2024-S2;2024-12-10;3.9;56;f
605;357;2024-S1;2024-06-15;3.1;46;f
606;358;2024-S1;2024-06-15;4.3;68;f
607;358;2024-S2;2024-12-10;3.2;73;f
608;359;2024-S1;2024-06-15;3.5;87;f
609;359;2024-S2;2024-12-10;3.1;70;f
610;360;2024-S1;2024-06-15;4.2;57;f
611;360;2024-S2;2024-12-10;3.4;54;f
612;361;2024-S1;2024-06-15;2.1;23;f
613;362;2024-S1;2024-06-15;3.1;53;f
614;362;2024-S2;2024-12-10;3.3;85;f
615;363;2024-S1;2024-06-15;3.9;90;f
616;363;2024-S2;2024-12-10;3.5;59;f
617;365;2024-S1;2024-06-15;3.6;63;f
618;365;2024-S2;2024-12-10;3.9;50;f
619;366;2024-S1;2024-06-15;3.7;93;f
620;366;2024-S2;2024-12-10;3.2;65;f
621;367;2024-S1;2024-06-15;2.8;87;f
622;367;2024-S2;2024-12-10;3.6;64;f
623;368;2024-S1;2024-06-15;3.7;71;f
624;368;2024-S2;2024-12-10;3.3;52;f
625;369;2024-S1;2024-06-15;3.8;72;f
626;369;2024-S2;2024-12-10;3.5;67;f
627;370;2024-S1;2024-06-15;4.3;76;f
628;370;2024-S2;2024-12-10;3.0;90;f
629;371;2024-S1;2024-06-15;4.1;80;f
630;371;2024-S2;2024-12-10;3.3;83;f
631;372;2024-S1;2024-06-15;3.8;55;f
632;372;2024-S2;2024-12-10;3.9;85;f
633;373;2024-S1;2024-06-15;2.9;19;f
634;375;2024-S1;2024-06-15;3.9;66;f
635;375;2024-S2;2024-12-10;2.7;81;f
636;376;2024-S1;2024-06-15;4.1;71;f
637;376;2024-S2;2024-12-10;3.1;91;f
638;377;2024-S1;2024-06-15;4.0;80;f
639;377;2024-S2;2024-12-10;4.2;88;f
640;379;2024-S1;2024-06-15;3.9;56;f
641;379;2024-S2;2024-12-10;3.3;64;f
642;380;2024-S1;2024-06-15;4.4;75;f
643;380;2024-S2;2024-12-10;3.3;69;f
644;381;2024-S1;2024-06-15;4.4;80;f
645;381;2024-S2;2024-12-10;4.3;56;f
646;382;2024-S1;2024-06-15;3.6;63;f
647;382;2024-S2;2024-12-10;4.5;70;f
648;384;2024-S1;2024-06-15;3.4;43;f
649;384;2024-S2;2024-12-10;4.5;92;t
650;385;2024-S2;2024-12-10;4.4;55;f
651;386;2024-S1;2024-06-15;3.6;75;f
652;386;2024-S2;2024-12-10;4.4;55;f
653;387;2024-S1;2024-06-15;4.1;81;f
654;387;2024-S2;2024-12-10;3.5;100;f
655;388;2024-S1;2024-06-15;3.2;77;f
656;388;2024-S2;2024-12-10;3.8;77;f
657;389;2024-S1;2024-06-15;4.3;53;f
658;389;2024-S2;2024-12-10;3.8;99;f
659;390;2024-S2;2024-12-10;4.1;62;f
660;391;2024-S1;2024-06-15;3.3;79;f
661;391;2024-S2;2024-12-10;3.4;70;f
662;392;2024-S1;2024-06-15;3.3;100;f
663;392;2024-S2;2024-12-10;3.9;72;f
664;393;2024-S1;2024-06-15;2.8;60;f
665;393;2024-S2;2024-12-10;3.7;71;f
666;394;2024-S1;2024-06-15;4.6;73;f
667;394;2024-S2;2024-12-10;4.3;74;f
668;395;2024-S1;2024-06-15;4.2;48;f
669;395;2024-S2;2024-12-10;3.0;84;f
670;396;2024-S1;2024-06-15;4.5;48;f
671;397;2024-S2;2024-12-10;3.7;51;f
672;398;2024-S2;2024-12-10;3.3;45;f
673;399;2024-S1;2024-06-15;3.6;69;f
674;399;2024-S2;2024-12-10;3.6;67;f
675;400;2024-S1;2024-06-15;4.0;96;f
676;400;2024-S2;2024-12-10;3.0;60;f
677;401;2024-S1;2024-06-15;3.8;68;f
678;401;2024-S2;2024-12-10;3.5;53;f
679;402;2024-S1;2024-06-15;3.4;65;f
680;402;2024-S2;2024-12-10;3.8;59;f
681;403;2024-S1;2024-06-15;4.2;54;f
682;403;2024-S2;2024-12-10;4.6;60;f
683;404;2024-S1;2024-06-15;4.5;61;f
684;404;2024-S2;2024-12-10;4.2;66;f
685;405;2024-S1;2024-06-15;2.6;53;f
686;406;2024-S1;2024-06-15;3.5;45;f
687;406;2024-S2;2024-12-10;3.4;64;f
688;407;2024-S1;2024-06-15;4.7;71;f
689;407;2024-S2;2024-12-10;3.8;70;f
690;408;2024-S1;2024-06-15;3.8;54;f
691;408;2024-S2;2024-12-10;3.3;81;f
692;409;2024-S1;2024-06-15;3.6;70;f
693;409;2024-S2;2024-12-10;3.7;81;f
694;410;2024-S1;2024-06-15;3.3;73;f
695;410;2024-S2;2024-12-10;2.5;49;f
696;411;2024-S2;2024-12-10;3.6;56;f
697;412;2024-S1;2024-06-15;4.2;57;f
698;412;2024-S2;2024-12-10;3.6;83;f
699;413;2024-S1;2024-06-15;4.0;64;f
700;413;2024-S2;2024-12-10;3.5;78;f
701;414;2024-S1;2024-06-15;4.1;92;f
702;414;2024-S2;2024-12-10;4.1;81;f
703;415;2024-S1;2024-06-15;3.9;73;f
704;416;2024-S1;2024-06-15;3.5;78;f
705;416;2024-S2;2024-12-10;3.6;81;f
706;417;2024-S1;2024-06-15;4.1;78;f
707;417;2024-S2;2024-12-10;3.4;70;f
708;418;2024-S1;2024-06-15;4.3;48;f
709;418;2024-S2;2024-12-10;3.8;82;f
710;419;2024-S1;2024-06-15;3.9;100;f
711;420;2024-S1;2024-06-15;2.8;55;f
712;420;2024-S2;2024-12-10;3.8;85;f
713;421;2024-S1;2024-06-15;3.7;90;f
714;421;2024-S2;2024-12-10;3.4;68;f
715;422;2024-S1;2024-06-15;4.1;67;f
716;422;2024-S2;2024-12-10;4.2;81;f
717;423;2024-S1;2024-06-15;3.5;76;f
718;423;2024-S2;2024-12-10;3.4;59;f
719;424;2024-S1;2024-06-15;3.5;69;f
720;424;2024-S2;2024-12-10;3.8;70;f
721;425;2024-S1;2024-06-15;2.7;85;f
722;425;2024-S2;2024-12-10;2.8;74;f
723;426;2024-S1;2024-06-15;3.3;74;f
724;426;2024-S2;2024-12-10;3.6;76;f
725;427;2024-S1;2024-06-15;4.0;86;f
726;427;2024-S2;2024-12-10;4.1;72;f
727;428;2024-S2;2024-12-10;4.2;64;f
728;429;2024-S1;2024-06-15;4.6;63;f
729;429;2024-S2;2024-12-10;3.4;46;f
730;430;2024-S1;2024-06-15;2.2;41;f
731;431;2024-S1;2024-06-15;3.6;95;f
732;431;2024-S2;2024-12-10;4.0;85;f
733;432;2024-S1;2024-06-15;3.7;62;f
734;432;2024-S2;2024-12-10;4.9;70;f
735;433;2024-S1;2024-06-15;4.1;58;f
736;433;2024-S2;2024-12-10;3.1;92;f
737;434;2024-S1;2024-06-15;3.9;68;f
738;434;2024-S2;2024-12-10;3.6;57;f
739;435;2024-S1;2024-06-15;3.4;77;f
740;435;2024-S2;2024-12-10;3.7;82;f
741;438;2024-S1;2024-06-15;2.2;74;f
742;438;2024-S2;2024-12-10;4.1;41;f
743;439;2024-S1;2024-06-15;3.1;51;f
744;439;2024-S2;2024-12-10;4.4;73;f
745;440;2024-S1;2024-06-15;3.8;87;f
746;440;2024-S2;2024-12-10;3.6;62;f
747;442;2024-S1;2024-06-15;3.8;78;f
748;442;2024-S2;2024-12-10;3.1;93;f
749;443;2024-S1;2024-06-15;2.7;76;f
750;443;2024-S2;2024-12-10;4.6;73;f
751;444;2024-S1;2024-06-15;2.6;92;f
752;444;2024-S2;2024-12-10;3.4;82;f
753;445;2024-S1;2024-06-15;3.9;71;f
754;445;2024-S2;2024-12-10;2.6;77;f
755;446;2024-S1;2024-06-15;4.1;49;f
756;447;2024-S1;2024-06-15;3.5;39;f
757;448;2024-S1;2024-06-15;4.7;81;f
758;448;2024-S2;2024-12-10;4.6;85;f
759;449;2024-S1;2024-06-15;3.2;63;f
760;449;2024-S2;2024-12-10;4.6;59;f
761;450;2024-S2;2024-12-10;3.7;62;f
762;451;2024-S1;2024-06-15;4.1;37;f
763;451;2024-S2;2024-12-10;4.1;88;f
764;452;2024-S1;2024-06-15;4.1;60;f
765;452;2024-S2;2024-12-10;1.8;62;f
766;453;2024-S1;2024-06-15;4.1;71;f
767;453;2024-S2;2024-12-10;4.2;68;f
768;454;2024-S1;2024-06-15;3.6;94;f
769;454;2024-S2;2024-12-10;3.3;81;f
770;455;2024-S1;2024-06-15;4.1;100;f
771;455;2024-S2;2024-12-10;4.6;79;f
772;456;2024-S1;2024-06-15;4.1;89;f
773;456;2024-S2;2024-12-10;3.3;96;f
774;458;2024-S1;2024-06-15;3.7;81;f
775;458;2024-S2;2024-12-10;3.9;61;f
776;459;2024-S1;2024-06-15;3.5;60;f
777;459;2024-S2;2024-12-10;3.8;50;f
778;460;2024-S1;2024-06-15;3.2;65;f
779;460;2024-S2;2024-12-10;3.6;92;f
780;462;2024-S1;2024-06-15;4.2;70;f
781;462;2024-S2;2024-12-10;4.7;76;f
782;463;2024-S1;2024-06-15;4.1;45;f
783;463;2024-S2;2024-12-10;3.2;86;f
784;464;2024-S1;2024-06-15;4.1;97;f
785;464;2024-S2;2024-12-10;4.6;64;f
786;465;2024-S1;2024-06-15;4.3;58;f
787;465;2024-S2;2024-12-10;2.8;76;f
788;467;2024-S1;2024-06-15;4.1;76;f
789;467;2024-S2;2024-12-10;4.2;63;f
790;468;2024-S1;2024-06-15;4.3;64;f
791;468;2024-S2;2024-12-10;5.0;83;f
792;470;2024-S1;2024-06-15;3.6;64;f
793;470;2024-S2;2024-12-10;3.1;96;f
794;471;2024-S1;2024-06-15;3.7;68;f
795;471;2024-S2;2024-12-10;3.6;71;f
796;472;2024-S1;2024-06-15;3.4;63;f
797;472;2024-S2;2024-12-10;2.9;72;f
798;473;2024-S1;2024-06-15;4.4;61;f
799;473;2024-S2;2024-12-10;4.0;80;f
800;474;2024-S1;2024-06-15;3.9;98;f
801;474;2024-S2;2024-12-10;4.0;72;f
802;475;2024-S1;2024-06-15;3.9;83;f
803;475;2024-S2;2024-12-10;4.7;68;f
804;476;2024-S1;2024-06-15;3.8;100;f
805;476;2024-S2;2024-12-10;3.7;70;f
806;477;2024-S1;2024-06-15;3.2;73;f
807;477;2024-S2;2024-12-10;3.7;77;f
808;478;2024-S1;2024-06-15;3.8;44;f
809;478;2024-S2;2024-12-10;3.0;69;f
810;479;2024-S1;2024-06-15;3.5;57;f
811;479;2024-S2;2024-12-10;2.7;94;f
812;480;2024-S1;2024-06-15;4.6;82;f
813;480;2024-S2;2024-12-10;4.6;61;f
814;481;2024-S1;2024-06-15;3.7;55;f
815;481;2024-S2;2024-12-10;3.7;70;f
816;482;2024-S1;2024-06-15;4.6;79;f
817;482;2024-S2;2024-12-10;3.7;71;f
818;483;2024-S1;2024-06-15;3.4;68;f
819;483;2024-S2;2024-12-10;3.7;99;f
820;484;2024-S1;2024-06-15;3.9;57;f
821;484;2024-S2;2024-12-10;5.0;86;f
822;485;2024-S1;2024-06-15;3.5;88;f
823;485;2024-S2;2024-12-10;3.9;83;f
824;486;2024-S1;2024-06-15;3.8;84;f
825;486;2024-S2;2024-12-10;3.9;52;f
826;487;2024-S1;2024-06-15;3.5;68;f
827;487;2024-S2;2024-12-10;3.9;74;f
828;488;2024-S1;2024-06-15;3.3;50;f
829;489;2024-S1;2024-06-15;4.0;57;f
830;489;2024-S2;2024-12-10;3.8;68;f
831;490;2024-S1;2024-06-15;2.6;53;f
832;491;2024-S1;2024-06-15;4.1;81;f
833;491;2024-S2;2024-12-10;3.4;64;f
834;492;2024-S2;2024-12-10;3.1;85;f
835;493;2024-S1;2024-06-15;3.3;64;f
836;494;2024-S1;2024-06-15;4.3;85;f
837;494;2024-S2;2024-12-10;3.6;72;f
838;495;2024-S2;2024-12-10;4.0;66;f
839;496;2024-S1;2024-06-15;3.6;69;f
840;496;2024-S2;2024-12-10;4.1;91;f
841;497;2024-S1;2024-06-15;4.3;86;f
842;497;2024-S2;2024-12-10;3.1;90;f
843;498;2024-S1;2024-06-15;3.3;47;f
844;499;2024-S1;2024-06-15;3.2;70;f
845;499;2024-S2;2024-12-10;2.6;81;f
846;500;2024-S1;2024-06-15;4.2;66;f
847;500;2024-S2;2024-12-10;3.1;84;f
848;501;2024-S1;2024-06-15;3.2;49;f
849;501;2024-S2;2024-12-10;3.7;72;f
850;502;2024-S1;2024-06-15;3.9;82;f
851;502;2024-S2;2024-12-10;4.2;54;f
852;503;2024-S1;2024-06-15;2.6;78;f
853;503;2024-S2;2024-12-10;3.7;65;f
854;504;2024-S1;2024-06-15;3.6;60;f
855;504;2024-S2;2024-12-10;4.6;43;f
856;505;2024-S1;2024-06-15;3.9;54;f
857;505;2024-S2;2024-12-10;3.3;65;f
858;506;2024-S1;2024-06-15;3.2;68;f
859;506;2024-S2;2024-12-10;2.3;50;f
860;507;2024-S1;2024-06-15;2.7;54;f
861;507;2024-S2;2024-12-10;3.3;71;f
862;508;2024-S1;2024-06-15;3.3;59;f
863;508;2024-S2;2024-12-10;3.4;62;f
864;509;2024-S1;2024-06-15;3.5;67;f
865;509;2024-S2;2024-12-10;3.3;49;f
866;510;2024-S1;2024-06-15;3.7;83;f
867;511;2024-S1;2024-06-15;3.1;70;f
868;511;2024-S2;2024-12-10;3.5;80;f
869;512;2024-S1;2024-06-15;3.2;68;f
870;512;2024-S2;2024-12-10;3.6;75;f
871;513;2024-S1;2024-06-15;3.1;76;f
872;513;2024-S2;2024-12-10;3.4;79;f
873;514;2024-S1;2024-06-15;3.5;89;f
874;514;2024-S2;2024-12-10;2.8;79;f
875;515;2024-S1;2024-06-15;3.9;78;f
876;515;2024-S2;2024-12-10;4.3;46;f
877;516;2024-S1;2024-06-15;4.9;79;f
878;516;2024-S2;2024-12-10;4.8;98;f
879;517;2024-S1;2024-06-15;3.6;83;f
880;517;2024-S2;2024-12-10;4.2;73;f
881;518;2024-S1;2024-06-15;2.4;50;f
882;518;2024-S2;2024-12-10;4.0;76;f
883;519;2024-S1;2024-06-15;3.4;75;f
884;519;2024-S2;2024-12-10;2.9;69;f
885;520;2024-S1;2024-06-15;3.5;44;f
886;520;2024-S2;2024-12-10;3.7;50;f
887;522;2024-S1;2024-06-15;4.2;76;f
888;522;2024-S2;2024-12-10;3.3;57;f
889;523;2024-S1;2024-06-15;2.9;65;f
890;523;2024-S2;2024-12-10;4.1;67;f
891;524;2024-S1;2024-06-15;3.6;56;f
892;524;2024-S2;2024-12-10;3.4;68;f
893;525;2024-S2;2024-12-10;3.8;69;f
894;526;2024-S1;2024-06-15;3.9;81;f
895;526;2024-S2;2024-12-10;4.5;75;f
896;527;2024-S1;2024-06-15;3.9;64;f
897;528;2024-S1;2024-06-15;4.5;65;f
898;528;2024-S2;2024-12-10;4.0;65;f
899;529;2024-S1;2024-06-15;3.6;72;f
900;529;2024-S2;2024-12-10;2.6;74;f
901;530;2024-S1;2024-06-15;3.7;62;f
902;530;2024-S2;2024-12-10;3.1;63;f
903;531;2024-S1;2024-06-15;3.1;64;f
904;531;2024-S2;2024-12-10;3.3;67;f
905;532;2024-S1;2024-06-15;4.1;59;f
906;532;2024-S2;2024-12-10;3.4;73;f
907;534;2024-S1;2024-06-15;3.2;82;f
908;534;2024-S2;2024-12-10;3.2;73;f
909;535;2024-S1;2024-06-15;4.3;58;f
910;535;2024-S2;2024-12-10;3.3;65;f
911;536;2024-S1;2024-06-15;3.7;70;f
912;536;2024-S2;2024-12-10;3.7;79;f
913;537;2024-S1;2024-06-15;3.6;51;f
914;537;2024-S2;2024-12-10;4.4;78;f
915;538;2024-S1;2024-06-15;3.0;69;f
916;538;2024-S2;2024-12-10;4.1;59;f
917;539;2024-S1;2024-06-15;4.2;58;f
918;539;2024-S2;2024-12-10;3.9;36;f
919;540;2024-S1;2024-06-15;4.2;45;f
920;540;2024-S2;2024-12-10;4.4;55;f
921;541;2024-S1;2024-06-15;4.7;73;f
922;541;2024-S2;2024-12-10;4.3;69;f
923;542;2024-S1;2024-06-15;2.9;58;f
924;542;2024-S2;2024-12-10;4.0;100;f
925;543;2024-S1;2024-06-15;4.5;73;f
926;543;2024-S2;2024-12-10;4.2;75;f
927;544;2024-S1;2024-06-15;3.6;72;f
928;544;2024-S2;2024-12-10;3.4;72;f
929;545;2024-S1;2024-06-15;3.9;71;f
930;545;2024-S2;2024-12-10;3.4;64;f
931;546;2024-S1;2024-06-15;3.5;73;f
932;546;2024-S2;2024-12-10;3.4;79;f
933;547;2024-S1;2024-06-15;2.8;74;f
934;547;2024-S2;2024-12-10;4.2;96;f
935;548;2024-S1;2024-06-15;3.7;81;f
936;548;2024-S2;2024-12-10;3.8;86;f
937;549;2024-S1;2024-06-15;3.6;78;f
938;549;2024-S2;2024-12-10;2.5;85;f
939;550;2024-S1;2024-06-15;3.8;62;f
940;550;2024-S2;2024-12-10;3.8;91;f
941;551;2024-S1;2024-06-15;3.2;59;f
942;551;2024-S2;2024-12-10;2.8;59;f
943;552;2024-S1;2024-06-15;3.2;69;f
944;552;2024-S2;2024-12-10;3.7;52;f
945;553;2024-S1;2024-06-15;3.9;75;f
946;553;2024-S2;2024-12-10;3.8;59;f
947;554;2024-S1;2024-06-15;4.8;80;t
948;554;2024-S2;2024-12-10;4.2;40;f
949;555;2024-S1;2024-06-15;3.6;81;f
950;555;2024-S2;2024-12-10;3.9;95;f
951;556;2024-S1;2024-06-15;4.0;51;f
952;556;2024-S2;2024-12-10;4.1;55;f
953;557;2024-S1;2024-06-15;3.4;87;f
954;557;2024-S2;2024-12-10;4.2;72;f
955;558;2024-S1;2024-06-15;3.3;69;f
956;558;2024-S2;2024-12-10;3.6;64;f
957;559;2024-S1;2024-06-15;4.3;66;f
958;559;2024-S2;2024-12-10;3.6;68;f
959;560;2024-S2;2024-12-10;4.1;75;f
960;561;2024-S1;2024-06-15;3.8;58;f
961;561;2024-S2;2024-12-10;3.8;82;f
962;562;2024-S1;2024-06-15;3.5;74;f
963;562;2024-S2;2024-12-10;4.2;60;f
964;563;2024-S2;2024-12-10;3.3;70;f
965;564;2024-S1;2024-06-15;4.1;30;f
966;565;2024-S1;2024-06-15;3.6;62;f
967;565;2024-S2;2024-12-10;3.9;70;f
968;566;2024-S1;2024-06-15;4.3;81;f
969;566;2024-S2;2024-12-10;3.6;57;f
970;567;2024-S2;2024-12-10;3.9;67;f
971;568;2024-S1;2024-06-15;3.6;55;f
972;568;2024-S2;2024-12-10;3.8;64;f
973;569;2024-S1;2024-06-15;3.5;21;f
974;569;2024-S2;2024-12-10;3.7;58;f
975;570;2024-S1;2024-06-15;4.0;72;f
976;570;2024-S2;2024-12-10;2.9;70;f
977;571;2024-S1;2024-06-15;3.8;100;f
978;571;2024-S2;2024-12-10;4.0;53;f
979;572;2024-S1;2024-06-15;4.8;68;f
980;572;2024-S2;2024-12-10;3.5;99;f
981;573;2024-S1;2024-06-15;3.4;69;f
982;574;2024-S1;2024-06-15;2.8;71;f
983;574;2024-S2;2024-12-10;3.6;66;f
984;575;2024-S1;2024-06-15;3.8;60;f
985;575;2024-S2;2024-12-10;4.5;72;f
986;576;2024-S1;2024-06-15;3.3;52;f
987;576;2024-S2;2024-12-10;3.7;84;f
988;577;2024-S1;2024-06-15;3.9;99;f
989;577;2024-S2;2024-12-10;4.8;54;f
990;578;2024-S1;2024-06-15;2.9;61;f
991;578;2024-S2;2024-12-10;4.1;77;f
992;579;2024-S1;2024-06-15;4.3;57;f
993;579;2024-S2;2024-12-10;2.7;63;f
994;580;2024-S1;2024-06-15;4.0;74;f
995;580;2024-S2;2024-12-10;4.4;62;f
996;581;2024-S1;2024-06-15;4.2;63;f
997;582;2024-S2;2024-12-10;4.1;82;f
998;583;2024-S2;2024-12-10;4.6;53;f
999;584;2024-S1;2024-06-15;4.5;78;f
1000;584;2024-S2;2024-12-10;3.7;70;f
1001;585;2024-S1;2024-06-15;3.7;72;f
1002;585;2024-S2;2024-12-10;2.8;75;f
1003;586;2024-S1;2024-06-15;3.8;62;f
1004;586;2024-S2;2024-12-10;3.7;87;f
1005;587;2024-S1;2024-06-15;3.4;56;f
1006;587;2024-S2;2024-12-10;3.3;42;f
1007;588;2024-S1;2024-06-15;4.7;60;f
1008;588;2024-S2;2024-12-10;4.4;54;f
1009;589;2024-S1;2024-06-15;3.4;72;f
1010;589;2024-S2;2024-12-10;4.1;71;f
1011;590;2024-S1;2024-06-15;2.9;71;f
1012;590;2024-S2;2024-12-10;4.4;76;f
1013;591;2024-S1;2024-06-15;4.9;74;f
1014;591;2024-S2;2024-12-10;4.3;79;f
1015;592;2024-S1;2024-06-15;3.4;71;f
1016;592;2024-S2;2024-12-10;4.3;67;f
1017;593;2024-S1;2024-06-15;3.9;63;f
1018;593;2024-S2;2024-12-10;4.2;73;f
1019;594;2024-S1;2024-06-15;4.2;89;f
1020;594;2024-S2;2024-12-10;4.1;69;f
1021;595;2024-S1;2024-06-15;3.6;42;f
1022;595;2024-S2;2024-12-10;3.9;86;f
1023;596;2024-S1;2024-06-15;3.0;69;f
1024;596;2024-S2;2024-12-10;3.6;78;f
1025;597;2024-S1;2024-06-15;3.8;59;f
1026;597;2024-S2;2024-12-10;4.6;48;f
1027;598;2024-S1;2024-06-15;3.4;53;f
1028;598;2024-S2;2024-12-10;3.9;78;f
1029;599;2024-S1;2024-06-15;3.6;55;f
1030;599;2024-S2;2024-12-10;3.2;84;f
1031;600;2024-S1;2024-06-15;3.7;65;f
1032;600;2024-S2;2024-12-10;3.3;70;f
1033;601;2024-S2;2024-12-10;4.0;68;f
1034;602;2024-S1;2024-06-15;3.9;50;f
1035;602;2024-S2;2024-12-10;4.3;71;f
1036;603;2024-S1;2024-06-15;3.2;78;f
1037;603;2024-S2;2024-12-10;3.8;56;f
1038;604;2024-S1;2024-06-15;3.6;64;f
1039;605;2024-S1;2024-06-15;3.0;66;f
1040;605;2024-S2;2024-12-10;3.1;54;f
1041;606;2024-S1;2024-06-15;4.0;76;f
1042;606;2024-S2;2024-12-10;3.6;40;f
1043;607;2024-S1;2024-06-15;3.7;82;f
1044;608;2024-S1;2024-06-15;4.4;86;f
1045;608;2024-S2;2024-12-10;3.0;61;f
1046;609;2024-S1;2024-06-15;3.6;70;f
1047;609;2024-S2;2024-12-10;3.7;87;f
1048;610;2024-S1;2024-06-15;3.8;88;f
1049;610;2024-S2;2024-12-10;3.3;66;f
1050;611;2024-S1;2024-06-15;3.5;71;f
1051;611;2024-S2;2024-12-10;3.0;98;f
1052;612;2024-S1;2024-06-15;3.8;55;f
1053;612;2024-S2;2024-12-10;3.1;73;f
1054;613;2024-S1;2024-06-15;4.0;85;f
1055;613;2024-S2;2024-12-10;3.7;80;f
1056;615;2024-S1;2024-06-15;3.9;70;f
1057;615;2024-S2;2024-12-10;3.5;72;f
1058;616;2024-S1;2024-06-15;3.6;71;f
1059;616;2024-S2;2024-12-10;3.9;94;f
1060;617;2024-S1;2024-06-15;3.1;73;f
1061;617;2024-S2;2024-12-10;3.9;66;f
1062;618;2024-S1;2024-06-15;4.3;65;f
1063;618;2024-S2;2024-12-10;4.1;89;f
1064;619;2024-S1;2024-06-15;3.9;69;f
1065;619;2024-S2;2024-12-10;4.0;66;f
1066;620;2024-S1;2024-06-15;3.3;77;f
1067;620;2024-S2;2024-12-10;4.1;73;f
1068;621;2024-S1;2024-06-15;4.0;100;f
1069;621;2024-S2;2024-12-10;4.4;64;f
1070;623;2024-S1;2024-06-15;3.8;76;f
1071;623;2024-S2;2024-12-10;3.2;80;f
1072;624;2024-S1;2024-06-15;3.3;81;f
1073;624;2024-S2;2024-12-10;4.8;70;f
1074;625;2024-S1;2024-06-15;3.9;76;f
1075;625;2024-S2;2024-12-10;3.2;61;f
1076;626;2024-S1;2024-06-15;3.9;73;f
1077;626;2024-S2;2024-12-10;3.6;85;f
1078;627;2024-S1;2024-06-15;4.0;100;f
1079;627;2024-S2;2024-12-10;3.2;66;f
1080;628;2024-S1;2024-06-15;4.5;95;t
1081;628;2024-S2;2024-12-10;3.9;66;f
1082;629;2024-S1;2024-06-15;4.7;67;f
1083;629;2024-S2;2024-12-10;4.0;58;f
1084;630;2024-S1;2024-06-15;2.5;80;f
1085;630;2024-S2;2024-12-10;4.0;98;f
1086;631;2024-S1;2024-06-15;3.1;48;f
1087;631;2024-S2;2024-12-10;3.4;79;f
1088;632;2024-S1;2024-06-15;2.5;73;f
1089;632;2024-S2;2024-12-10;3.4;66;f
1090;633;2024-S1;2024-06-15;3.2;87;f
1091;633;2024-S2;2024-12-10;2.8;85;f
1092;634;2024-S1;2024-06-15;4.0;65;f
1093;634;2024-S2;2024-12-10;4.5;45;f
1094;635;2024-S1;2024-06-15;4.2;56;f
1095;635;2024-S2;2024-12-10;3.4;76;f
1096;636;2024-S1;2024-06-15;4.3;58;f
1097;636;2024-S2;2024-12-10;4.0;65;f
1098;637;2024-S1;2024-06-15;3.2;48;f
1099;637;2024-S2;2024-12-10;3.5;54;f
1100;638;2024-S1;2024-06-15;3.0;65;f
1101;638;2024-S2;2024-12-10;3.6;64;f
1102;639;2024-S1;2024-06-15;3.7;95;f
1103;639;2024-S2;2024-12-10;3.3;59;f
1104;640;2024-S1;2024-06-15;3.2;32;f
1105;640;2024-S2;2024-12-10;3.4;96;f
1106;641;2024-S1;2024-06-15;3.7;66;f
1107;641;2024-S2;2024-12-10;4.0;65;f
1108;642;2024-S1;2024-06-15;4.4;70;f
1109;642;2024-S2;2024-12-10;4.5;75;f
1110;643;2024-S1;2024-06-15;4.0;69;f
1111;643;2024-S2;2024-12-10;4.2;95;f
1112;644;2024-S1;2024-06-15;4.0;69;f
1113;644;2024-S2;2024-12-10;4.2;65;f
1114;646;2024-S1;2024-06-15;4.5;64;f
1115;646;2024-S2;2024-12-10;3.7;84;f
1116;647;2024-S1;2024-06-15;2.6;76;f
1117;647;2024-S2;2024-12-10;3.8;65;f
1118;648;2024-S1;2024-06-15;3.5;60;f
1119;648;2024-S2;2024-12-10;3.2;66;f
1120;649;2024-S1;2024-06-15;3.2;79;f
1121;649;2024-S2;2024-12-10;3.3;83;f
1122;650;2024-S1;2024-06-15;3.2;53;f
1123;650;2024-S2;2024-12-10;3.6;55;f
1124;651;2024-S1;2024-06-15;3.6;60;f
1125;651;2024-S2;2024-12-10;3.0;54;f
1126;652;2024-S1;2024-06-15;4.3;81;f
1127;652;2024-S2;2024-12-10;3.0;60;f
1128;653;2024-S1;2024-06-15;4.5;71;f
1129;653;2024-S2;2024-12-10;3.5;73;f
1130;654;2024-S2;2024-12-10;3.8;71;f
1131;655;2024-S1;2024-06-15;3.3;44;f
1132;655;2024-S2;2024-12-10;3.7;46;f
1133;656;2024-S1;2024-06-15;3.4;62;f
1134;656;2024-S2;2024-12-10;3.3;77;f
1135;657;2024-S2;2024-12-10;3.6;78;f
1136;658;2024-S1;2024-06-15;2.7;82;f
1137;658;2024-S2;2024-12-10;4.2;71;f
1138;659;2024-S1;2024-06-15;4.8;81;t
1139;659;2024-S2;2024-12-10;3.4;76;f
1140;661;2024-S1;2024-06-15;4.1;71;f
1141;661;2024-S2;2024-12-10;3.4;76;f
1142;662;2024-S1;2024-06-15;4.7;76;f
1143;662;2024-S2;2024-12-10;3.0;98;f
1144;663;2024-S1;2024-06-15;3.3;61;f
1145;663;2024-S2;2024-12-10;4.3;66;f
1146;664;2024-S1;2024-06-15;4.0;77;f
1147;664;2024-S2;2024-12-10;3.9;92;f
1148;665;2024-S1;2024-06-15;3.6;72;f
1149;665;2024-S2;2024-12-10;3.2;82;f
1150;666;2024-S1;2024-06-15;3.8;89;f
1151;666;2024-S2;2024-12-10;3.9;96;f
1152;667;2024-S1;2024-06-15;3.6;75;f
1153;667;2024-S2;2024-12-10;3.7;62;f
1154;668;2024-S1;2024-06-15;2.6;75;f
1155;668;2024-S2;2024-12-10;2.8;78;f
1156;669;2024-S1;2024-06-15;4.3;71;f
1157;669;2024-S2;2024-12-10;3.9;77;f
1158;670;2024-S1;2024-06-15;4.2;70;f
1159;670;2024-S2;2024-12-10;3.0;47;f
1160;671;2024-S1;2024-06-15;3.5;49;f
1161;671;2024-S2;2024-12-10;3.7;75;f
1162;672;2024-S1;2024-06-15;3.4;82;f
1163;672;2024-S2;2024-12-10;3.8;62;f
1164;673;2024-S1;2024-06-15;3.4;90;f
1165;673;2024-S2;2024-12-10;2.8;68;f
1166;674;2024-S1;2024-06-15;3.8;63;f
1167;674;2024-S2;2024-12-10;3.3;87;f
1168;675;2024-S1;2024-06-15;4.8;67;f
1169;675;2024-S2;2024-12-10;3.7;80;f
1170;676;2024-S1;2024-06-15;3.1;72;f
1171;676;2024-S2;2024-12-10;4.5;100;f
1172;677;2024-S1;2024-06-15;3.3;55;f
1173;677;2024-S2;2024-12-10;3.2;63;f
1174;678;2024-S1;2024-06-15;3.7;55;f
1175;678;2024-S2;2024-12-10;3.8;86;f
1176;679;2024-S1;2024-06-15;4.3;66;f
1177;679;2024-S2;2024-12-10;3.7;62;f
1178;680;2024-S1;2024-06-15;3.0;64;f
1179;680;2024-S2;2024-12-10;2.7;44;f
1180;681;2024-S1;2024-06-15;3.9;75;f
1181;681;2024-S2;2024-12-10;4.4;92;f
1182;682;2024-S1;2024-06-15;3.8;58;f
1183;682;2024-S2;2024-12-10;3.2;57;f
1184;683;2024-S1;2024-06-15;3.8;61;f
1185;683;2024-S2;2024-12-10;2.9;77;f
1186;684;2024-S1;2024-06-15;4.2;61;f
1187;684;2024-S2;2024-12-10;3.7;92;f
1188;685;2024-S2;2024-12-10;4.2;59;f
1189;686;2024-S1;2024-06-15;4.6;82;t
1190;686;2024-S2;2024-12-10;3.6;94;f
1191;687;2024-S1;2024-06-15;3.9;87;f
1192;687;2024-S2;2024-12-10;4.2;60;f
1193;688;2024-S1;2024-06-15;3.9;59;f
1194;689;2024-S1;2024-06-15;3.6;55;f
1195;689;2024-S2;2024-12-10;3.6;72;f
1196;690;2024-S1;2024-06-15;3.2;71;f
1197;690;2024-S2;2024-12-10;4.1;58;f
1198;691;2024-S1;2024-06-15;4.2;84;f
1199;691;2024-S2;2024-12-10;3.2;35;f
1200;692;2024-S1;2024-06-15;4.3;68;f
1201;692;2024-S2;2024-12-10;3.7;100;f
1202;693;2024-S1;2024-06-15;3.9;78;f
1203;693;2024-S2;2024-12-10;3.7;69;f
1204;695;2024-S1;2024-06-15;3.7;69;f
1205;695;2024-S2;2024-12-10;2.8;58;f
1206;696;2024-S1;2024-06-15;3.7;100;f
1207;696;2024-S2;2024-12-10;2.9;64;f
1208;697;2024-S1;2024-06-15;3.4;81;f
1209;697;2024-S2;2024-12-10;3.8;62;f
1210;698;2024-S1;2024-06-15;4.3;58;f
1211;698;2024-S2;2024-12-10;3.4;56;f
1212;699;2024-S2;2024-12-10;4.2;71;f
1213;701;2024-S1;2024-06-15;3.3;78;f
1214;701;2024-S2;2024-12-10;4.6;40;f
1215;702;2024-S1;2024-06-15;4.0;96;f
1216;702;2024-S2;2024-12-10;4.6;68;f
1217;703;2024-S1;2024-06-15;3.8;74;f
1218;703;2024-S2;2024-12-10;3.6;84;f
1219;704;2024-S1;2024-06-15;2.8;80;f
1220;704;2024-S2;2024-12-10;3.7;86;f
1221;705;2024-S1;2024-06-15;4.3;73;f
1222;705;2024-S2;2024-12-10;3.4;86;f
1223;707;2024-S1;2024-06-15;3.0;57;f
1224;707;2024-S2;2024-12-10;3.7;64;f
1225;708;2024-S1;2024-06-15;3.6;67;f
1226;708;2024-S2;2024-12-10;3.7;92;f
1227;709;2024-S1;2024-06-15;3.1;65;f
1228;709;2024-S2;2024-12-10;4.2;72;f
1229;710;2024-S1;2024-06-15;3.2;70;f
1230;710;2024-S2;2024-12-10;2.9;86;f
1231;711;2024-S1;2024-06-15;3.8;100;f
1232;712;2024-S1;2024-06-15;3.1;62;f
1233;712;2024-S2;2024-12-10;3.8;90;f
1234;713;2024-S1;2024-06-15;3.4;62;f
1235;713;2024-S2;2024-12-10;3.7;62;f
1236;714;2024-S1;2024-06-15;4.0;73;f
1237;714;2024-S2;2024-12-10;4.1;84;f
1238;715;2024-S1;2024-06-15;3.9;88;f
1239;716;2024-S1;2024-06-15;3.5;51;f
1240;716;2024-S2;2024-12-10;3.1;70;f
1241;717;2024-S2;2024-12-10;3.9;80;f
1242;718;2024-S1;2024-06-15;3.3;84;f
1243;718;2024-S2;2024-12-10;2.4;64;f
1244;719;2024-S1;2024-06-15;4.0;84;f
1245;719;2024-S2;2024-12-10;4.1;85;f
1246;720;2024-S1;2024-06-15;3.8;70;f
1247;721;2024-S1;2024-06-15;2.7;68;f
1248;721;2024-S2;2024-12-10;3.1;80;f
1249;722;2024-S1;2024-06-15;2.9;69;f
1250;722;2024-S2;2024-12-10;3.0;71;f
1251;724;2024-S2;2024-12-10;3.6;47;f
1252;726;2024-S1;2024-06-15;3.9;68;f
1253;727;2024-S1;2024-06-15;3.7;66;f
1254;727;2024-S2;2024-12-10;3.3;82;f
1255;728;2024-S1;2024-06-15;4.3;85;f
1256;729;2024-S1;2024-06-15;2.9;91;f
1257;729;2024-S2;2024-12-10;4.0;89;f
1258;730;2024-S1;2024-06-15;4.4;76;f
1259;730;2024-S2;2024-12-10;3.3;61;f
1260;731;2024-S1;2024-06-15;3.3;69;f
1261;731;2024-S2;2024-12-10;3.2;47;f
1262;732;2024-S2;2024-12-10;2.8;71;f
1263;733;2024-S1;2024-06-15;3.6;79;f
1264;733;2024-S2;2024-12-10;3.6;88;f
1265;734;2024-S1;2024-06-15;3.4;76;f
1266;734;2024-S2;2024-12-10;4.0;72;f
1267;735;2024-S2;2024-12-10;4.3;79;f
1268;736;2024-S1;2024-06-15;4.1;63;f
1269;736;2024-S2;2024-12-10;3.6;41;f
1270;737;2024-S1;2024-06-15;3.7;52;f
1271;737;2024-S2;2024-12-10;5.0;76;f
1272;739;2024-S1;2024-06-15;3.5;82;f
1273;739;2024-S2;2024-12-10;2.9;65;f
1274;740;2024-S2;2024-12-10;3.5;81;f
1275;741;2024-S1;2024-06-15;3.2;62;f
1276;741;2024-S2;2024-12-10;3.8;80;f
1277;742;2024-S1;2024-06-15;3.8;59;f
1278;742;2024-S2;2024-12-10;3.8;62;f
1279;743;2024-S1;2024-06-15;3.2;77;f
1280;743;2024-S2;2024-12-10;4.0;71;f
1281;744;2024-S1;2024-06-15;4.0;82;f
1282;744;2024-S2;2024-12-10;2.4;77;f
1283;745;2024-S1;2024-06-15;4.6;68;f
1284;745;2024-S2;2024-12-10;4.5;76;f
1285;746;2024-S1;2024-06-15;3.7;75;f
1286;746;2024-S2;2024-12-10;2.9;95;f
1287;747;2024-S1;2024-06-15;3.4;55;f
1288;747;2024-S2;2024-12-10;3.4;72;f
1289;748;2024-S1;2024-06-15;4.3;70;f
1290;748;2024-S2;2024-12-10;3.5;67;f
1291;749;2024-S1;2024-06-15;3.0;64;f
1292;749;2024-S2;2024-12-10;3.4;75;f
1293;750;2024-S1;2024-06-15;2.8;65;f
1294;750;2024-S2;2024-12-10;4.4;77;f
1295;751;2024-S2;2024-12-10;4.2;66;f
1296;752;2024-S1;2024-06-15;4.6;83;f
1297;752;2024-S2;2024-12-10;2.6;80;f
1298;753;2024-S1;2024-06-15;4.4;61;f
1299;753;2024-S2;2024-12-10;4.3;84;f
1300;754;2024-S1;2024-06-15;3.3;64;f
1301;754;2024-S2;2024-12-10;3.2;86;f
1302;755;2024-S1;2024-06-15;3.3;62;f
1303;755;2024-S2;2024-12-10;3.6;56;f
1304;756;2024-S1;2024-06-15;2.9;40;f
1305;757;2024-S1;2024-06-15;4.3;83;f
1306;757;2024-S2;2024-12-10;4.6;50;f
1307;758;2024-S1;2024-06-15;3.0;72;f
1308;758;2024-S2;2024-12-10;3.8;67;f
1309;759;2024-S1;2024-06-15;4.6;66;f
1310;759;2024-S2;2024-12-10;4.0;76;f
1311;760;2024-S1;2024-06-15;3.4;78;f
1312;761;2024-S1;2024-06-15;3.7;89;f
1313;761;2024-S2;2024-12-10;4.3;36;f
1314;763;2024-S1;2024-06-15;2.9;69;f
1315;763;2024-S2;2024-12-10;4.2;73;f
1316;764;2024-S1;2024-06-15;3.9;100;f
1317;764;2024-S2;2024-12-10;3.4;78;f
1318;765;2024-S1;2024-06-15;3.8;84;f
1319;765;2024-S2;2024-12-10;4.2;79;f
1320;766;2024-S1;2024-06-15;4.5;90;f
1321;766;2024-S2;2024-12-10;3.6;64;f
1322;767;2024-S1;2024-06-15;3.0;74;f
1323;767;2024-S2;2024-12-10;4.3;58;f
1324;768;2024-S1;2024-06-15;3.1;97;f
1325;768;2024-S2;2024-12-10;3.6;47;f
1326;769;2024-S1;2024-06-15;2.9;78;f
1327;769;2024-S2;2024-12-10;3.4;78;f
1328;770;2024-S1;2024-06-15;3.6;74;f
1329;770;2024-S2;2024-12-10;4.7;69;f
1330;771;2024-S1;2024-06-15;4.3;73;f
1331;772;2024-S2;2024-12-10;3.1;99;f
1332;773;2024-S1;2024-06-15;4.9;69;f
1333;773;2024-S2;2024-12-10;3.8;89;f
1334;774;2024-S1;2024-06-15;3.6;85;f
1335;774;2024-S2;2024-12-10;3.3;97;f
1336;775;2024-S2;2024-12-10;3.9;82;f
1337;776;2024-S1;2024-06-15;4.4;83;f
1338;776;2024-S2;2024-12-10;3.7;96;f
1339;777;2024-S1;2024-06-15;4.2;69;f
1340;777;2024-S2;2024-12-10;2.9;71;f
1341;778;2024-S1;2024-06-15;3.4;72;f
1342;778;2024-S2;2024-12-10;3.3;77;f
1343;779;2024-S2;2024-12-10;3.5;91;f
1344;780;2024-S1;2024-06-15;4.0;65;f
1345;780;2024-S2;2024-12-10;3.7;79;f
1346;781;2024-S1;2024-06-15;2.9;78;f
1347;781;2024-S2;2024-12-10;2.8;93;f
1348;782;2024-S1;2024-06-15;3.5;86;f
1349;782;2024-S2;2024-12-10;3.1;80;f
1350;783;2024-S1;2024-06-15;3.1;67;f
1351;783;2024-S2;2024-12-10;4.2;80;f
1352;784;2024-S1;2024-06-15;4.0;67;f
1353;784;2024-S2;2024-12-10;3.1;82;f
1354;785;2024-S1;2024-06-15;3.2;63;f
1355;785;2024-S2;2024-12-10;4.5;80;t
1356;787;2024-S2;2024-12-10;4.2;63;f
1357;788;2024-S1;2024-06-15;2.9;65;f
1358;788;2024-S2;2024-12-10;3.7;66;f
1359;789;2024-S2;2024-12-10;3.2;80;f
1360;790;2024-S1;2024-06-15;2.4;87;f
1361;790;2024-S2;2024-12-10;4.1;77;f
1362;791;2024-S1;2024-06-15;4.0;68;f
1363;791;2024-S2;2024-12-10;3.7;92;f
1364;793;2024-S1;2024-06-15;3.6;77;f
1365;793;2024-S2;2024-12-10;4.0;73;f
1366;794;2024-S1;2024-06-15;3.6;47;f
1367;794;2024-S2;2024-12-10;4.1;87;f
1368;795;2024-S1;2024-06-15;3.7;89;f
1369;795;2024-S2;2024-12-10;3.9;44;f
1370;796;2024-S1;2024-06-15;3.1;65;f
1371;796;2024-S2;2024-12-10;3.4;73;f
1372;797;2024-S1;2024-06-15;3.2;95;f
1373;797;2024-S2;2024-12-10;2.5;70;f
1374;798;2024-S1;2024-06-15;3.3;53;f
1375;798;2024-S2;2024-12-10;4.0;57;f
1376;799;2024-S2;2024-12-10;3.7;58;f
1377;800;2024-S1;2024-06-15;1.6;41;f
1378;801;2024-S1;2024-06-15;3.9;63;f
1379;801;2024-S2;2024-12-10;4.4;76;f
1380;802;2024-S1;2024-06-15;3.0;35;f
1381;803;2024-S1;2024-06-15;3.4;67;f
1382;803;2024-S2;2024-12-10;3.5;65;f
1383;804;2024-S1;2024-06-15;3.1;83;f
1384;804;2024-S2;2024-12-10;2.9;80;f
1385;805;2024-S1;2024-06-15;4.2;67;f
1386;805;2024-S2;2024-12-10;5.0;72;f
1387;806;2024-S1;2024-06-15;3.5;68;f
1388;806;2024-S2;2024-12-10;4.3;68;f
1389;807;2024-S1;2024-06-15;4.0;53;f
1390;807;2024-S2;2024-12-10;3.8;85;f
1391;808;2024-S1;2024-06-15;3.7;61;f
1392;808;2024-S2;2024-12-10;3.5;52;f
1393;809;2024-S1;2024-06-15;4.2;89;f
1394;809;2024-S2;2024-12-10;3.6;93;f
1395;810;2024-S1;2024-06-15;4.1;72;f
1396;810;2024-S2;2024-12-10;4.4;81;f
1397;811;2024-S1;2024-06-15;4.4;91;f
1398;811;2024-S2;2024-12-10;3.6;81;f
1399;812;2024-S1;2024-06-15;2.6;55;f
1400;812;2024-S2;2024-12-10;4.0;77;f
1401;813;2024-S1;2024-06-15;3.2;66;f
1402;813;2024-S2;2024-12-10;3.9;71;f
1403;814;2024-S1;2024-06-15;3.6;52;f
1404;814;2024-S2;2024-12-10;3.9;69;f
1405;815;2024-S1;2024-06-15;4.9;91;t
1406;815;2024-S2;2024-12-10;3.0;86;f
1407;817;2024-S1;2024-06-15;5.0;90;t
1408;817;2024-S2;2024-12-10;3.4;84;f
1409;818;2024-S1;2024-06-15;4.1;62;f
1410;818;2024-S2;2024-12-10;3.2;82;f
1411;819;2024-S1;2024-06-15;4.3;76;f
1412;819;2024-S2;2024-12-10;3.8;90;f
1413;820;2024-S1;2024-06-15;3.6;31;f
1414;820;2024-S2;2024-12-10;4.0;88;f
1415;821;2024-S2;2024-12-10;4.0;54;f
1416;822;2024-S1;2024-06-15;3.3;70;f
1417;822;2024-S2;2024-12-10;3.0;63;f
1418;824;2024-S1;2024-06-15;4.5;58;f
1419;824;2024-S2;2024-12-10;3.5;82;f
1420;825;2024-S1;2024-06-15;2.8;90;f
1421;825;2024-S2;2024-12-10;3.4;57;f
1422;826;2024-S1;2024-06-15;4.5;84;t
1423;826;2024-S2;2024-12-10;4.0;87;f
1424;827;2024-S1;2024-06-15;3.6;96;f
1425;827;2024-S2;2024-12-10;2.9;68;f
1426;828;2024-S1;2024-06-15;3.5;68;f
1427;828;2024-S2;2024-12-10;3.0;79;f
1428;829;2024-S1;2024-06-15;3.0;53;f
1429;829;2024-S2;2024-12-10;2.3;61;f
1430;830;2024-S1;2024-06-15;3.8;76;f
1431;830;2024-S2;2024-12-10;3.6;62;f
1432;832;2024-S1;2024-06-15;3.5;62;f
1433;832;2024-S2;2024-12-10;4.8;54;f
1434;833;2024-S1;2024-06-15;3.3;71;f
1435;833;2024-S2;2024-12-10;3.1;72;f
1436;834;2024-S1;2024-06-15;2.8;73;f
1437;834;2024-S2;2024-12-10;3.5;61;f
1438;835;2024-S1;2024-06-15;3.5;64;f
1439;835;2024-S2;2024-12-10;3.5;82;f
1440;836;2024-S2;2024-12-10;4.7;34;f
1441;837;2024-S1;2024-06-15;3.6;54;f
1442;837;2024-S2;2024-12-10;3.5;77;f
1443;838;2024-S1;2024-06-15;5.0;67;f
1444;838;2024-S2;2024-12-10;3.8;59;f
1445;839;2024-S1;2024-06-15;3.2;57;f
1446;839;2024-S2;2024-12-10;3.3;65;f
1447;840;2024-S1;2024-06-15;4.5;67;f
1448;840;2024-S2;2024-12-10;4.0;76;f
1449;841;2024-S1;2024-06-15;4.2;45;f
1450;841;2024-S2;2024-12-10;3.9;75;f
1451;842;2024-S1;2024-06-15;3.6;87;f
1452;842;2024-S2;2024-12-10;3.6;84;f
1453;843;2024-S1;2024-06-15;3.8;75;f
1454;843;2024-S2;2024-12-10;3.9;69;f
1455;844;2024-S1;2024-06-15;4.6;87;t
1456;844;2024-S2;2024-12-10;4.2;65;f
1457;845;2024-S2;2024-12-10;3.0;67;f
1458;846;2024-S1;2024-06-15;3.4;75;f
1459;846;2024-S2;2024-12-10;4.7;51;f
1460;847;2024-S1;2024-06-15;3.9;81;f
1461;847;2024-S2;2024-12-10;3.7;100;f
1462;848;2024-S1;2024-06-15;4.0;90;f
1463;848;2024-S2;2024-12-10;4.2;92;f
1464;849;2024-S2;2024-12-10;3.8;53;f
1465;850;2024-S1;2024-06-15;4.0;48;f
1466;851;2024-S1;2024-06-15;3.5;65;f
1467;851;2024-S2;2024-12-10;3.5;89;f
1468;853;2024-S1;2024-06-15;3.7;100;f
1469;853;2024-S2;2024-12-10;3.7;42;f
1470;854;2024-S1;2024-06-15;3.4;83;f
1471;854;2024-S2;2024-12-10;3.0;67;f
1472;855;2024-S2;2024-12-10;4.1;67;f
1473;856;2024-S1;2024-06-15;3.4;89;f
1474;856;2024-S2;2024-12-10;3.6;57;f
1475;857;2024-S1;2024-06-15;4.2;87;f
1476;857;2024-S2;2024-12-10;3.8;63;f
1477;858;2024-S1;2024-06-15;2.1;37;f
1478;859;2024-S1;2024-06-15;3.0;65;f
1479;859;2024-S2;2024-12-10;4.0;82;f
1480;860;2024-S1;2024-06-15;3.7;77;f
1481;861;2024-S1;2024-06-15;3.6;61;f
1482;861;2024-S2;2024-12-10;3.5;87;f
1483;862;2024-S1;2024-06-15;2.4;55;f
1484;862;2024-S2;2024-12-10;3.4;56;f
1485;863;2024-S1;2024-06-15;3.9;50;f
1486;863;2024-S2;2024-12-10;4.4;99;f
1487;864;2024-S1;2024-06-15;3.8;63;f
1488;864;2024-S2;2024-12-10;4.2;68;f
1489;865;2024-S1;2024-06-15;3.2;72;f
1490;865;2024-S2;2024-12-10;2.8;61;f
1491;866;2024-S1;2024-06-15;3.3;70;f
1492;866;2024-S2;2024-12-10;2.8;59;f
1493;867;2024-S1;2024-06-15;3.4;78;f
1494;867;2024-S2;2024-12-10;3.7;94;f
1495;868;2024-S1;2024-06-15;3.2;84;f
1496;868;2024-S2;2024-12-10;4.2;74;f
1497;869;2024-S1;2024-06-15;3.8;75;f
1498;869;2024-S2;2024-12-10;3.2;85;f
1499;870;2024-S1;2024-06-15;3.7;55;f
1500;870;2024-S2;2024-12-10;4.4;70;f
1501;871;2024-S1;2024-06-15;3.7;36;f
1502;871;2024-S2;2024-12-10;3.7;89;f
1503;872;2024-S1;2024-06-15;3.4;53;f
1504;872;2024-S2;2024-12-10;4.0;47;f
1505;873;2024-S1;2024-06-15;4.0;69;f
1506;875;2024-S2;2024-12-10;3.7;100;f
1507;876;2024-S1;2024-06-15;3.8;53;f
1508;876;2024-S2;2024-12-10;3.8;82;f
1509;877;2024-S1;2024-06-15;2.6;71;f
1510;877;2024-S2;2024-12-10;2.7;72;f
1511;878;2024-S1;2024-06-15;4.5;65;f
1512;878;2024-S2;2024-12-10;3.7;75;f
1513;879;2024-S1;2024-06-15;3.9;74;f
1514;879;2024-S2;2024-12-10;2.6;74;f
1515;880;2024-S1;2024-06-15;3.4;56;f
1516;880;2024-S2;2024-12-10;3.8;73;f
1517;882;2024-S1;2024-06-15;2.7;66;f
1518;882;2024-S2;2024-12-10;4.4;54;f
1519;883;2024-S1;2024-06-15;3.8;55;f
1520;883;2024-S2;2024-12-10;4.6;81;f
1521;884;2024-S1;2024-06-15;3.9;63;f
1522;884;2024-S2;2024-12-10;3.7;68;f
1523;885;2024-S1;2024-06-15;3.2;69;f
1524;885;2024-S2;2024-12-10;2.8;67;f
1525;886;2024-S1;2024-06-15;3.6;69;f
1526;886;2024-S2;2024-12-10;4.6;74;f
1527;887;2024-S1;2024-06-15;4.7;52;f
1528;887;2024-S2;2024-12-10;4.2;74;f
1529;888;2024-S1;2024-06-15;3.6;53;f
1530;888;2024-S2;2024-12-10;3.9;100;f
1531;889;2024-S1;2024-06-15;3.9;71;f
1532;889;2024-S2;2024-12-10;3.8;80;f
1533;890;2024-S1;2024-06-15;4.6;66;f
1534;890;2024-S2;2024-12-10;3.8;72;f
1535;891;2024-S1;2024-06-15;3.4;74;f
1536;891;2024-S2;2024-12-10;4.5;62;f
1537;892;2024-S1;2024-06-15;3.9;77;f
1538;892;2024-S2;2024-12-10;3.7;78;f
1539;893;2024-S1;2024-06-15;3.9;59;f
1540;893;2024-S2;2024-12-10;3.7;71;f
1541;894;2024-S1;2024-06-15;3.1;72;f
1542;894;2024-S2;2024-12-10;3.7;100;f
1543;895;2024-S1;2024-06-15;3.2;86;f
1544;895;2024-S2;2024-12-10;4.0;86;f
1545;896;2024-S1;2024-06-15;3.3;45;f
1546;896;2024-S2;2024-12-10;3.6;82;f
1547;897;2024-S1;2024-06-15;3.5;69;f
1548;897;2024-S2;2024-12-10;4.8;61;f
1549;898;2024-S1;2024-06-15;4.2;58;f
1550;898;2024-S2;2024-12-10;4.3;71;f
1551;899;2024-S1;2024-06-15;4.0;63;f
1552;899;2024-S2;2024-12-10;3.8;74;f
1553;901;2024-S2;2024-12-10;2.9;65;f
1554;902;2024-S1;2024-06-15;3.8;61;f
1555;902;2024-S2;2024-12-10;3.8;69;f
1556;903;2024-S1;2024-06-15;4.0;69;f
1557;903;2024-S2;2024-12-10;5.0;44;f
1558;904;2024-S1;2024-06-15;3.3;81;f
1559;904;2024-S2;2024-12-10;3.8;78;f
1560;905;2024-S1;2024-06-15;1.0;42;f
1561;906;2024-S1;2024-06-15;3.7;80;f
1562;906;2024-S2;2024-12-10;3.9;72;f
1563;907;2024-S1;2024-06-15;3.6;54;f
1564;907;2024-S2;2024-12-10;3.9;70;f
1565;908;2024-S1;2024-06-15;3.5;71;f
1566;908;2024-S2;2024-12-10;3.5;51;f
1567;910;2024-S1;2024-06-15;4.1;98;f
1568;910;2024-S2;2024-12-10;3.9;76;f
1569;911;2024-S1;2024-06-15;4.5;98;t
1570;911;2024-S2;2024-12-10;4.6;57;f
1571;912;2024-S1;2024-06-15;3.7;81;f
1572;912;2024-S2;2024-12-10;2.6;76;f
1573;913;2024-S1;2024-06-15;3.6;91;f
1574;913;2024-S2;2024-12-10;3.3;71;f
1575;914;2024-S1;2024-06-15;3.3;70;f
1576;914;2024-S2;2024-12-10;3.3;66;f
1577;915;2024-S1;2024-06-15;3.1;62;f
1578;915;2024-S2;2024-12-10;3.3;65;f
1579;916;2024-S1;2024-06-15;3.6;31;f
1580;916;2024-S2;2024-12-10;3.8;89;f
1581;918;2024-S1;2024-06-15;4.1;59;f
1582;918;2024-S2;2024-12-10;4.3;60;f
1583;919;2024-S1;2024-06-15;3.9;38;f
1584;919;2024-S2;2024-12-10;4.0;72;f
1585;920;2024-S1;2024-06-15;3.8;72;f
1586;920;2024-S2;2024-12-10;4.7;84;f
1587;921;2024-S1;2024-06-15;3.6;90;f
1588;921;2024-S2;2024-12-10;4.3;93;f
1589;922;2024-S1;2024-06-15;4.4;67;f
1590;922;2024-S2;2024-12-10;3.4;66;f
1591;923;2024-S1;2024-06-15;4.1;90;f
1592;923;2024-S2;2024-12-10;4.3;52;f
1593;925;2024-S1;2024-06-15;3.3;81;f
1594;925;2024-S2;2024-12-10;4.4;76;f
1595;926;2024-S1;2024-06-15;4.5;45;f
1596;926;2024-S2;2024-12-10;3.6;91;f
1597;928;2024-S1;2024-06-15;3.9;60;f
1598;928;2024-S2;2024-12-10;4.1;73;f
1599;929;2024-S1;2024-06-15;3.4;49;f
1600;929;2024-S2;2024-12-10;4.1;56;f
1601;930;2024-S1;2024-06-15;4.9;47;f
1602;930;2024-S2;2024-12-10;3.7;82;f
1603;931;2024-S1;2024-06-15;3.1;62;f
1604;931;2024-S2;2024-12-10;4.2;58;f
1605;932;2024-S1;2024-06-15;4.8;72;f
1606;932;2024-S2;2024-12-10;3.5;94;f
1607;934;2024-S1;2024-06-15;3.1;96;f
1608;934;2024-S2;2024-12-10;3.2;89;f
1609;935;2024-S2;2024-12-10;4.7;70;f
1610;936;2024-S1;2024-06-15;3.6;68;f
1611;936;2024-S2;2024-12-10;3.3;73;f
1612;937;2024-S1;2024-06-15;4.2;80;f
1613;937;2024-S2;2024-12-10;4.0;61;f
1614;938;2024-S1;2024-06-15;3.1;96;f
1615;938;2024-S2;2024-12-10;3.0;69;f
1616;939;2024-S1;2024-06-15;4.1;93;f
1617;939;2024-S2;2024-12-10;3.7;75;f
1618;940;2024-S1;2024-06-15;3.4;96;f
1619;940;2024-S2;2024-12-10;4.5;57;f
1620;941;2024-S1;2024-06-15;4.1;70;f
1621;941;2024-S2;2024-12-10;3.9;60;f
1622;942;2024-S1;2024-06-15;2.6;56;f
1623;942;2024-S2;2024-12-10;3.4;65;f
1624;945;2024-S1;2024-06-15;2.4;76;f
1625;945;2024-S2;2024-12-10;2.9;71;f
1626;946;2024-S1;2024-06-15;3.0;46;f
1627;946;2024-S2;2024-12-10;3.7;69;f
1628;947;2024-S1;2024-06-15;3.8;94;f
1629;947;2024-S2;2024-12-10;4.1;99;f
1630;948;2024-S2;2024-12-10;3.5;61;f
1631;949;2024-S1;2024-06-15;4.0;98;f
1632;949;2024-S2;2024-12-10;3.1;91;f
1633;950;2024-S1;2024-06-15;4.0;65;f
1634;950;2024-S2;2024-12-10;4.5;55;f
1635;951;2024-S1;2024-06-15;4.1;69;f
1636;951;2024-S2;2024-12-10;4.3;76;f
1637;952;2024-S1;2024-06-15;4.3;72;f
1638;952;2024-S2;2024-12-10;3.5;70;f
1639;953;2024-S2;2024-12-10;3.8;76;f
1640;954;2024-S2;2024-12-10;4.1;72;f
1641;955;2024-S1;2024-06-15;4.1;100;f
1642;955;2024-S2;2024-12-10;3.3;86;f
1643;956;2024-S1;2024-06-15;3.3;58;f
1644;956;2024-S2;2024-12-10;4.5;59;f
1645;957;2024-S2;2024-12-10;3.7;60;f
1646;958;2024-S1;2024-06-15;5.0;71;f
1647;958;2024-S2;2024-12-10;3.1;59;f
1648;959;2024-S1;2024-06-15;4.9;69;f
1649;959;2024-S2;2024-12-10;3.7;92;f
1650;961;2024-S1;2024-06-15;4.4;59;f
1651;961;2024-S2;2024-12-10;3.3;64;f
1652;962;2024-S1;2024-06-15;3.5;83;f
1653;962;2024-S2;2024-12-10;3.7;67;f
1654;963;2024-S1;2024-06-15;3.7;64;f
1655;963;2024-S2;2024-12-10;4.6;62;f
1656;964;2024-S1;2024-06-15;3.7;80;f
1657;964;2024-S2;2024-12-10;4.1;66;f
1658;965;2024-S2;2024-12-10;4.3;100;f
1659;966;2024-S1;2024-06-15;4.7;37;f
1660;966;2024-S2;2024-12-10;3.7;62;f
1661;967;2024-S1;2024-06-15;4.0;86;f
1662;967;2024-S2;2024-12-10;3.1;84;f
1663;968;2024-S1;2024-06-15;3.7;68;f
1664;968;2024-S2;2024-12-10;4.0;69;f
1665;969;2024-S1;2024-06-15;4.3;66;f
1666;969;2024-S2;2024-12-10;4.4;71;f
1667;970;2024-S1;2024-06-15;2.4;60;f
1668;970;2024-S2;2024-12-10;3.6;77;f
1669;971;2024-S1;2024-06-15;3.6;62;f
1670;971;2024-S2;2024-12-10;4.7;91;t
1671;972;2024-S1;2024-06-15;3.3;77;f
1672;972;2024-S2;2024-12-10;3.6;76;f
1673;973;2024-S1;2024-06-15;3.2;57;f
1674;974;2024-S1;2024-06-15;3.7;82;f
1675;975;2024-S1;2024-06-15;4.7;46;f
1676;975;2024-S2;2024-12-10;3.6;78;f
1677;976;2024-S2;2024-12-10;3.9;54;f
1678;977;2024-S1;2024-06-15;3.3;71;f
1679;977;2024-S2;2024-12-10;5.0;85;f
1680;978;2024-S1;2024-06-15;3.3;72;f
1681;978;2024-S2;2024-12-10;3.6;79;f
1682;979;2024-S1;2024-06-15;3.0;55;f
1683;979;2024-S2;2024-12-10;3.6;59;f
1684;980;2024-S1;2024-06-15;4.3;57;f
1685;980;2024-S2;2024-12-10;5.0;69;f
1686;981;2024-S1;2024-06-15;3.8;76;f
1687;981;2024-S2;2024-12-10;3.7;88;f
1688;982;2024-S2;2024-12-10;3.8;64;f
1689;983;2024-S1;2024-06-15;2.9;77;f
1690;984;2024-S1;2024-06-15;4.2;54;f
1691;985;2024-S1;2024-06-15;3.5;85;f
1692;985;2024-S2;2024-12-10;3.2;59;f
1693;986;2024-S1;2024-06-15;3.6;90;f
1694;986;2024-S2;2024-12-10;4.2;90;f
1695;987;2024-S1;2024-06-15;3.2;62;f
1696;988;2024-S1;2024-06-15;3.6;67;f
1697;988;2024-S2;2024-12-10;3.3;78;f
1698;989;2024-S1;2024-06-15;2.8;74;f
1699;989;2024-S2;2024-12-10;4.6;73;f
1700;990;2024-S1;2024-06-15;3.2;54;f
1701;991;2024-S1;2024-06-15;3.9;96;f
1702;991;2024-S2;2024-12-10;3.8;67;f
1703;992;2024-S1;2024-06-15;3.3;51;f
1704;992;2024-S2;2024-12-10;3.8;49;f
1705;993;2024-S1;2024-06-15;4.2;80;f
1706;993;2024-S2;2024-12-10;3.6;81;f
1707;994;2024-S1;2024-06-15;3.8;80;f
1708;994;2024-S2;2024-12-10;4.2;68;f
1709;995;2024-S1;2024-06-15;3.0;100;f
1710;995;2024-S2;2024-12-10;3.6;66;f
1711;996;2024-S2;2024-12-10;3.9;69;f
1712;997;2024-S1;2024-06-15;3.0;55;f
1713;997;2024-S2;2024-12-10;3.2;77;f
1714;998;2024-S1;2024-06-15;3.3;85;f
1715;998;2024-S2;2024-12-10;3.6;70;f
1716;999;2024-S1;2024-06-15;3.7;57;f
1717;999;2024-S2;2024-12-10;4.4;76;f
1718;1000;2024-S1;2024-06-15;3.6;64;f
1719;1000;2024-S2;2024-12-10;3.4;55;f
1720;1001;2024-S1;2024-06-15;3.0;53;f
1721;1001;2024-S2;2024-12-10;4.3;61;f
1722;1002;2024-S1;2024-06-15;3.1;90;f
1723;1002;2024-S2;2024-12-10;3.7;55;f
1724;1003;2024-S1;2024-06-15;4.0;92;f
1725;1003;2024-S2;2024-12-10;4.1;73;f
1726;1005;2024-S1;2024-06-15;4.0;88;f
1727;1005;2024-S2;2024-12-10;4.7;58;f
1728;1006;2024-S1;2024-06-15;3.7;80;f
1729;1006;2024-S2;2024-12-10;3.8;79;f
1730;1007;2024-S1;2024-06-15;4.9;68;f
1731;1007;2024-S2;2024-12-10;2.9;97;f
1732;1008;2024-S1;2024-06-15;4.7;79;f
1733;1008;2024-S2;2024-12-10;3.4;84;f
1734;1009;2024-S1;2024-06-15;3.7;67;f
1735;1009;2024-S2;2024-12-10;3.3;71;f
1736;1010;2024-S1;2024-06-15;4.0;74;f
1737;1010;2024-S2;2024-12-10;4.2;68;f
1738;1011;2024-S1;2024-06-15;3.5;77;f
1739;1011;2024-S2;2024-12-10;3.7;92;f
1740;1012;2024-S1;2024-06-15;3.5;64;f
1741;1012;2024-S2;2024-12-10;3.6;66;f
1742;1013;2024-S1;2024-06-15;3.4;49;f
1743;1013;2024-S2;2024-12-10;3.1;70;f
1744;1014;2024-S1;2024-06-15;3.0;79;f
1745;1015;2024-S1;2024-06-15;3.9;62;f
1746;1016;2024-S1;2024-06-15;3.7;69;f
1747;1016;2024-S2;2024-12-10;2.7;78;f
1748;1017;2024-S1;2024-06-15;3.4;58;f
1749;1017;2024-S2;2024-12-10;4.1;75;f
1750;1018;2024-S1;2024-06-15;4.2;70;f
1751;1018;2024-S2;2024-12-10;3.8;83;f
1752;1019;2024-S1;2024-06-15;4.6;67;f
1753;1019;2024-S2;2024-12-10;3.8;80;f
1754;1020;2024-S1;2024-06-15;4.0;64;f
1755;1020;2024-S2;2024-12-10;3.6;79;f
1756;1023;2024-S1;2024-06-15;3.8;98;f
1757;1023;2024-S2;2024-12-10;3.5;60;f
1758;1024;2024-S2;2024-12-10;4.0;58;f
1759;1025;2024-S1;2024-06-15;3.4;73;f
1760;1025;2024-S2;2024-12-10;3.7;71;f
1761;1026;2024-S1;2024-06-15;3.4;77;f
1762;1026;2024-S2;2024-12-10;4.9;83;t
1763;1027;2024-S1;2024-06-15;3.1;60;f
1764;1027;2024-S2;2024-12-10;3.3;100;f
1765;1029;2024-S1;2024-06-15;4.6;60;f
1766;1029;2024-S2;2024-12-10;3.4;70;f
1767;1030;2024-S1;2024-06-15;3.4;84;f
1768;1030;2024-S2;2024-12-10;4.0;74;f
1769;1031;2024-S2;2024-12-10;4.2;78;f
1770;1032;2024-S1;2024-06-15;4.1;74;f
1771;1032;2024-S2;2024-12-10;4.6;73;f
1772;1033;2024-S1;2024-06-15;3.6;83;f
1773;1033;2024-S2;2024-12-10;4.0;71;f
1774;1034;2024-S1;2024-06-15;2.8;91;f
1775;1034;2024-S2;2024-12-10;4.4;60;f
1776;1035;2024-S1;2024-06-15;3.9;64;f
1777;1036;2024-S1;2024-06-15;4.0;87;f
1778;1036;2024-S2;2024-12-10;3.6;81;f
1779;1037;2024-S1;2024-06-15;2.9;59;f
1780;1037;2024-S2;2024-12-10;4.2;63;f
1781;1038;2024-S1;2024-06-15;3.2;61;f
1782;1038;2024-S2;2024-12-10;3.1;86;f
1783;1039;2024-S2;2024-12-10;4.3;61;f
1784;1040;2024-S2;2024-12-10;3.1;70;f
1785;1041;2024-S1;2024-06-15;3.1;81;f
1786;1041;2024-S2;2024-12-10;3.7;66;f
1787;1042;2024-S1;2024-06-15;4.3;58;f
1788;1042;2024-S2;2024-12-10;3.5;55;f
1789;1043;2024-S2;2024-12-10;2.9;59;f
1790;1044;2024-S1;2024-06-15;3.3;59;f
1791;1044;2024-S2;2024-12-10;3.6;70;f
1792;1045;2024-S1;2024-06-15;2.8;83;f
1793;1045;2024-S2;2024-12-10;2.9;47;f
1794;1046;2024-S1;2024-06-15;4.3;56;f
1795;1046;2024-S2;2024-12-10;3.9;63;f
1796;1047;2024-S1;2024-06-15;3.1;55;f
1797;1047;2024-S2;2024-12-10;3.9;58;f
1798;1048;2024-S1;2024-06-15;4.3;50;f
1799;1048;2024-S2;2024-12-10;4.5;42;f
1800;1049;2024-S1;2024-06-15;3.9;55;f
1801;1049;2024-S2;2024-12-10;2.8;70;f
1802;1050;2024-S1;2024-06-15;4.1;69;f
1803;1050;2024-S2;2024-12-10;3.7;74;f
1804;1051;2024-S1;2024-06-15;4.0;95;f
1805;1051;2024-S2;2024-12-10;3.3;78;f
1806;1052;2024-S1;2024-06-15;3.4;69;f
1807;1052;2024-S2;2024-12-10;4.1;74;f
1808;1053;2024-S1;2024-06-15;3.3;73;f
1809;1053;2024-S2;2024-12-10;3.9;80;f
1810;1055;2024-S1;2024-06-15;4.3;97;f
1811;1055;2024-S2;2024-12-10;3.7;56;f
1812;1056;2024-S1;2024-06-15;3.9;53;f
1813;1056;2024-S2;2024-12-10;4.7;64;f
1814;1057;2024-S1;2024-06-15;4.2;76;f
1815;1057;2024-S2;2024-12-10;3.8;49;f
1816;1058;2024-S2;2024-12-10;3.3;66;f
1817;1059;2024-S1;2024-06-15;3.5;73;f
1818;1059;2024-S2;2024-12-10;3.3;78;f
1819;1060;2024-S1;2024-06-15;3.6;81;f
1820;1060;2024-S2;2024-12-10;2.9;82;f
1821;1061;2024-S1;2024-06-15;4.6;69;f
1822;1061;2024-S2;2024-12-10;4.4;71;f
1823;1062;2024-S1;2024-06-15;3.5;74;f
1824;1062;2024-S2;2024-12-10;4.6;92;t
1825;1063;2024-S1;2024-06-15;3.5;69;f
1826;1063;2024-S2;2024-12-10;2.6;62;f
1827;1064;2024-S1;2024-06-15;3.8;76;f
1828;1064;2024-S2;2024-12-10;4.6;68;f
1829;1065;2024-S1;2024-06-15;3.6;93;f
1830;1065;2024-S2;2024-12-10;4.3;52;f
1831;1066;2024-S1;2024-06-15;4.5;49;f
1832;1066;2024-S2;2024-12-10;4.0;82;f
1833;1067;2024-S1;2024-06-15;3.8;66;f
1834;1067;2024-S2;2024-12-10;3.5;37;f
1835;1068;2024-S1;2024-06-15;3.8;72;f
1836;1068;2024-S2;2024-12-10;4.5;68;f
1837;1069;2024-S1;2024-06-15;3.4;64;f
1838;1069;2024-S2;2024-12-10;3.2;65;f
1839;1070;2024-S1;2024-06-15;3.1;80;f
1840;1070;2024-S2;2024-12-10;3.9;51;f
1841;1071;2024-S1;2024-06-15;3.8;87;f
1842;1071;2024-S2;2024-12-10;4.3;57;f
1843;1072;2024-S1;2024-06-15;4.4;64;f
1844;1072;2024-S2;2024-12-10;3.7;67;f
1845;1073;2024-S1;2024-06-15;3.0;61;f
1846;1073;2024-S2;2024-12-10;4.4;89;f
1847;1074;2024-S1;2024-06-15;4.1;68;f
1848;1074;2024-S2;2024-12-10;4.7;85;f
1849;1075;2024-S1;2024-06-15;3.5;75;f
1850;1075;2024-S2;2024-12-10;4.7;70;f
1851;1076;2024-S1;2024-06-15;3.0;87;f
1852;1076;2024-S2;2024-12-10;4.8;80;t
1853;1077;2024-S1;2024-06-15;3.6;99;f
1854;1077;2024-S2;2024-12-10;4.1;72;f
1855;1078;2024-S1;2024-06-15;4.5;63;f
1856;1078;2024-S2;2024-12-10;3.0;54;f
1857;1079;2024-S1;2024-06-15;3.8;78;f
1858;1079;2024-S2;2024-12-10;3.3;89;f
1859;1080;2024-S1;2024-06-15;3.7;83;f
1860;1080;2024-S2;2024-12-10;3.3;69;f
1861;1081;2024-S1;2024-06-15;2.7;68;f
1862;1081;2024-S2;2024-12-10;3.8;64;f
1863;1082;2024-S1;2024-06-15;3.7;75;f
1864;1082;2024-S2;2024-12-10;3.4;68;f
1865;1083;2024-S1;2024-06-15;3.3;58;f
1866;1083;2024-S2;2024-12-10;4.4;51;f
1867;1084;2024-S1;2024-06-15;4.2;52;f
1868;1084;2024-S2;2024-12-10;4.5;80;f
1869;1085;2024-S1;2024-06-15;4.5;54;f
1870;1085;2024-S2;2024-12-10;4.0;85;f
1871;1086;2024-S1;2024-06-15;3.7;83;f
1872;1087;2024-S1;2024-06-15;3.5;72;f
1873;1087;2024-S2;2024-12-10;3.9;76;f
1874;1088;2024-S1;2024-06-15;2.9;64;f
1875;1088;2024-S2;2024-12-10;3.7;77;f
1876;1089;2024-S1;2024-06-15;4.1;72;f
1877;1089;2024-S2;2024-12-10;4.3;67;f
1878;1090;2024-S1;2024-06-15;4.2;69;f
1879;1090;2024-S2;2024-12-10;3.2;100;f
1880;1091;2024-S1;2024-06-15;4.0;46;f
1881;1091;2024-S2;2024-12-10;4.2;74;f
1882;1092;2024-S1;2024-06-15;4.2;79;f
1883;1092;2024-S2;2024-12-10;3.3;84;f
1884;1094;2024-S1;2024-06-15;3.3;60;f
1885;1094;2024-S2;2024-12-10;3.5;57;f
1886;1095;2024-S1;2024-06-15;4.0;100;f
1887;1095;2024-S2;2024-12-10;3.1;91;f
1888;1096;2024-S1;2024-06-15;3.4;63;f
1889;1096;2024-S2;2024-12-10;3.1;76;f
1890;1097;2024-S1;2024-06-15;3.0;65;f
1891;1097;2024-S2;2024-12-10;4.3;93;f
1892;1098;2024-S2;2024-12-10;3.2;67;f
1893;1099;2024-S1;2024-06-15;3.6;51;f
1894;1099;2024-S2;2024-12-10;3.4;63;f
1895;1100;2024-S1;2024-06-15;4.0;75;f
1896;1100;2024-S2;2024-12-10;3.8;69;f
1897;1101;2024-S1;2024-06-15;4.4;71;f
1898;1103;2024-S1;2024-06-15;4.2;80;f
1899;1105;2024-S1;2024-06-15;3.8;84;f
1900;1105;2024-S2;2024-12-10;3.5;59;f
1901;1106;2024-S1;2024-06-15;3.7;93;f
1902;1107;2024-S1;2024-06-15;3.8;64;f
1903;1107;2024-S2;2024-12-10;3.3;50;f
1904;1108;2024-S1;2024-06-15;3.2;76;f
1905;1108;2024-S2;2024-12-10;3.6;75;f
1906;1109;2024-S1;2024-06-15;3.2;86;f
1907;1109;2024-S2;2024-12-10;4.1;64;f
1908;1111;2024-S1;2024-06-15;2.9;75;f
1909;1111;2024-S2;2024-12-10;2.6;53;f
1910;1112;2024-S1;2024-06-15;3.5;59;f
1911;1112;2024-S2;2024-12-10;4.4;67;f
1912;1113;2024-S1;2024-06-15;4.0;41;f
1913;1113;2024-S2;2024-12-10;2.7;62;f
1914;1114;2024-S1;2024-06-15;3.8;54;f
1915;1114;2024-S2;2024-12-10;3.9;90;f
1916;1115;2024-S1;2024-06-15;3.3;71;f
1917;1115;2024-S2;2024-12-10;3.5;66;f
1918;1116;2024-S1;2024-06-15;3.9;72;f
1919;1116;2024-S2;2024-12-10;3.6;73;f
1920;1117;2024-S1;2024-06-15;4.2;80;f
1921;1117;2024-S2;2024-12-10;2.7;59;f
1922;1118;2024-S1;2024-06-15;4.0;100;f
1923;1118;2024-S2;2024-12-10;3.3;51;f
1924;1119;2024-S1;2024-06-15;5.0;89;t
1925;1120;2024-S1;2024-06-15;4.4;60;f
1926;1120;2024-S2;2024-12-10;4.1;75;f
1927;1121;2024-S1;2024-06-15;4.7;87;f
1928;1121;2024-S2;2024-12-10;4.0;61;f
1929;1122;2024-S1;2024-06-15;3.3;47;f
1930;1122;2024-S2;2024-12-10;3.9;73;f
1931;1123;2024-S2;2024-12-10;4.4;78;f
1932;1124;2024-S1;2024-06-15;3.5;65;f
1933;1124;2024-S2;2024-12-10;3.9;75;f
1934;1125;2024-S1;2024-06-15;4.7;70;f
1935;1125;2024-S2;2024-12-10;4.0;94;f
1936;1126;2024-S1;2024-06-15;3.6;67;f
1937;1126;2024-S2;2024-12-10;3.0;66;f
1938;1128;2024-S1;2024-06-15;3.9;91;f
1939;1128;2024-S2;2024-12-10;2.9;59;f
1940;1129;2024-S1;2024-06-15;2.7;97;f
1941;1129;2024-S2;2024-12-10;3.8;65;f
1942;1130;2024-S1;2024-06-15;2.7;71;f
1943;1131;2024-S2;2024-12-10;3.5;46;f
1944;1132;2024-S1;2024-06-15;3.5;89;f
1945;1132;2024-S2;2024-12-10;3.6;88;f
1946;1133;2024-S1;2024-06-15;4.6;68;f
1947;1133;2024-S2;2024-12-10;3.7;79;f
1948;1134;2024-S1;2024-06-15;4.3;91;f
1949;1134;2024-S2;2024-12-10;4.5;61;f
1950;1135;2024-S1;2024-06-15;4.5;79;f
1951;1135;2024-S2;2024-12-10;3.4;55;f
1952;1136;2024-S1;2024-06-15;3.3;77;f
1953;1136;2024-S2;2024-12-10;3.4;77;f
1954;1137;2024-S1;2024-06-15;3.1;61;f
1955;1137;2024-S2;2024-12-10;3.7;69;f
1956;1138;2024-S1;2024-06-15;3.0;63;f
1957;1138;2024-S2;2024-12-10;2.7;72;f
1958;1140;2024-S1;2024-06-15;4.5;61;f
1959;1140;2024-S2;2024-12-10;3.2;85;f
1960;1142;2024-S1;2024-06-15;3.1;86;f
1961;1142;2024-S2;2024-12-10;3.0;67;f
1962;1143;2024-S1;2024-06-15;3.6;81;f
1963;1144;2024-S1;2024-06-15;4.7;67;f
1964;1144;2024-S2;2024-12-10;3.7;48;f
1965;1145;2024-S1;2024-06-15;3.7;88;f
1966;1145;2024-S2;2024-12-10;5.0;66;f
1967;1147;2024-S1;2024-06-15;4.1;88;f
1968;1147;2024-S2;2024-12-10;2.9;91;f
1969;1148;2024-S1;2024-06-15;3.3;75;f
1970;1148;2024-S2;2024-12-10;3.0;66;f
1971;1149;2024-S1;2024-06-15;2.8;75;f
1972;1149;2024-S2;2024-12-10;4.5;72;f
1973;1150;2024-S2;2024-12-10;2.9;67;f
1974;1151;2024-S1;2024-06-15;3.8;69;f
1975;1151;2024-S2;2024-12-10;4.1;100;f
1976;1152;2024-S1;2024-06-15;3.7;70;f
1977;1152;2024-S2;2024-12-10;3.3;86;f
1978;1154;2024-S1;2024-06-15;4.8;69;f
1979;1154;2024-S2;2024-12-10;3.8;74;f
1980;1155;2024-S1;2024-06-15;2.2;55;f
1981;1156;2024-S1;2024-06-15;3.7;75;f
1982;1156;2024-S2;2024-12-10;4.2;67;f
1983;1157;2024-S1;2024-06-15;3.8;61;f
1984;1157;2024-S2;2024-12-10;3.1;73;f
1985;1158;2024-S1;2024-06-15;3.8;84;f
1986;1158;2024-S2;2024-12-10;3.3;57;f
1987;1159;2024-S1;2024-06-15;4.7;73;f
1988;1159;2024-S2;2024-12-10;2.9;71;f
1989;1160;2024-S2;2024-12-10;3.3;77;f
1990;1162;2024-S1;2024-06-15;3.5;89;f
1991;1162;2024-S2;2024-12-10;3.0;89;f
1992;1163;2024-S1;2024-06-15;4.1;76;f
1993;1163;2024-S2;2024-12-10;4.3;89;f
1994;1164;2024-S1;2024-06-15;3.7;94;f
1995;1164;2024-S2;2024-12-10;4.0;64;f
1996;1165;2024-S1;2024-06-15;3.0;87;f
1997;1165;2024-S2;2024-12-10;3.7;46;f
1998;1166;2024-S2;2024-12-10;3.9;68;f
1999;1167;2024-S1;2024-06-15;3.3;86;f
2000;1167;2024-S2;2024-12-10;3.3;65;f
2001;1168;2024-S1;2024-06-15;3.6;86;f
2002;1168;2024-S2;2024-12-10;3.1;63;f
2003;1169;2024-S2;2024-12-10;3.9;78;f
2004;1170;2024-S1;2024-06-15;3.1;66;f
2005;1170;2024-S2;2024-12-10;3.6;76;f
2006;1171;2024-S1;2024-06-15;3.6;93;f
2007;1171;2024-S2;2024-12-10;3.6;93;f
2008;1172;2024-S1;2024-06-15;3.4;49;f
2009;1172;2024-S2;2024-12-10;5.0;70;f
2010;1173;2024-S1;2024-06-15;3.9;51;f
2011;1173;2024-S2;2024-12-10;3.8;83;f
2012;1174;2024-S1;2024-06-15;2.0;43;f
2013;1175;2024-S1;2024-06-15;3.7;54;f
2014;1175;2024-S2;2024-12-10;4.6;34;f
2015;1176;2024-S1;2024-06-15;2.5;73;f
2016;1176;2024-S2;2024-12-10;3.2;81;f
2017;1177;2024-S1;2024-06-15;3.5;77;f
2018;1177;2024-S2;2024-12-10;2.9;66;f
2019;1178;2024-S1;2024-06-15;3.5;100;f
2020;1178;2024-S2;2024-12-10;3.5;39;f
2021;1179;2024-S1;2024-06-15;4.3;68;f
2022;1179;2024-S2;2024-12-10;3.8;67;f
2023;1180;2024-S2;2024-12-10;3.0;90;f
2024;1181;2024-S1;2024-06-15;3.2;51;f
2025;1181;2024-S2;2024-12-10;4.0;74;f
2026;1183;2024-S1;2024-06-15;4.3;75;f
2027;1183;2024-S2;2024-12-10;3.7;84;f
2028;1184;2024-S1;2024-06-15;2.8;69;f
2029;1184;2024-S2;2024-12-10;3.2;75;f
2030;1185;2024-S1;2024-06-15;4.1;75;f
2031;1186;2024-S1;2024-06-15;4.1;89;f
2032;1186;2024-S2;2024-12-10;4.0;82;f
2033;1187;2024-S1;2024-06-15;4.7;100;t
2034;1187;2024-S2;2024-12-10;4.2;34;f
2035;1188;2024-S1;2024-06-15;4.5;69;f
2036;1188;2024-S2;2024-12-10;3.9;65;f
2037;1189;2024-S1;2024-06-15;3.9;75;f
2038;1189;2024-S2;2024-12-10;3.1;65;f
2039;1190;2024-S1;2024-06-15;4.0;92;f
2040;1191;2024-S1;2024-06-15;3.5;53;f
2041;1191;2024-S2;2024-12-10;3.9;67;f
2042;1192;2024-S1;2024-06-15;4.1;61;f
2043;1192;2024-S2;2024-12-10;3.0;93;f
2044;1193;2024-S1;2024-06-15;3.4;59;f
2045;1193;2024-S2;2024-12-10;3.3;91;f
2046;1194;2024-S1;2024-06-15;5.0;60;f
2047;1194;2024-S2;2024-12-10;3.6;76;f
2048;1195;2024-S1;2024-06-15;2.7;64;f
2049;1195;2024-S2;2024-12-10;4.7;67;f
2050;1196;2024-S2;2024-12-10;4.4;71;f
2051;1197;2024-S1;2024-06-15;2.5;85;f
2052;1197;2024-S2;2024-12-10;3.5;92;f
2053;1198;2024-S1;2024-06-15;3.8;72;f
2054;1198;2024-S2;2024-12-10;4.0;77;f
2055;1199;2024-S1;2024-06-15;2.7;86;f
2056;1199;2024-S2;2024-12-10;3.7;72;f
2057;1200;2024-S1;2024-06-15;2.8;57;f
2058;1201;2024-S1;2024-06-15;4.3;81;f
2059;1201;2024-S2;2024-12-10;2.7;71;f
2060;1202;2024-S1;2024-06-15;3.2;74;f
2061;1202;2024-S2;2024-12-10;3.6;100;f
2062;1203;2024-S1;2024-06-15;3.0;72;f
2063;1203;2024-S2;2024-12-10;3.8;65;f
2064;1204;2024-S1;2024-06-15;3.7;100;f
2065;1204;2024-S2;2024-12-10;3.9;93;f
2066;1205;2024-S1;2024-06-15;3.4;82;f
2067;1205;2024-S2;2024-12-10;3.3;59;f
2068;1206;2024-S1;2024-06-15;2.7;57;f
2069;1206;2024-S2;2024-12-10;3.7;93;f
2070;1207;2024-S1;2024-06-15;3.6;75;f
2071;1207;2024-S2;2024-12-10;4.3;67;f
2072;1208;2024-S1;2024-06-15;3.2;59;f
2073;1208;2024-S2;2024-12-10;4.3;74;f
2074;1209;2024-S1;2024-06-15;3.8;59;f
2075;1211;2024-S1;2024-06-15;4.4;97;f
2076;1211;2024-S2;2024-12-10;3.8;84;f
2077;1213;2024-S1;2024-06-15;3.3;89;f
2078;1213;2024-S2;2024-12-10;4.0;54;f
2079;1214;2024-S1;2024-06-15;3.9;78;f
2080;1214;2024-S2;2024-12-10;3.8;79;f
2081;1215;2024-S1;2024-06-15;3.7;69;f
2082;1215;2024-S2;2024-12-10;3.8;67;f
2083;1216;2024-S1;2024-06-15;3.3;87;f
2084;1216;2024-S2;2024-12-10;3.4;69;f
2085;1217;2024-S1;2024-06-15;3.4;59;f
2086;1217;2024-S2;2024-12-10;4.5;51;f
2087;1218;2024-S1;2024-06-15;3.9;70;f
2088;1218;2024-S2;2024-12-10;4.0;69;f
2089;1219;2024-S1;2024-06-15;4.0;75;f
2090;1219;2024-S2;2024-12-10;4.0;96;f
2091;1220;2024-S1;2024-06-15;2.7;73;f
2092;1220;2024-S2;2024-12-10;3.2;61;f
2093;1221;2024-S1;2024-06-15;3.2;67;f
2094;1221;2024-S2;2024-12-10;4.3;66;f
2095;1222;2024-S1;2024-06-15;3.9;84;f
2096;1222;2024-S2;2024-12-10;3.2;60;f
2097;1223;2024-S1;2024-06-15;3.7;46;f
2098;1223;2024-S2;2024-12-10;4.8;72;f
2099;1224;2024-S1;2024-06-15;4.0;69;f
2100;1224;2024-S2;2024-12-10;4.0;69;f
2101;1225;2024-S1;2024-06-15;4.0;90;f
2102;1225;2024-S2;2024-12-10;2.5;81;f
2103;1226;2024-S1;2024-06-15;3.4;56;f
2104;1226;2024-S2;2024-12-10;2.9;73;f
2105;1227;2024-S1;2024-06-15;3.9;63;f
2106;1227;2024-S2;2024-12-10;3.0;73;f
2107;1228;2024-S1;2024-06-15;3.7;80;f
2108;1228;2024-S2;2024-12-10;4.1;88;f
2109;1229;2024-S1;2024-06-15;4.1;49;f
2110;1229;2024-S2;2024-12-10;3.7;86;f
2111;1230;2024-S1;2024-06-15;4.2;100;f
2112;1230;2024-S2;2024-12-10;4.2;53;f
2113;1231;2024-S1;2024-06-15;2.8;72;f
2114;1231;2024-S2;2024-12-10;3.8;64;f
2115;1232;2024-S1;2024-06-15;4.1;36;f
2116;1232;2024-S2;2024-12-10;3.4;40;f
2117;1233;2024-S1;2024-06-15;3.3;67;f
2118;1233;2024-S2;2024-12-10;4.3;54;f
2119;1234;2024-S1;2024-06-15;3.6;64;f
2120;1234;2024-S2;2024-12-10;3.6;66;f
2121;1235;2024-S1;2024-06-15;3.6;62;f
2122;1235;2024-S2;2024-12-10;3.9;87;f
2123;1236;2024-S1;2024-06-15;3.7;100;f
2124;1236;2024-S2;2024-12-10;3.7;83;f
2125;1237;2024-S1;2024-06-15;3.3;70;f
2126;1237;2024-S2;2024-12-10;3.5;54;f
2127;1238;2024-S1;2024-06-15;3.3;77;f
2128;1238;2024-S2;2024-12-10;4.4;79;f
2129;1239;2024-S1;2024-06-15;3.9;59;f
2130;1239;2024-S2;2024-12-10;4.0;63;f
2131;1240;2024-S1;2024-06-15;3.1;59;f
2132;1240;2024-S2;2024-12-10;3.6;64;f
2133;1241;2024-S1;2024-06-15;3.9;66;f
2134;1241;2024-S2;2024-12-10;3.9;67;f
2135;1242;2024-S1;2024-06-15;3.7;58;f
2136;1242;2024-S2;2024-12-10;4.5;49;f
2137;1243;2024-S1;2024-06-15;5.0;78;f
2138;1243;2024-S2;2024-12-10;2.8;73;f
2139;1244;2024-S1;2024-06-15;3.8;92;f
2140;1244;2024-S2;2024-12-10;3.0;53;f
2141;1245;2024-S1;2024-06-15;3.9;74;f
2142;1245;2024-S2;2024-12-10;4.5;58;f
2143;1246;2024-S2;2024-12-10;3.1;98;f
2144;1247;2024-S1;2024-06-15;3.7;61;f
2145;1248;2024-S1;2024-06-15;4.1;43;f
2146;1248;2024-S2;2024-12-10;3.9;63;f
2147;1249;2024-S1;2024-06-15;3.4;90;f
2148;1249;2024-S2;2024-12-10;3.9;56;f
2149;1250;2024-S1;2024-06-15;3.7;73;f
2150;1250;2024-S2;2024-12-10;3.6;58;f
2151;1251;2024-S1;2024-06-15;3.8;81;f
2152;1251;2024-S2;2024-12-10;3.9;62;f
2153;1254;2024-S1;2024-06-15;3.6;41;f
2154;1254;2024-S2;2024-12-10;4.6;63;f
2155;1255;2024-S1;2024-06-15;3.4;53;f
2156;1255;2024-S2;2024-12-10;4.2;86;f
2157;1256;2024-S1;2024-06-15;3.4;56;f
2158;1256;2024-S2;2024-12-10;3.7;67;f
2159;1257;2024-S1;2024-06-15;3.0;43;f
2160;1258;2024-S1;2024-06-15;3.6;81;f
2161;1258;2024-S2;2024-12-10;2.8;67;f
2162;1259;2024-S1;2024-06-15;3.8;66;f
2163;1260;2024-S1;2024-06-15;3.9;75;f
2164;1260;2024-S2;2024-12-10;4.2;68;f
2165;1261;2024-S1;2024-06-15;2.6;50;f
2166;1261;2024-S2;2024-12-10;4.0;74;f
2167;1262;2024-S1;2024-06-15;3.6;69;f
2168;1262;2024-S2;2024-12-10;3.3;62;f
2169;1263;2024-S2;2024-12-10;3.4;68;f
2170;1264;2024-S1;2024-06-15;3.8;70;f
2171;1265;2024-S1;2024-06-15;3.5;81;f
2172;1265;2024-S2;2024-12-10;4.2;90;f
2173;1266;2024-S1;2024-06-15;3.6;64;f
2174;1266;2024-S2;2024-12-10;3.7;64;f
2175;1267;2024-S2;2024-12-10;3.7;77;f
2176;1268;2024-S1;2024-06-15;3.8;69;f
2177;1268;2024-S2;2024-12-10;4.1;95;f
2178;1269;2024-S1;2024-06-15;2.2;49;f
2179;1270;2024-S1;2024-06-15;3.6;60;f
2180;1271;2024-S1;2024-06-15;3.3;66;f
2181;1272;2024-S1;2024-06-15;4.6;85;f
2182;1272;2024-S2;2024-12-10;3.4;59;f
2183;1273;2024-S1;2024-06-15;3.9;54;f
2184;1274;2024-S1;2024-06-15;3.8;100;f
2185;1274;2024-S2;2024-12-10;3.1;61;f
2186;1275;2024-S1;2024-06-15;3.4;59;f
2187;1275;2024-S2;2024-12-10;3.2;96;f
2188;1276;2024-S2;2024-12-10;3.7;84;f
2189;1277;2024-S1;2024-06-15;4.4;46;f
2190;1277;2024-S2;2024-12-10;3.3;59;f
2191;1278;2024-S2;2024-12-10;2.3;77;f
2192;1279;2024-S1;2024-06-15;3.9;90;f
2193;1279;2024-S2;2024-12-10;4.0;35;f
2194;1280;2024-S1;2024-06-15;3.3;63;f
2195;1280;2024-S2;2024-12-10;4.0;34;f
2196;1281;2024-S1;2024-06-15;4.0;83;f
2197;1281;2024-S2;2024-12-10;3.6;60;f
2198;1282;2024-S1;2024-06-15;4.3;52;f
2199;1282;2024-S2;2024-12-10;4.3;84;f
2200;1283;2024-S1;2024-06-15;4.0;97;f
2201;1284;2024-S2;2024-12-10;3.7;80;f
2202;1286;2024-S1;2024-06-15;3.7;67;f
2203;1286;2024-S2;2024-12-10;4.0;67;f
2204;1287;2024-S1;2024-06-15;3.7;72;f
2205;1287;2024-S2;2024-12-10;3.5;82;f
2206;1288;2024-S2;2024-12-10;2.7;62;f
2207;1289;2024-S1;2024-06-15;3.2;76;f
2208;1290;2024-S1;2024-06-15;3.6;52;f
2209;1290;2024-S2;2024-12-10;4.0;75;f
2210;1291;2024-S1;2024-06-15;3.7;82;f
2211;1291;2024-S2;2024-12-10;4.0;68;f
2212;1292;2024-S1;2024-06-15;3.9;91;f
2213;1292;2024-S2;2024-12-10;3.6;89;f
2214;1293;2024-S1;2024-06-15;4.7;76;f
2215;1293;2024-S2;2024-12-10;3.1;67;f
2216;1295;2024-S1;2024-06-15;3.8;72;f
2217;1295;2024-S2;2024-12-10;3.8;89;f
2218;1296;2024-S1;2024-06-15;3.2;77;f
2219;1296;2024-S2;2024-12-10;4.2;68;f
2220;1297;2024-S1;2024-06-15;3.1;69;f
2221;1297;2024-S2;2024-12-10;3.1;62;f
2222;1298;2024-S1;2024-06-15;4.0;75;f
2223;1298;2024-S2;2024-12-10;4.1;78;f
2224;1299;2024-S1;2024-06-15;3.6;57;f
2225;1299;2024-S2;2024-12-10;3.9;64;f
2226;1300;2024-S1;2024-06-15;3.6;61;f
2227;1300;2024-S2;2024-12-10;4.2;40;f
2228;1301;2024-S1;2024-06-15;4.0;74;f
2229;1301;2024-S2;2024-12-10;4.2;54;f
2230;1302;2024-S1;2024-06-15;3.7;66;f
2231;1302;2024-S2;2024-12-10;3.6;72;f
2232;1303;2024-S1;2024-06-15;3.4;70;f
2233;1303;2024-S2;2024-12-10;4.4;92;f
2234;1305;2024-S1;2024-06-15;3.8;92;f
2235;1305;2024-S2;2024-12-10;2.9;83;f
2236;1307;2024-S1;2024-06-15;3.8;66;f
2237;1307;2024-S2;2024-12-10;4.0;74;f
2238;1309;2024-S1;2024-06-15;3.4;81;f
2239;1309;2024-S2;2024-12-10;3.7;61;f
2240;1310;2024-S1;2024-06-15;4.1;48;f
2241;1310;2024-S2;2024-12-10;4.6;84;t
2242;1311;2024-S1;2024-06-15;3.6;71;f
2243;1311;2024-S2;2024-12-10;3.5;81;f
2244;1312;2024-S1;2024-06-15;5.0;77;f
2245;1312;2024-S2;2024-12-10;3.1;56;f
2246;1313;2024-S1;2024-06-15;3.2;60;f
2247;1313;2024-S2;2024-12-10;3.2;75;f
2248;1314;2024-S1;2024-06-15;2.9;78;f
2249;1314;2024-S2;2024-12-10;4.2;63;f
2250;1315;2024-S1;2024-06-15;3.9;81;f
2251;1316;2024-S1;2024-06-15;4.2;73;f
2252;1316;2024-S2;2024-12-10;3.2;73;f
2253;1317;2024-S1;2024-06-15;3.6;73;f
2254;1317;2024-S2;2024-12-10;3.2;50;f
2255;1318;2024-S1;2024-06-15;2.6;47;f
2256;1318;2024-S2;2024-12-10;2.7;86;f
2257;1319;2024-S1;2024-06-15;3.8;72;f
2258;1319;2024-S2;2024-12-10;3.5;45;f
2259;1320;2024-S1;2024-06-15;3.9;75;f
2260;1320;2024-S2;2024-12-10;3.7;61;f
2261;1321;2024-S1;2024-06-15;3.3;79;f
2262;1321;2024-S2;2024-12-10;3.3;86;f
2263;1322;2024-S1;2024-06-15;4.6;87;f
2264;1322;2024-S2;2024-12-10;4.8;90;f
2265;1323;2024-S1;2024-06-15;2.8;59;f
2266;1323;2024-S2;2024-12-10;3.6;85;f
2267;1324;2024-S1;2024-06-15;5.0;73;f
2268;1324;2024-S2;2024-12-10;4.1;50;f
2269;1325;2024-S1;2024-06-15;3.3;76;f
2270;1325;2024-S2;2024-12-10;2.6;75;f
2271;1326;2024-S1;2024-06-15;2.4;45;f
2272;1327;2024-S1;2024-06-15;3.3;79;f
2273;1327;2024-S2;2024-12-10;4.3;82;f
2274;1328;2024-S1;2024-06-15;4.1;79;f
2275;1328;2024-S2;2024-12-10;3.7;65;f
2276;1329;2024-S1;2024-06-15;4.2;59;f
2277;1329;2024-S2;2024-12-10;4.0;78;f
2278;1331;2024-S1;2024-06-15;3.1;58;f
2279;1331;2024-S2;2024-12-10;4.0;74;f
2280;1333;2024-S1;2024-06-15;3.9;68;f
2281;1334;2024-S1;2024-06-15;4.5;80;t
2282;1334;2024-S2;2024-12-10;3.5;56;f
2283;1335;2024-S1;2024-06-15;3.6;75;f
2284;1335;2024-S2;2024-12-10;3.1;67;f
2285;1336;2024-S1;2024-06-15;3.0;81;f
2286;1336;2024-S2;2024-12-10;3.6;38;f
2287;1337;2024-S1;2024-06-15;4.3;55;f
2288;1337;2024-S2;2024-12-10;5.0;62;f
2289;1338;2024-S1;2024-06-15;3.4;74;f
2290;1338;2024-S2;2024-12-10;2.4;78;f
2291;1339;2024-S1;2024-06-15;4.1;84;f
2292;1339;2024-S2;2024-12-10;3.9;73;f
2293;1340;2024-S1;2024-06-15;2.9;78;f
2294;1340;2024-S2;2024-12-10;3.7;66;f
2295;1342;2024-S2;2024-12-10;3.1;78;f
2296;1343;2024-S1;2024-06-15;3.5;45;f
2297;1343;2024-S2;2024-12-10;3.6;61;f
2298;1344;2024-S1;2024-06-15;4.2;69;f
2299;1344;2024-S2;2024-12-10;3.6;76;f
2300;1345;2024-S1;2024-06-15;4.6;77;f
2301;1345;2024-S2;2024-12-10;3.3;50;f
2302;1346;2024-S1;2024-06-15;4.4;37;f
2303;1347;2024-S1;2024-06-15;3.7;100;f
2304;1347;2024-S2;2024-12-10;2.7;56;f
2305;1348;2024-S1;2024-06-15;3.8;60;f
2306;1348;2024-S2;2024-12-10;3.6;77;f
2307;1349;2024-S2;2024-12-10;4.0;87;f
2308;1350;2024-S1;2024-06-15;2.8;89;f
2309;1351;2024-S1;2024-06-15;4.4;83;f
2310;1351;2024-S2;2024-12-10;3.1;55;f
2311;1352;2024-S1;2024-06-15;3.9;81;f
2312;1352;2024-S2;2024-12-10;4.3;65;f
2313;1353;2024-S1;2024-06-15;4.0;80;f
2314;1353;2024-S2;2024-12-10;3.3;65;f
2315;1355;2024-S2;2024-12-10;2.8;57;f
2316;1356;2024-S1;2024-06-15;3.4;79;f
2317;1356;2024-S2;2024-12-10;4.9;78;f
2318;1358;2024-S1;2024-06-15;3.0;65;f
2319;1358;2024-S2;2024-12-10;4.3;60;f
2320;1359;2024-S1;2024-06-15;4.5;81;f
2321;1359;2024-S2;2024-12-10;3.5;80;f
2322;1360;2024-S1;2024-06-15;4.8;68;f
2323;1360;2024-S2;2024-12-10;3.9;91;f
2324;1361;2024-S1;2024-06-15;4.8;73;f
2325;1361;2024-S2;2024-12-10;4.2;68;f
2326;1362;2024-S1;2024-06-15;3.9;68;f
2327;1362;2024-S2;2024-12-10;4.3;95;f
2328;1364;2024-S1;2024-06-15;3.0;70;f
2329;1364;2024-S2;2024-12-10;3.4;67;f
2330;1365;2024-S1;2024-06-15;3.6;59;f
2331;1365;2024-S2;2024-12-10;3.9;55;f
2332;1366;2024-S1;2024-06-15;4.2;76;f
2333;1366;2024-S2;2024-12-10;3.1;56;f
2334;1368;2024-S1;2024-06-15;4.1;62;f
2335;1368;2024-S2;2024-12-10;4.6;42;f
2336;1369;2024-S1;2024-06-15;2.0;39;f
2337;1369;2024-S2;2024-12-10;2.6;54;f
2338;1371;2024-S1;2024-06-15;3.6;67;f
2339;1371;2024-S2;2024-12-10;3.3;60;f
2340;1372;2024-S1;2024-06-15;3.3;70;f
2341;1372;2024-S2;2024-12-10;2.7;79;f
2342;1373;2024-S2;2024-12-10;3.7;70;f
2343;1375;2024-S1;2024-06-15;4.3;80;f
2344;1375;2024-S2;2024-12-10;3.8;81;f
2345;1376;2024-S1;2024-06-15;3.4;80;f
2346;1376;2024-S2;2024-12-10;4.2;37;f
2347;1377;2024-S1;2024-06-15;4.7;76;f
2348;1377;2024-S2;2024-12-10;4.0;87;f
2349;1378;2024-S1;2024-06-15;3.6;66;f
2350;1378;2024-S2;2024-12-10;3.9;100;f
2351;1379;2024-S2;2024-12-10;3.6;63;f
2352;1380;2024-S1;2024-06-15;4.4;42;f
2353;1380;2024-S2;2024-12-10;3.6;63;f
2354;1381;2024-S1;2024-06-15;4.0;73;f
2355;1381;2024-S2;2024-12-10;3.1;81;f
2356;1382;2024-S1;2024-06-15;3.2;71;f
2357;1382;2024-S2;2024-12-10;3.5;83;f
2358;1383;2024-S1;2024-06-15;3.4;28;f
2359;1383;2024-S2;2024-12-10;3.1;72;f
2360;1384;2024-S1;2024-06-15;3.3;88;f
2361;1384;2024-S2;2024-12-10;3.1;80;f
2362;1385;2024-S2;2024-12-10;4.1;74;f
2363;1386;2024-S1;2024-06-15;3.9;70;f
2364;1386;2024-S2;2024-12-10;3.9;65;f
2365;1387;2024-S1;2024-06-15;3.8;67;f
2366;1387;2024-S2;2024-12-10;3.5;62;f
2367;1390;2024-S1;2024-06-15;3.6;93;f
2368;1390;2024-S2;2024-12-10;3.6;85;f
2369;1391;2024-S1;2024-06-15;4.0;75;f
2370;1391;2024-S2;2024-12-10;3.9;72;f
2371;1392;2024-S1;2024-06-15;3.4;96;f
2372;1393;2024-S1;2024-06-15;4.3;72;f
2373;1393;2024-S2;2024-12-10;3.7;79;f
2374;1394;2024-S1;2024-06-15;3.1;61;f
2375;1394;2024-S2;2024-12-10;2.7;69;f
2376;1395;2024-S1;2024-06-15;4.4;68;f
2377;1395;2024-S2;2024-12-10;4.9;65;f
2378;1396;2024-S1;2024-06-15;3.8;68;f
2379;1396;2024-S2;2024-12-10;2.5;68;f
2380;1397;2024-S1;2024-06-15;3.2;75;f
2381;1397;2024-S2;2024-12-10;4.4;67;f
2382;1398;2024-S1;2024-06-15;3.9;69;f
2383;1398;2024-S2;2024-12-10;4.2;100;f
2384;1399;2024-S1;2024-06-15;4.5;63;f
2385;1399;2024-S2;2024-12-10;4.5;76;f
2386;1400;2024-S1;2024-06-15;4.4;57;f
2387;1400;2024-S2;2024-12-10;3.7;74;f
2388;1401;2024-S1;2024-06-15;3.7;76;f
2389;1401;2024-S2;2024-12-10;3.6;67;f
2390;1402;2024-S1;2024-06-15;3.4;60;f
2391;1402;2024-S2;2024-12-10;3.9;70;f
2392;1403;2024-S1;2024-06-15;3.4;51;f
2393;1403;2024-S2;2024-12-10;4.0;81;f
2394;1404;2024-S1;2024-06-15;3.2;73;f
2395;1404;2024-S2;2024-12-10;3.4;82;f
2396;1405;2024-S1;2024-06-15;3.4;65;f
2397;1405;2024-S2;2024-12-10;3.8;66;f
2398;1406;2024-S1;2024-06-15;3.4;63;f
2399;1406;2024-S2;2024-12-10;3.5;66;f
2400;1407;2024-S1;2024-06-15;3.7;69;f
2401;1407;2024-S2;2024-12-10;4.0;55;f
2402;1408;2024-S1;2024-06-15;3.7;45;f
2403;1409;2024-S1;2024-06-15;4.2;78;f
2404;1409;2024-S2;2024-12-10;3.8;78;f
2405;1410;2024-S1;2024-06-15;3.9;69;f
2406;1410;2024-S2;2024-12-10;5.0;87;f
2407;1411;2024-S1;2024-06-15;3.1;64;f
2408;1411;2024-S2;2024-12-10;2.4;74;f
2409;1412;2024-S1;2024-06-15;3.4;71;f
2410;1412;2024-S2;2024-12-10;3.2;60;f
2411;1413;2024-S1;2024-06-15;2.9;67;f
2412;1413;2024-S2;2024-12-10;4.0;62;f
2413;1415;2024-S1;2024-06-15;4.1;62;f
2414;1415;2024-S2;2024-12-10;3.7;90;f
2415;1416;2024-S1;2024-06-15;3.4;75;f
2416;1416;2024-S2;2024-12-10;3.8;75;f
2417;1417;2024-S1;2024-06-15;4.0;75;f
2418;1417;2024-S2;2024-12-10;3.1;66;f
2419;1418;2024-S1;2024-06-15;4.0;81;f
2420;1418;2024-S2;2024-12-10;3.3;85;f
2421;1419;2024-S1;2024-06-15;3.4;76;f
2422;1419;2024-S2;2024-12-10;3.8;59;f
2423;1420;2024-S1;2024-06-15;3.5;43;f
2424;1420;2024-S2;2024-12-10;3.5;89;f
2425;1421;2024-S1;2024-06-15;2.7;59;f
2426;1421;2024-S2;2024-12-10;3.4;42;f
2427;1422;2024-S1;2024-06-15;2.6;100;f
2428;1422;2024-S2;2024-12-10;4.0;85;f
2429;1423;2024-S1;2024-06-15;3.9;80;f
2430;1424;2024-S1;2024-06-15;3.5;86;f
2431;1424;2024-S2;2024-12-10;4.5;62;f
2432;1425;2024-S1;2024-06-15;3.6;63;f
2433;1425;2024-S2;2024-12-10;3.7;82;f
2434;1426;2024-S1;2024-06-15;3.6;47;f
2435;1426;2024-S2;2024-12-10;4.2;61;f
2436;1427;2024-S1;2024-06-15;3.9;79;f
2437;1427;2024-S2;2024-12-10;3.5;59;f
2438;1428;2024-S1;2024-06-15;3.4;94;f
2439;1428;2024-S2;2024-12-10;3.2;56;f
2440;1430;2024-S1;2024-06-15;3.8;69;f
2441;1430;2024-S2;2024-12-10;3.5;59;f
2442;1431;2024-S1;2024-06-15;3.7;69;f
2443;1431;2024-S2;2024-12-10;4.4;59;f
2444;1432;2024-S1;2024-06-15;3.4;89;f
2445;1432;2024-S2;2024-12-10;3.4;61;f
2446;1433;2024-S1;2024-06-15;3.9;74;f
2447;1433;2024-S2;2024-12-10;3.5;73;f
2448;1434;2024-S1;2024-06-15;4.0;74;f
2449;1434;2024-S2;2024-12-10;4.0;69;f
2450;1435;2024-S1;2024-06-15;3.1;79;f
2451;1435;2024-S2;2024-12-10;3.6;67;f
2452;1436;2024-S1;2024-06-15;4.1;95;f
2453;1436;2024-S2;2024-12-10;2.8;67;f
2454;1437;2024-S1;2024-06-15;3.7;73;f
2455;1437;2024-S2;2024-12-10;3.6;70;f
2456;1438;2024-S1;2024-06-15;3.9;69;f
2457;1438;2024-S2;2024-12-10;3.4;64;f
2458;1439;2024-S1;2024-06-15;4.4;99;f
2459;1440;2024-S1;2024-06-15;3.5;67;f
2460;1440;2024-S2;2024-12-10;3.9;73;f
2461;1441;2024-S1;2024-06-15;3.6;54;f
2462;1441;2024-S2;2024-12-10;3.3;81;f
2463;1442;2024-S1;2024-06-15;3.5;99;f
2464;1442;2024-S2;2024-12-10;4.8;59;f
2465;1443;2024-S1;2024-06-15;4.4;70;f
2466;1443;2024-S2;2024-12-10;3.8;81;f
2467;1445;2024-S1;2024-06-15;4.3;61;f
2468;1445;2024-S2;2024-12-10;4.9;75;f
2469;1446;2024-S1;2024-06-15;2.6;68;f
2470;1446;2024-S2;2024-12-10;4.9;63;f
2471;1447;2024-S1;2024-06-15;5.0;73;f
2472;1447;2024-S2;2024-12-10;3.7;57;f
2473;1448;2024-S2;2024-12-10;4.0;67;f
2474;1449;2024-S1;2024-06-15;3.7;69;f
2475;1449;2024-S2;2024-12-10;4.2;69;f
2476;1450;2024-S1;2024-06-15;2.3;60;f
2477;1450;2024-S2;2024-12-10;3.0;92;f
2478;1451;2024-S1;2024-06-15;4.0;72;f
2479;1451;2024-S2;2024-12-10;3.6;52;f
2480;1452;2024-S1;2024-06-15;3.6;85;f
2481;1452;2024-S2;2024-12-10;4.2;77;f
2482;1453;2024-S2;2024-12-10;2.9;61;f
2483;1454;2024-S1;2024-06-15;3.9;55;f
2484;1454;2024-S2;2024-12-10;4.1;53;f
2485;1455;2024-S1;2024-06-15;3.1;53;f
2486;1455;2024-S2;2024-12-10;3.4;50;f
2487;1456;2024-S1;2024-06-15;3.4;59;f
2488;1456;2024-S2;2024-12-10;3.3;81;f
2489;1457;2024-S1;2024-06-15;3.7;81;f
2490;1457;2024-S2;2024-12-10;4.9;48;f
2491;1458;2024-S1;2024-06-15;3.4;57;f
2492;1458;2024-S2;2024-12-10;3.3;77;f
2493;1459;2024-S1;2024-06-15;4.7;81;t
2494;1460;2024-S1;2024-06-15;4.3;95;f
2495;1460;2024-S2;2024-12-10;3.0;76;f
2496;1461;2024-S1;2024-06-15;3.9;73;f
2497;1461;2024-S2;2024-12-10;3.6;64;f
2498;1462;2024-S2;2024-12-10;2.8;69;f
2499;1463;2024-S1;2024-06-15;4.2;87;f
2500;1463;2024-S2;2024-12-10;3.8;58;f
2501;1464;2024-S1;2024-06-15;3.0;63;f
2502;1464;2024-S2;2024-12-10;2.6;36;f
2503;1465;2024-S1;2024-06-15;3.0;76;f
2504;1466;2024-S1;2024-06-15;2.8;76;f
2505;1466;2024-S2;2024-12-10;3.2;88;f
2506;1467;2024-S2;2024-12-10;3.4;65;f
2507;1468;2024-S1;2024-06-15;3.3;61;f
2508;1468;2024-S2;2024-12-10;3.7;76;f
2509;1469;2024-S1;2024-06-15;3.7;54;f
2510;1469;2024-S2;2024-12-10;3.9;55;f
2511;1471;2024-S1;2024-06-15;3.1;64;f
2512;1471;2024-S2;2024-12-10;4.1;56;f
2513;1472;2024-S1;2024-06-15;3.9;36;f
2514;1472;2024-S2;2024-12-10;4.0;86;f
2515;1473;2024-S1;2024-06-15;4.0;71;f
2516;1473;2024-S2;2024-12-10;3.3;58;f
2517;1474;2024-S1;2024-06-15;3.2;63;f
2518;1474;2024-S2;2024-12-10;4.2;70;f
2519;1475;2024-S1;2024-06-15;4.1;100;f
2520;1475;2024-S2;2024-12-10;4.6;71;f
2521;1476;2024-S2;2024-12-10;3.4;83;f
2522;1477;2024-S1;2024-06-15;4.2;79;f
2523;1477;2024-S2;2024-12-10;4.5;58;f
2524;1478;2024-S1;2024-06-15;3.9;71;f
2525;1478;2024-S2;2024-12-10;4.1;65;f
2526;1479;2024-S1;2024-06-15;3.9;46;f
2527;1479;2024-S2;2024-12-10;3.7;95;f
2528;1480;2024-S1;2024-06-15;3.4;70;f
2529;1480;2024-S2;2024-12-10;4.3;78;f
2530;1481;2024-S1;2024-06-15;2.8;70;f
2531;1481;2024-S2;2024-12-10;3.9;91;f
2532;1482;2024-S1;2024-06-15;4.3;71;f
2533;1482;2024-S2;2024-12-10;4.0;70;f
2534;1483;2024-S1;2024-06-15;3.4;87;f
2535;1483;2024-S2;2024-12-10;4.3;75;f
2536;1484;2024-S2;2024-12-10;3.3;71;f
2537;1485;2024-S1;2024-06-15;3.7;84;f
2538;1485;2024-S2;2024-12-10;3.5;72;f
2539;1486;2024-S2;2024-12-10;3.8;68;f
2540;1487;2024-S1;2024-06-15;3.8;73;f
2541;1487;2024-S2;2024-12-10;3.3;64;f
2542;1488;2024-S1;2024-06-15;2.9;61;f
2543;1488;2024-S2;2024-12-10;4.5;81;t
2544;1489;2024-S1;2024-06-15;4.1;59;f
2545;1489;2024-S2;2024-12-10;3.8;70;f
2546;1490;2024-S1;2024-06-15;4.2;77;f
2547;1490;2024-S2;2024-12-10;3.8;71;f
2548;1491;2024-S1;2024-06-15;3.1;91;f
2549;1491;2024-S2;2024-12-10;3.9;67;f
2550;1492;2024-S1;2024-06-15;3.6;70;f
2551;1492;2024-S2;2024-12-10;3.2;64;f
2552;1493;2024-S1;2024-06-15;4.2;50;f
2553;1493;2024-S2;2024-12-10;4.7;72;f
2554;1494;2024-S1;2024-06-15;3.3;67;f
2555;1494;2024-S2;2024-12-10;3.9;65;f
2556;1495;2024-S1;2024-06-15;4.1;57;f
2557;1495;2024-S2;2024-12-10;3.3;75;f
2558;1496;2024-S1;2024-06-15;3.4;99;f
2559;1496;2024-S2;2024-12-10;4.2;79;f
2560;1497;2024-S1;2024-06-15;3.8;67;f
2561;1497;2024-S2;2024-12-10;3.6;60;f
2562;1499;2024-S1;2024-06-15;3.8;54;f
2563;1499;2024-S2;2024-12-10;4.5;72;f
2564;1500;2024-S1;2024-06-15;4.5;84;t
2565;1500;2024-S2;2024-12-10;2.6;53;f
2566;1501;2024-S1;2024-06-15;3.8;76;f
2567;1501;2024-S2;2024-12-10;4.2;69;f
2568;1502;2024-S1;2024-06-15;4.5;79;f
2569;1502;2024-S2;2024-12-10;2.7;46;f
2570;1503;2024-S1;2024-06-15;3.8;68;f
2571;1503;2024-S2;2024-12-10;3.8;67;f
2572;1504;2024-S1;2024-06-15;3.4;61;f
2573;1504;2024-S2;2024-12-10;3.7;83;f
2574;1505;2024-S1;2024-06-15;3.1;70;f
2575;1505;2024-S2;2024-12-10;4.5;47;f
2576;1506;2024-S1;2024-06-15;4.1;69;f
2577;1506;2024-S2;2024-12-10;3.3;64;f
2578;1507;2024-S1;2024-06-15;4.3;70;f
2579;1507;2024-S2;2024-12-10;3.1;59;f
2580;1508;2024-S1;2024-06-15;3.4;84;f
2581;1508;2024-S2;2024-12-10;3.4;71;f
2582;1509;2024-S1;2024-06-15;3.3;66;f
2583;1509;2024-S2;2024-12-10;3.6;58;f
2584;1510;2024-S1;2024-06-15;3.3;64;f
2585;1511;2024-S1;2024-06-15;4.5;72;f
2586;1511;2024-S2;2024-12-10;3.2;83;f
2587;1512;2024-S1;2024-06-15;4.2;59;f
2588;1512;2024-S2;2024-12-10;4.6;77;f
2589;1513;2024-S1;2024-06-15;3.9;77;f
2590;1513;2024-S2;2024-12-10;3.9;70;f
2591;1514;2024-S1;2024-06-15;4.1;67;f
2592;1514;2024-S2;2024-12-10;4.6;44;f
2593;1515;2024-S1;2024-06-15;3.2;76;f
2594;1515;2024-S2;2024-12-10;3.7;64;f
2595;1516;2024-S1;2024-06-15;3.8;54;f
2596;1517;2024-S1;2024-06-15;3.1;70;f
2597;1517;2024-S2;2024-12-10;3.9;61;f
2598;1518;2024-S1;2024-06-15;2.7;75;f
2599;1519;2024-S1;2024-06-15;4.0;56;f
2600;1519;2024-S2;2024-12-10;3.5;84;f
2601;1520;2024-S1;2024-06-15;3.1;71;f
2602;1520;2024-S2;2024-12-10;3.3;100;f
2603;1521;2024-S1;2024-06-15;3.0;46;f
2604;1521;2024-S2;2024-12-10;4.0;67;f
2605;1522;2024-S1;2024-06-15;3.1;65;f
2606;1522;2024-S2;2024-12-10;4.5;72;f
2607;1523;2024-S1;2024-06-15;4.5;54;f
2608;1523;2024-S2;2024-12-10;4.3;58;f
2609;1524;2024-S1;2024-06-15;4.4;88;f
2610;1524;2024-S2;2024-12-10;3.2;77;f
2611;1525;2024-S1;2024-06-15;3.8;85;f
2612;1525;2024-S2;2024-12-10;3.1;66;f
2613;1526;2024-S1;2024-06-15;3.7;93;f
2614;1526;2024-S2;2024-12-10;3.7;58;f
2615;1527;2024-S1;2024-06-15;3.9;57;f
2616;1527;2024-S2;2024-12-10;2.8;69;f
2617;1528;2024-S1;2024-06-15;3.9;74;f
2618;1528;2024-S2;2024-12-10;3.7;96;f
2619;1529;2024-S1;2024-06-15;4.6;60;f
2620;1529;2024-S2;2024-12-10;4.2;100;f
2621;1530;2024-S1;2024-06-15;4.7;86;f
2622;1530;2024-S2;2024-12-10;3.3;79;f
2623;1531;2024-S1;2024-06-15;4.8;66;f
2624;1531;2024-S2;2024-12-10;3.8;62;f
2625;1532;2024-S1;2024-06-15;4.3;89;f
2626;1532;2024-S2;2024-12-10;3.3;80;f
2627;1533;2024-S1;2024-06-15;2.3;68;f
2628;1533;2024-S2;2024-12-10;4.4;65;f
2629;1534;2024-S1;2024-06-15;3.0;81;f
2630;1534;2024-S2;2024-12-10;3.6;74;f
2631;1535;2024-S1;2024-06-15;3.9;84;f
2632;1535;2024-S2;2024-12-10;4.3;77;f
2633;1536;2024-S1;2024-06-15;4.3;71;f
2634;1536;2024-S2;2024-12-10;3.9;72;f
2635;1537;2024-S1;2024-06-15;3.1;92;f
2636;1537;2024-S2;2024-12-10;3.7;94;f
2637;1538;2024-S1;2024-06-15;4.0;77;f
2638;1538;2024-S2;2024-12-10;4.2;76;f
2639;1539;2024-S1;2024-06-15;3.4;70;f
2640;1539;2024-S2;2024-12-10;4.3;82;f
2641;1540;2024-S1;2024-06-15;3.2;76;f
2642;1540;2024-S2;2024-12-10;3.2;73;f
2643;1541;2024-S1;2024-06-15;4.3;63;f
2644;1541;2024-S2;2024-12-10;3.6;58;f
2645;1542;2024-S1;2024-06-15;4.0;74;f
2646;1542;2024-S2;2024-12-10;3.3;77;f
2647;1543;2024-S1;2024-06-15;3.7;79;f
2648;1543;2024-S2;2024-12-10;3.2;67;f
2649;1544;2024-S1;2024-06-15;3.8;81;f
2650;1544;2024-S2;2024-12-10;3.2;73;f
2651;1545;2024-S1;2024-06-15;4.2;72;f
2652;1545;2024-S2;2024-12-10;3.5;64;f
2653;1546;2024-S2;2024-12-10;3.4;75;f
2654;1547;2024-S1;2024-06-15;2.6;64;f
2655;1547;2024-S2;2024-12-10;3.9;82;f
2656;1548;2024-S1;2024-06-15;3.2;63;f
2657;1549;2024-S1;2024-06-15;3.7;80;f
2658;1550;2024-S1;2024-06-15;3.5;70;f
2659;1550;2024-S2;2024-12-10;3.9;55;f
2660;1551;2024-S1;2024-06-15;4.6;73;f
2661;1551;2024-S2;2024-12-10;3.5;87;f
2662;1552;2024-S1;2024-06-15;3.8;69;f
2663;1552;2024-S2;2024-12-10;3.9;72;f
2664;1553;2024-S2;2024-12-10;3.4;86;f
2665;1554;2024-S1;2024-06-15;2.9;66;f
2666;1554;2024-S2;2024-12-10;4.7;73;f
2667;1555;2024-S1;2024-06-15;2.8;87;f
2668;1555;2024-S2;2024-12-10;3.5;57;f
2669;1556;2024-S1;2024-06-15;4.3;87;f
2670;1556;2024-S2;2024-12-10;4.5;58;f
2671;1557;2024-S1;2024-06-15;3.6;67;f
2672;1557;2024-S2;2024-12-10;3.2;80;f
2673;1558;2024-S1;2024-06-15;4.3;65;f
2674;1558;2024-S2;2024-12-10;3.8;74;f
2675;1559;2024-S1;2024-06-15;4.3;72;f
2676;1559;2024-S2;2024-12-10;3.7;84;f
2677;1560;2024-S1;2024-06-15;3.8;64;f
2678;1560;2024-S2;2024-12-10;3.1;63;f
2679;1561;2024-S1;2024-06-15;3.8;53;f
2680;1561;2024-S2;2024-12-10;3.9;50;f
2681;1562;2024-S1;2024-06-15;3.2;81;f
2682;1562;2024-S2;2024-12-10;3.5;75;f
2683;1563;2024-S1;2024-06-15;3.7;93;f
2684;1563;2024-S2;2024-12-10;3.8;57;f
2685;1564;2024-S1;2024-06-15;4.0;57;f
2686;1564;2024-S2;2024-12-10;4.2;83;f
2687;1565;2024-S1;2024-06-15;3.9;82;f
2688;1565;2024-S2;2024-12-10;4.3;71;f
2689;1566;2024-S1;2024-06-15;3.8;75;f
2690;1566;2024-S2;2024-12-10;3.3;63;f
2691;1567;2024-S1;2024-06-15;3.7;71;f
2692;1567;2024-S2;2024-12-10;3.8;65;f
2693;1568;2024-S1;2024-06-15;2.9;92;f
2694;1568;2024-S2;2024-12-10;2.9;83;f
2695;1569;2024-S1;2024-06-15;3.5;74;f
2696;1569;2024-S2;2024-12-10;4.1;65;f
2697;1570;2024-S1;2024-06-15;2.9;86;f
2698;1570;2024-S2;2024-12-10;4.1;73;f
2699;1571;2024-S1;2024-06-15;4.2;76;f
2700;1571;2024-S2;2024-12-10;3.7;69;f
2701;1572;2024-S1;2024-06-15;2.5;75;f
2702;1572;2024-S2;2024-12-10;3.1;78;f
2703;1573;2024-S1;2024-06-15;3.5;47;f
2704;1573;2024-S2;2024-12-10;3.7;65;f
2705;1574;2024-S1;2024-06-15;4.5;43;f
2706;1574;2024-S2;2024-12-10;3.2;55;f
2707;1575;2024-S1;2024-06-15;4.1;74;f
2708;1575;2024-S2;2024-12-10;4.1;56;f
2709;1576;2024-S1;2024-06-15;3.2;72;f
2710;1576;2024-S2;2024-12-10;4.7;79;f
2711;1577;2024-S2;2024-12-10;3.2;75;f
2712;1578;2024-S1;2024-06-15;4.0;52;f
2713;1578;2024-S2;2024-12-10;3.6;69;f
2714;1579;2024-S1;2024-06-15;4.7;73;f
2715;1579;2024-S2;2024-12-10;4.6;61;f
2716;1580;2024-S1;2024-06-15;4.0;52;f
2717;1580;2024-S2;2024-12-10;4.0;66;f
2718;1582;2024-S1;2024-06-15;3.5;81;f
2719;1582;2024-S2;2024-12-10;4.1;76;f
2720;1583;2024-S1;2024-06-15;4.7;72;f
2721;1583;2024-S2;2024-12-10;3.9;75;f
2722;1584;2024-S1;2024-06-15;4.1;72;f
2723;1584;2024-S2;2024-12-10;3.1;77;f
2724;1585;2024-S1;2024-06-15;2.9;83;f
2725;1585;2024-S2;2024-12-10;4.3;65;f
2726;1586;2024-S2;2024-12-10;3.4;44;f
2727;1587;2024-S1;2024-06-15;3.7;77;f
2728;1588;2024-S1;2024-06-15;3.9;75;f
2729;1588;2024-S2;2024-12-10;3.6;84;f
2730;1589;2024-S1;2024-06-15;3.2;58;f
2731;1589;2024-S2;2024-12-10;3.0;62;f
2732;1590;2024-S1;2024-06-15;3.1;39;f
2733;1590;2024-S2;2024-12-10;3.3;83;f
2734;1591;2024-S1;2024-06-15;3.9;80;f
2735;1591;2024-S2;2024-12-10;4.0;67;f
2736;1592;2024-S1;2024-06-15;3.6;61;f
2737;1592;2024-S2;2024-12-10;3.8;100;f
2738;1593;2024-S1;2024-06-15;3.0;85;f
2739;1593;2024-S2;2024-12-10;3.4;92;f
2740;1594;2024-S2;2024-12-10;3.9;63;f
2741;1595;2024-S1;2024-06-15;3.6;82;f
2742;1595;2024-S2;2024-12-10;4.6;83;f
2743;1596;2024-S1;2024-06-15;3.9;53;f
2744;1596;2024-S2;2024-12-10;3.3;80;f
2745;1597;2024-S1;2024-06-15;2.3;45;f
2746;1597;2024-S2;2024-12-10;4.0;79;f
2747;1598;2024-S2;2024-12-10;3.3;61;f
2748;1599;2024-S1;2024-06-15;4.2;84;f
2749;1599;2024-S2;2024-12-10;3.5;54;f
2750;1601;2024-S1;2024-06-15;4.5;53;f
2751;1601;2024-S2;2024-12-10;4.1;88;f
2752;1602;2024-S1;2024-06-15;3.7;63;f
2753;1602;2024-S2;2024-12-10;2.8;72;f
2754;1603;2024-S1;2024-06-15;2.9;76;f
2755;1603;2024-S2;2024-12-10;2.6;48;f
2756;1605;2024-S1;2024-06-15;3.8;83;f
2757;1605;2024-S2;2024-12-10;3.5;86;f
2758;1606;2024-S1;2024-06-15;3.4;100;f
2759;1606;2024-S2;2024-12-10;3.0;62;f
2760;1607;2024-S1;2024-06-15;4.4;68;f
2761;1607;2024-S2;2024-12-10;4.2;53;f
2762;1608;2024-S1;2024-06-15;3.2;80;f
2763;1608;2024-S2;2024-12-10;2.9;55;f
2764;1609;2024-S1;2024-06-15;3.6;90;f
2765;1609;2024-S2;2024-12-10;3.9;69;f
2766;1610;2024-S1;2024-06-15;3.8;47;f
2767;1610;2024-S2;2024-12-10;3.4;78;f
2768;1611;2024-S1;2024-06-15;3.8;80;f
2769;1611;2024-S2;2024-12-10;4.1;75;f
2770;1613;2024-S1;2024-06-15;2.3;76;f
2771;1613;2024-S2;2024-12-10;3.4;66;f
2772;1614;2024-S1;2024-06-15;3.5;76;f
2773;1614;2024-S2;2024-12-10;2.9;47;f
2774;1615;2024-S2;2024-12-10;3.0;84;f
2775;1616;2024-S1;2024-06-15;3.5;79;f
2776;1616;2024-S2;2024-12-10;4.0;77;f
2777;1617;2024-S1;2024-06-15;4.0;64;f
2778;1618;2024-S2;2024-12-10;4.1;77;f
2779;1619;2024-S2;2024-12-10;2.8;72;f
2780;1620;2024-S1;2024-06-15;3.6;78;f
2781;1620;2024-S2;2024-12-10;3.7;68;f
2782;1621;2024-S2;2024-12-10;4.6;80;t
2783;1623;2024-S1;2024-06-15;3.2;72;f
2784;1623;2024-S2;2024-12-10;2.7;98;f
2785;1624;2024-S1;2024-06-15;4.1;65;f
2786;1624;2024-S2;2024-12-10;4.5;59;f
2787;1625;2024-S1;2024-06-15;3.4;79;f
2788;1625;2024-S2;2024-12-10;4.2;63;f
2789;1626;2024-S1;2024-06-15;4.0;76;f
2790;1626;2024-S2;2024-12-10;3.7;64;f
2791;1627;2024-S1;2024-06-15;4.2;43;f
2792;1627;2024-S2;2024-12-10;3.8;62;f
2793;1628;2024-S1;2024-06-15;3.6;62;f
2794;1628;2024-S2;2024-12-10;3.0;62;f
2795;1629;2024-S1;2024-06-15;3.4;68;f
2796;1629;2024-S2;2024-12-10;3.7;80;f
2797;1630;2024-S1;2024-06-15;4.5;72;f
2798;1630;2024-S2;2024-12-10;3.1;82;f
2799;1631;2024-S1;2024-06-15;3.8;58;f
2800;1631;2024-S2;2024-12-10;3.7;81;f
2801;1632;2024-S1;2024-06-15;3.2;64;f
2802;1632;2024-S2;2024-12-10;3.7;67;f
2803;1633;2024-S1;2024-06-15;2.8;100;f
2804;1633;2024-S2;2024-12-10;3.4;62;f
2805;1634;2024-S1;2024-06-15;3.5;70;f
2806;1634;2024-S2;2024-12-10;3.9;56;f
2807;1635;2024-S1;2024-06-15;4.4;51;f
2808;1635;2024-S2;2024-12-10;3.4;82;f
2809;1636;2024-S1;2024-06-15;4.1;32;f
2810;1636;2024-S2;2024-12-10;3.7;72;f
2811;1637;2024-S1;2024-06-15;3.8;63;f
2812;1637;2024-S2;2024-12-10;3.6;79;f
2813;1638;2024-S1;2024-06-15;4.1;51;f
2814;1638;2024-S2;2024-12-10;4.0;76;f
2815;1639;2024-S1;2024-06-15;4.2;59;f
2816;1639;2024-S2;2024-12-10;3.9;45;f
2817;1640;2024-S1;2024-06-15;3.5;67;f
2818;1640;2024-S2;2024-12-10;3.7;82;f
2819;1641;2024-S1;2024-06-15;3.1;88;f
2820;1641;2024-S2;2024-12-10;2.4;48;f
2821;1642;2024-S1;2024-06-15;4.2;73;f
2822;1642;2024-S2;2024-12-10;4.6;82;t
2823;1643;2024-S1;2024-06-15;4.7;73;f
2824;1643;2024-S2;2024-12-10;3.9;61;f
2825;1644;2024-S1;2024-06-15;3.7;74;f
2826;1644;2024-S2;2024-12-10;3.8;61;f
2827;1645;2024-S1;2024-06-15;3.8;73;f
2828;1645;2024-S2;2024-12-10;3.9;66;f
2829;1646;2024-S1;2024-06-15;3.7;100;f
2830;1646;2024-S2;2024-12-10;3.7;86;f
2831;1647;2024-S1;2024-06-15;4.5;51;f
2832;1647;2024-S2;2024-12-10;3.6;69;f
2833;1648;2024-S1;2024-06-15;4.8;98;t
2834;1648;2024-S2;2024-12-10;3.2;51;f
2835;1649;2024-S1;2024-06-15;3.4;88;f
2836;1649;2024-S2;2024-12-10;3.8;78;f
2837;1650;2024-S1;2024-06-15;3.7;76;f
2838;1651;2024-S1;2024-06-15;3.6;65;f
2839;1651;2024-S2;2024-12-10;3.3;67;f
2840;1652;2024-S1;2024-06-15;5.0;79;f
2841;1652;2024-S2;2024-12-10;3.2;53;f
2842;1653;2024-S1;2024-06-15;3.7;48;f
2843;1653;2024-S2;2024-12-10;4.2;36;f
2844;1654;2024-S1;2024-06-15;3.5;46;f
2845;1654;2024-S2;2024-12-10;3.9;61;f
2846;1655;2024-S1;2024-06-15;4.1;41;f
2847;1655;2024-S2;2024-12-10;4.3;76;f
2848;1656;2024-S1;2024-06-15;3.7;60;f
2849;1656;2024-S2;2024-12-10;3.5;82;f
2850;1657;2024-S1;2024-06-15;3.2;70;f
2851;1657;2024-S2;2024-12-10;3.5;74;f
2852;1658;2024-S1;2024-06-15;2.9;92;f
2853;1658;2024-S2;2024-12-10;4.2;47;f
2854;1659;2024-S1;2024-06-15;2.6;91;f
2855;1659;2024-S2;2024-12-10;3.7;46;f
2856;1660;2024-S1;2024-06-15;3.4;67;f
2857;1660;2024-S2;2024-12-10;4.1;85;f
2858;1661;2024-S1;2024-06-15;3.8;69;f
2859;1661;2024-S2;2024-12-10;3.4;91;f
2860;1662;2024-S1;2024-06-15;3.5;79;f
2861;1662;2024-S2;2024-12-10;3.1;54;f
2862;1663;2024-S1;2024-06-15;3.8;66;f
2863;1663;2024-S2;2024-12-10;2.9;67;f
2864;1664;2024-S1;2024-06-15;5.0;71;f
2865;1664;2024-S2;2024-12-10;3.5;67;f
2866;1665;2024-S1;2024-06-15;4.4;69;f
2867;1665;2024-S2;2024-12-10;3.8;82;f
2868;1666;2024-S1;2024-06-15;4.4;61;f
2869;1666;2024-S2;2024-12-10;3.2;62;f
2870;1667;2024-S1;2024-06-15;4.1;82;f
2871;1667;2024-S2;2024-12-10;3.8;85;f
2872;1668;2024-S1;2024-06-15;4.1;63;f
2873;1668;2024-S2;2024-12-10;2.9;65;f
2874;1669;2024-S2;2024-12-10;4.0;78;f
2875;1670;2024-S1;2024-06-15;2.7;38;f
2876;1670;2024-S2;2024-12-10;4.1;82;f
2877;1671;2024-S1;2024-06-15;3.9;84;f
2878;1671;2024-S2;2024-12-10;3.8;53;f
2879;1672;2024-S1;2024-06-15;3.5;70;f
2880;1672;2024-S2;2024-12-10;3.4;63;f
2881;1673;2024-S1;2024-06-15;3.6;60;f
2882;1673;2024-S2;2024-12-10;2.5;73;f
2883;1674;2024-S1;2024-06-15;4.4;41;f
2884;1674;2024-S2;2024-12-10;3.8;57;f
2885;1675;2024-S1;2024-06-15;4.1;77;f
2886;1676;2024-S1;2024-06-15;4.3;60;f
2887;1676;2024-S2;2024-12-10;3.7;100;f
2888;1677;2024-S1;2024-06-15;3.8;81;f
2889;1677;2024-S2;2024-12-10;4.5;59;f
2890;1678;2024-S1;2024-06-15;2.6;48;f
2891;1678;2024-S2;2024-12-10;3.1;66;f
2892;1679;2024-S1;2024-06-15;4.0;85;f
2893;1679;2024-S2;2024-12-10;3.1;100;f
2894;1680;2024-S1;2024-06-15;4.4;64;f
2895;1680;2024-S2;2024-12-10;5.0;80;t
2896;1681;2024-S1;2024-06-15;3.1;70;f
2897;1681;2024-S2;2024-12-10;3.8;67;f
2898;1682;2024-S1;2024-06-15;4.6;88;t
2899;1682;2024-S2;2024-12-10;3.7;56;f
2900;1683;2024-S1;2024-06-15;2.9;72;f
2901;1683;2024-S2;2024-12-10;4.1;86;f
2902;1684;2024-S1;2024-06-15;3.8;60;f
2903;1684;2024-S2;2024-12-10;3.7;76;f
2904;1685;2024-S1;2024-06-15;3.3;65;f
2905;1685;2024-S2;2024-12-10;3.7;75;f
2906;1686;2024-S1;2024-06-15;3.0;64;f
2907;1686;2024-S2;2024-12-10;3.8;78;f
2908;1687;2024-S2;2024-12-10;3.8;76;f
2909;1688;2024-S1;2024-06-15;3.8;60;f
2910;1688;2024-S2;2024-12-10;4.5;66;f
2911;1689;2024-S1;2024-06-15;3.3;51;f
2912;1689;2024-S2;2024-12-10;3.4;62;f
2913;1690;2024-S1;2024-06-15;3.5;76;f
2914;1691;2024-S1;2024-06-15;4.4;83;f
2915;1691;2024-S2;2024-12-10;2.6;86;f
2916;1692;2024-S1;2024-06-15;4.0;97;f
2917;1692;2024-S2;2024-12-10;3.3;57;f
2918;1693;2024-S1;2024-06-15;4.2;82;f
2919;1693;2024-S2;2024-12-10;3.3;68;f
2920;1694;2024-S1;2024-06-15;4.0;76;f
2921;1694;2024-S2;2024-12-10;3.7;73;f
2922;1695;2024-S1;2024-06-15;3.2;69;f
2923;1695;2024-S2;2024-12-10;2.9;71;f
2924;1696;2024-S1;2024-06-15;2.9;56;f
2925;1696;2024-S2;2024-12-10;5.0;45;f
2926;1697;2024-S1;2024-06-15;4.2;75;f
2927;1697;2024-S2;2024-12-10;3.9;57;f
2928;1698;2024-S1;2024-06-15;4.1;46;f
2929;1698;2024-S2;2024-12-10;3.4;72;f
2930;1699;2024-S1;2024-06-15;4.6;81;t
2931;1699;2024-S2;2024-12-10;3.6;68;f
2932;1700;2024-S1;2024-06-15;3.4;100;f
2933;1700;2024-S2;2024-12-10;3.5;81;f
2934;1701;2024-S1;2024-06-15;2.9;13;f
2935;1701;2024-S2;2024-12-10;3.8;19;f
2936;1702;2024-S1;2024-06-15;3.2;64;f
2937;1702;2024-S2;2024-12-10;3.3;68;f
2938;1703;2024-S1;2024-06-15;3.3;90;f
2939;1703;2024-S2;2024-12-10;4.0;63;f
2940;1704;2024-S1;2024-06-15;3.2;64;f
2941;1704;2024-S2;2024-12-10;3.2;55;f
2942;1705;2024-S2;2024-12-10;4.2;66;f
2943;1706;2024-S1;2024-06-15;3.9;72;f
2944;1706;2024-S2;2024-12-10;4.5;84;t
2945;1707;2024-S1;2024-06-15;3.8;78;f
2946;1707;2024-S2;2024-12-10;2.4;77;f
2947;1708;2024-S1;2024-06-15;4.0;80;f
2948;1708;2024-S2;2024-12-10;3.6;96;f
2949;1709;2024-S1;2024-06-15;4.2;92;f
2950;1709;2024-S2;2024-12-10;3.9;72;f
2951;1710;2024-S1;2024-06-15;4.0;63;f
2952;1710;2024-S2;2024-12-10;4.2;65;f
2953;1713;2024-S1;2024-06-15;3.4;53;f
2954;1713;2024-S2;2024-12-10;4.3;100;f
2955;1714;2024-S1;2024-06-15;4.5;84;f
2956;1714;2024-S2;2024-12-10;3.5;70;f
2957;1716;2024-S1;2024-06-15;4.1;68;f
2958;1716;2024-S2;2024-12-10;3.8;62;f
2959;1717;2024-S1;2024-06-15;4.1;70;f
2960;1717;2024-S2;2024-12-10;3.5;60;f
2961;1718;2024-S1;2024-06-15;3.3;53;f
2962;1718;2024-S2;2024-12-10;3.9;63;f
2963;1719;2024-S1;2024-06-15;3.7;89;f
2964;1719;2024-S2;2024-12-10;3.6;69;f
2965;1720;2024-S1;2024-06-15;3.7;76;f
2966;1720;2024-S2;2024-12-10;3.4;83;f
2967;1721;2024-S1;2024-06-15;3.8;64;f
2968;1721;2024-S2;2024-12-10;3.5;88;f
2969;1722;2024-S1;2024-06-15;3.3;77;f
2970;1722;2024-S2;2024-12-10;4.0;56;f
2971;1723;2024-S1;2024-06-15;2.9;67;f
2972;1723;2024-S2;2024-12-10;4.1;51;f
2973;1724;2024-S1;2024-06-15;3.2;81;f
2974;1724;2024-S2;2024-12-10;3.1;86;f
2975;1725;2024-S1;2024-06-15;5.0;60;f
2976;1725;2024-S2;2024-12-10;4.5;76;f
2977;1726;2024-S1;2024-06-15;3.3;94;f
2978;1726;2024-S2;2024-12-10;3.9;88;f
2979;1727;2024-S1;2024-06-15;5.0;70;f
2980;1727;2024-S2;2024-12-10;4.0;56;f
2981;1728;2024-S1;2024-06-15;3.4;70;f
2982;1728;2024-S2;2024-12-10;3.8;42;f
2983;1729;2024-S1;2024-06-15;4.6;80;f
2984;1729;2024-S2;2024-12-10;3.9;85;f
2985;1730;2024-S2;2024-12-10;2.8;100;f
2986;1731;2024-S1;2024-06-15;4.1;80;f
2987;1731;2024-S2;2024-12-10;3.6;51;f
2988;1732;2024-S1;2024-06-15;4.1;87;f
2989;1732;2024-S2;2024-12-10;2.8;84;f
2990;1733;2024-S1;2024-06-15;4.5;93;t
2991;1733;2024-S2;2024-12-10;3.8;76;f
2992;1734;2024-S1;2024-06-15;4.0;92;f
2993;1734;2024-S2;2024-12-10;3.3;66;f
2994;1735;2024-S1;2024-06-15;3.1;43;f
2995;1735;2024-S2;2024-12-10;3.9;59;f
2996;1738;2024-S1;2024-06-15;4.2;63;f
2997;1738;2024-S2;2024-12-10;3.0;86;f
2998;1739;2024-S1;2024-06-15;4.0;69;f
2999;1739;2024-S2;2024-12-10;3.6;80;f
3000;1740;2024-S1;2024-06-15;3.5;50;f
3001;1741;2024-S1;2024-06-15;4.0;65;f
3002;1741;2024-S2;2024-12-10;3.6;25;f
3003;1742;2024-S1;2024-06-15;3.2;57;f
3004;1742;2024-S2;2024-12-10;3.1;66;f
3005;1743;2024-S1;2024-06-15;3.5;57;f
3006;1743;2024-S2;2024-12-10;4.4;80;f
3007;1744;2024-S2;2024-12-10;3.8;81;f
3008;1745;2024-S2;2024-12-10;2.8;47;f
3009;1746;2024-S1;2024-06-15;4.4;100;f
3010;1746;2024-S2;2024-12-10;3.7;100;f
3011;1747;2024-S1;2024-06-15;3.7;62;f
3012;1747;2024-S2;2024-12-10;4.2;41;f
3013;1748;2024-S1;2024-06-15;3.4;60;f
3014;1748;2024-S2;2024-12-10;3.0;65;f
3015;1749;2024-S1;2024-06-15;3.9;90;f
3016;1749;2024-S2;2024-12-10;4.3;49;f
3017;1750;2024-S1;2024-06-15;5.0;89;f
3018;1750;2024-S2;2024-12-10;4.7;73;f
3019;1751;2024-S1;2024-06-15;3.7;71;f
3020;1751;2024-S2;2024-12-10;3.4;100;f
3021;1752;2024-S1;2024-06-15;3.2;48;f
3022;1752;2024-S2;2024-12-10;3.4;77;f
3023;1753;2024-S1;2024-06-15;3.4;67;f
3024;1753;2024-S2;2024-12-10;2.6;54;f
3025;1754;2024-S1;2024-06-15;3.0;83;f
3026;1755;2024-S1;2024-06-15;2.9;62;f
3027;1755;2024-S2;2024-12-10;3.6;56;f
3028;1756;2024-S2;2024-12-10;3.9;78;f
3029;1757;2024-S1;2024-06-15;4.5;72;f
3030;1757;2024-S2;2024-12-10;2.5;63;f
3031;1758;2024-S1;2024-06-15;3.5;90;f
3032;1758;2024-S2;2024-12-10;3.6;77;f
3033;1759;2024-S1;2024-06-15;2.4;52;f
3034;1760;2024-S1;2024-06-15;3.4;48;f
3035;1760;2024-S2;2024-12-10;2.3;79;f
3036;1761;2024-S1;2024-06-15;3.9;77;f
3037;1761;2024-S2;2024-12-10;3.8;44;f
3038;1762;2024-S1;2024-06-15;3.3;70;f
3039;1762;2024-S2;2024-12-10;3.3;79;f
3040;1763;2024-S1;2024-06-15;3.6;81;f
3041;1763;2024-S2;2024-12-10;4.3;78;f
3042;1764;2024-S1;2024-06-15;3.8;53;f
3043;1764;2024-S2;2024-12-10;3.7;49;f
3044;1765;2024-S1;2024-06-15;3.0;76;f
3045;1765;2024-S2;2024-12-10;3.0;100;f
3046;1766;2024-S1;2024-06-15;4.2;72;f
3047;1766;2024-S2;2024-12-10;2.2;45;f
3048;1767;2024-S1;2024-06-15;5.0;64;f
3049;1769;2024-S1;2024-06-15;4.4;64;f
3050;1769;2024-S2;2024-12-10;3.2;57;f
3051;1770;2024-S1;2024-06-15;2.9;79;f
3052;1770;2024-S2;2024-12-10;3.9;64;f
3053;1771;2024-S1;2024-06-15;2.6;68;f
3054;1771;2024-S2;2024-12-10;4.0;100;f
3055;1772;2024-S2;2024-12-10;4.3;74;f
3056;1773;2024-S1;2024-06-15;3.2;89;f
3057;1773;2024-S2;2024-12-10;3.8;74;f
3058;1774;2024-S1;2024-06-15;4.3;68;f
3059;1774;2024-S2;2024-12-10;4.2;55;f
3060;1775;2024-S1;2024-06-15;3.3;78;f
3061;1775;2024-S2;2024-12-10;3.7;68;f
3062;1776;2024-S1;2024-06-15;3.0;85;f
3063;1776;2024-S2;2024-12-10;2.8;84;f
3064;1778;2024-S1;2024-06-15;3.7;72;f
3065;1778;2024-S2;2024-12-10;3.7;59;f
3066;1779;2024-S2;2024-12-10;3.7;77;f
3067;1781;2024-S1;2024-06-15;3.9;70;f
3068;1781;2024-S2;2024-12-10;3.6;70;f
3069;1782;2024-S1;2024-06-15;3.6;47;f
3070;1782;2024-S2;2024-12-10;3.4;57;f
3071;1783;2024-S1;2024-06-15;3.6;59;f
3072;1783;2024-S2;2024-12-10;3.9;88;f
3073;1784;2024-S1;2024-06-15;3.5;75;f
3074;1784;2024-S2;2024-12-10;3.4;70;f
3075;1785;2024-S1;2024-06-15;4.4;50;f
3076;1785;2024-S2;2024-12-10;3.3;73;f
3077;1786;2024-S1;2024-06-15;3.6;66;f
3078;1786;2024-S2;2024-12-10;3.1;78;f
3079;1787;2024-S1;2024-06-15;3.6;81;f
3080;1787;2024-S2;2024-12-10;4.3;71;f
3081;1788;2024-S1;2024-06-15;3.3;59;f
3082;1789;2024-S1;2024-06-15;3.5;92;f
3083;1789;2024-S2;2024-12-10;4.1;89;f
3084;1790;2024-S1;2024-06-15;2.7;81;f
3085;1790;2024-S2;2024-12-10;3.9;60;f
3086;1791;2024-S1;2024-06-15;2.9;69;f
3087;1792;2024-S1;2024-06-15;3.7;63;f
3088;1792;2024-S2;2024-12-10;3.3;64;f
3089;1793;2024-S1;2024-06-15;3.3;85;f
3090;1793;2024-S2;2024-12-10;3.3;48;f
3091;1794;2024-S1;2024-06-15;4.1;84;f
3092;1794;2024-S2;2024-12-10;3.6;56;f
3093;1796;2024-S1;2024-06-15;2.6;72;f
3094;1796;2024-S2;2024-12-10;4.0;60;f
3095;1797;2024-S1;2024-06-15;4.1;51;f
3096;1797;2024-S2;2024-12-10;3.7;43;f
3097;1798;2024-S1;2024-06-15;3.2;47;f
3098;1798;2024-S2;2024-12-10;4.0;76;f
3099;1799;2024-S1;2024-06-15;5.0;74;f
3100;1799;2024-S2;2024-12-10;3.5;57;f
3101;1801;2024-S1;2024-06-15;4.2;100;f
3102;1801;2024-S2;2024-12-10;4.3;74;f
3103;1802;2024-S1;2024-06-15;3.7;49;f
3104;1802;2024-S2;2024-12-10;4.2;61;f
3105;1804;2024-S1;2024-06-15;3.0;69;f
3106;1804;2024-S2;2024-12-10;3.3;59;f
3107;1806;2024-S1;2024-06-15;3.4;45;f
3108;1806;2024-S2;2024-12-10;3.6;75;f
3109;1808;2024-S1;2024-06-15;3.2;90;f
3110;1808;2024-S2;2024-12-10;3.4;56;f
3111;1809;2024-S1;2024-06-15;4.1;72;f
3112;1809;2024-S2;2024-12-10;4.4;94;f
3113;1810;2024-S1;2024-06-15;2.9;100;f
3114;1810;2024-S2;2024-12-10;2.4;54;f
3115;1811;2024-S1;2024-06-15;3.0;90;f
3116;1811;2024-S2;2024-12-10;4.0;75;f
3117;1812;2024-S1;2024-06-15;2.4;71;f
3118;1812;2024-S2;2024-12-10;5.0;79;f
3119;1813;2024-S1;2024-06-15;3.5;87;f
3120;1813;2024-S2;2024-12-10;3.8;65;f
3121;1814;2024-S1;2024-06-15;3.3;79;f
3122;1814;2024-S2;2024-12-10;3.5;74;f
3123;1815;2024-S1;2024-06-15;2.4;70;f
3124;1815;2024-S2;2024-12-10;3.1;86;f
3125;1816;2024-S1;2024-06-15;3.1;61;f
3126;1816;2024-S2;2024-12-10;3.0;83;f
3127;1817;2024-S1;2024-06-15;4.0;56;f
3128;1817;2024-S2;2024-12-10;3.2;83;f
3129;1818;2024-S1;2024-06-15;4.8;78;f
3130;1818;2024-S2;2024-12-10;4.3;68;f
3131;1819;2024-S1;2024-06-15;3.1;69;f
3132;1819;2024-S2;2024-12-10;4.3;64;f
3133;1820;2024-S1;2024-06-15;3.5;100;f
3134;1820;2024-S2;2024-12-10;4.7;74;f
3135;1821;2024-S1;2024-06-15;4.3;55;f
3136;1821;2024-S2;2024-12-10;4.1;73;f
3137;1822;2024-S1;2024-06-15;3.9;53;f
3138;1822;2024-S2;2024-12-10;2.8;64;f
3139;1823;2024-S2;2024-12-10;2.9;58;f
3140;1824;2024-S1;2024-06-15;5.0;89;f
3141;1824;2024-S2;2024-12-10;3.3;86;f
3142;1825;2024-S1;2024-06-15;3.6;72;f
3143;1825;2024-S2;2024-12-10;4.0;63;f
3144;1826;2024-S1;2024-06-15;3.1;70;f
3145;1826;2024-S2;2024-12-10;3.0;65;f
3146;1827;2024-S1;2024-06-15;3.1;67;f
3147;1827;2024-S2;2024-12-10;3.2;67;f
3148;1828;2024-S2;2024-12-10;4.3;61;f
3149;1829;2024-S1;2024-06-15;3.9;46;f
3150;1829;2024-S2;2024-12-10;3.5;60;f
3151;1830;2024-S1;2024-06-15;3.7;64;f
3152;1830;2024-S2;2024-12-10;4.2;67;f
3153;1831;2024-S2;2024-12-10;4.3;42;f
3154;1833;2024-S1;2024-06-15;3.7;73;f
3155;1833;2024-S2;2024-12-10;3.2;72;f
3156;1834;2024-S1;2024-06-15;4.0;87;f
3157;1834;2024-S2;2024-12-10;3.5;65;f
3158;1835;2024-S1;2024-06-15;3.4;72;f
3159;1835;2024-S2;2024-12-10;3.2;82;f
3160;1837;2024-S1;2024-06-15;2.8;71;f
3161;1837;2024-S2;2024-12-10;2.9;71;f
3162;1838;2024-S1;2024-06-15;4.1;74;f
3163;1838;2024-S2;2024-12-10;3.4;82;f
3164;1839;2024-S1;2024-06-15;2.2;71;f
3165;1839;2024-S2;2024-12-10;3.2;78;f
3166;1840;2024-S1;2024-06-15;2.3;65;f
3167;1840;2024-S2;2024-12-10;3.3;84;f
3168;1841;2024-S1;2024-06-15;3.3;68;f
3169;1841;2024-S2;2024-12-10;3.7;71;f
3170;1842;2024-S1;2024-06-15;3.7;72;f
3171;1842;2024-S2;2024-12-10;3.7;100;f
3172;1843;2024-S1;2024-06-15;2.7;60;f
3173;1843;2024-S2;2024-12-10;3.7;87;f
3174;1844;2024-S1;2024-06-15;4.2;86;f
3175;1844;2024-S2;2024-12-10;3.7;89;f
3176;1845;2024-S1;2024-06-15;3.4;84;f
3177;1845;2024-S2;2024-12-10;3.8;74;f
3178;1846;2024-S1;2024-06-15;3.0;47;f
3179;1846;2024-S2;2024-12-10;3.5;70;f
3180;1847;2024-S1;2024-06-15;3.1;84;f
3181;1847;2024-S2;2024-12-10;3.2;80;f
3182;1848;2024-S1;2024-06-15;3.5;82;f
3183;1848;2024-S2;2024-12-10;3.0;49;f
3184;1849;2024-S1;2024-06-15;4.0;83;f
3185;1849;2024-S2;2024-12-10;3.9;59;f
3186;1850;2024-S1;2024-06-15;4.1;79;f
3187;1850;2024-S2;2024-12-10;3.1;78;f
3188;1851;2024-S1;2024-06-15;3.8;73;f
3189;1851;2024-S2;2024-12-10;2.9;83;f
3190;1852;2024-S1;2024-06-15;3.4;62;f
3191;1852;2024-S2;2024-12-10;4.0;68;f
3192;1853;2024-S1;2024-06-15;2.9;93;f
3193;1853;2024-S2;2024-12-10;3.8;71;f
3194;1854;2024-S2;2024-12-10;3.7;72;f
3195;1855;2024-S2;2024-12-10;3.8;87;f
3196;1857;2024-S2;2024-12-10;4.6;67;f
3197;1859;2024-S1;2024-06-15;4.1;80;f
3198;1859;2024-S2;2024-12-10;4.1;89;f
3199;1860;2024-S1;2024-06-15;4.2;77;f
3200;1860;2024-S2;2024-12-10;3.4;76;f
3201;1861;2024-S1;2024-06-15;3.1;78;f
3202;1861;2024-S2;2024-12-10;3.9;51;f
3203;1862;2024-S1;2024-06-15;3.4;61;f
3204;1862;2024-S2;2024-12-10;4.1;67;f
3205;1863;2024-S1;2024-06-15;2.9;78;f
3206;1863;2024-S2;2024-12-10;3.8;73;f
3207;1864;2024-S1;2024-06-15;3.1;80;f
3208;1864;2024-S2;2024-12-10;3.6;69;f
3209;1865;2024-S1;2024-06-15;3.0;54;f
3210;1865;2024-S2;2024-12-10;5.0;55;f
3211;1866;2024-S1;2024-06-15;2.5;66;f
3212;1866;2024-S2;2024-12-10;3.6;59;f
3213;1867;2024-S1;2024-06-15;3.2;70;f
3214;1867;2024-S2;2024-12-10;3.9;52;f
3215;1868;2024-S1;2024-06-15;3.5;71;f
3216;1869;2024-S1;2024-06-15;3.6;62;f
3217;1869;2024-S2;2024-12-10;3.1;96;f
3218;1870;2024-S1;2024-06-15;2.4;86;f
3219;1870;2024-S2;2024-12-10;3.1;75;f
3220;1871;2024-S1;2024-06-15;3.7;57;f
3221;1871;2024-S2;2024-12-10;3.6;66;f
3222;1872;2024-S2;2024-12-10;3.7;89;f
3223;1873;2024-S1;2024-06-15;4.5;61;f
3224;1875;2024-S1;2024-06-15;3.9;86;f
3225;1875;2024-S2;2024-12-10;3.5;80;f
3226;1876;2024-S1;2024-06-15;5.0;56;f
3227;1876;2024-S2;2024-12-10;4.0;57;f
3228;1878;2024-S1;2024-06-15;3.4;65;f
3229;1878;2024-S2;2024-12-10;3.9;100;f
3230;1879;2024-S1;2024-06-15;3.4;86;f
3231;1879;2024-S2;2024-12-10;3.2;65;f
3232;1880;2024-S1;2024-06-15;4.4;85;f
3233;1881;2024-S1;2024-06-15;3.5;63;f
3234;1881;2024-S2;2024-12-10;4.0;62;f
3235;1882;2024-S1;2024-06-15;3.4;66;f
3236;1882;2024-S2;2024-12-10;3.6;63;f
3237;1883;2024-S1;2024-06-15;2.8;93;f
3238;1883;2024-S2;2024-12-10;4.2;70;f
3239;1884;2024-S1;2024-06-15;3.3;88;f
3240;1884;2024-S2;2024-12-10;4.0;62;f
3241;1885;2024-S1;2024-06-15;4.0;73;f
3242;1886;2024-S1;2024-06-15;3.8;84;f
3243;1886;2024-S2;2024-12-10;4.0;83;f
3244;1887;2024-S1;2024-06-15;4.7;80;t
3245;1887;2024-S2;2024-12-10;2.9;77;f
3246;1888;2024-S1;2024-06-15;3.6;71;f
3247;1888;2024-S2;2024-12-10;3.0;89;f
3248;1889;2024-S1;2024-06-15;4.0;74;f
3249;1889;2024-S2;2024-12-10;2.8;84;f
3250;1890;2024-S1;2024-06-15;3.3;61;f
3251;1890;2024-S2;2024-12-10;2.9;67;f
3252;1891;2024-S1;2024-06-15;3.4;90;f
3253;1891;2024-S2;2024-12-10;3.1;61;f
3254;1892;2024-S1;2024-06-15;3.4;60;f
3255;1892;2024-S2;2024-12-10;3.0;81;f
3256;1893;2024-S1;2024-06-15;3.6;64;f
3257;1893;2024-S2;2024-12-10;3.3;73;f
3258;1894;2024-S1;2024-06-15;3.3;71;f
3259;1894;2024-S2;2024-12-10;4.0;76;f
3260;1896;2024-S1;2024-06-15;3.4;58;f
3261;1897;2024-S1;2024-06-15;3.9;77;f
3262;1897;2024-S2;2024-12-10;4.8;60;f
3263;1898;2024-S1;2024-06-15;4.0;59;f
3264;1898;2024-S2;2024-12-10;4.2;80;f
3265;1899;2024-S1;2024-06-15;3.6;90;f
3266;1899;2024-S2;2024-12-10;3.7;76;f
3267;1900;2024-S2;2024-12-10;2.8;100;f
3268;1901;2024-S1;2024-06-15;3.1;54;f
3269;1901;2024-S2;2024-12-10;4.0;74;f
3270;1902;2024-S1;2024-06-15;2.9;59;f
3271;1902;2024-S2;2024-12-10;3.5;61;f
3272;1903;2024-S1;2024-06-15;3.8;85;f
3273;1903;2024-S2;2024-12-10;4.9;50;f
3274;1904;2024-S1;2024-06-15;3.7;73;f
3275;1904;2024-S2;2024-12-10;3.7;74;f
3276;1905;2024-S1;2024-06-15;3.7;88;f
3277;1905;2024-S2;2024-12-10;3.9;50;f
3278;1906;2024-S1;2024-06-15;3.0;84;f
3279;1906;2024-S2;2024-12-10;4.0;68;f
3280;1907;2024-S1;2024-06-15;4.0;80;f
3281;1907;2024-S2;2024-12-10;4.3;68;f
3282;1908;2024-S1;2024-06-15;4.1;70;f
3283;1908;2024-S2;2024-12-10;2.9;77;f
3284;1909;2024-S1;2024-06-15;4.4;82;f
3285;1909;2024-S2;2024-12-10;4.4;74;f
3286;1910;2024-S1;2024-06-15;2.1;47;f
3287;1911;2024-S2;2024-12-10;3.5;76;f
3288;1912;2024-S1;2024-06-15;3.7;86;f
3289;1913;2024-S1;2024-06-15;2.9;39;f
3290;1913;2024-S2;2024-12-10;3.7;67;f
3291;1914;2024-S1;2024-06-15;3.4;62;f
3292;1914;2024-S2;2024-12-10;3.7;77;f
3293;1915;2024-S1;2024-06-15;4.0;32;f
3294;1915;2024-S2;2024-12-10;3.6;47;f
3295;1916;2024-S1;2024-06-15;4.2;80;f
3296;1918;2024-S1;2024-06-15;3.1;73;f
3297;1918;2024-S2;2024-12-10;2.6;78;f
3298;1919;2024-S1;2024-06-15;3.9;82;f
3299;1919;2024-S2;2024-12-10;4.0;64;f
3300;1920;2024-S1;2024-06-15;3.1;62;f
3301;1920;2024-S2;2024-12-10;3.6;54;f
3302;1921;2024-S1;2024-06-15;3.5;67;f
3303;1921;2024-S2;2024-12-10;4.3;78;f
3304;1922;2024-S1;2024-06-15;3.3;76;f
3305;1922;2024-S2;2024-12-10;3.9;47;f
3306;1923;2024-S1;2024-06-15;4.8;69;f
3307;1923;2024-S2;2024-12-10;3.2;72;f
3308;1924;2024-S1;2024-06-15;3.2;47;f
3309;1924;2024-S2;2024-12-10;4.0;72;f
3310;1925;2024-S1;2024-06-15;3.8;48;f
3311;1925;2024-S2;2024-12-10;4.0;68;f
3312;1926;2024-S1;2024-06-15;3.0;59;f
3313;1926;2024-S2;2024-12-10;4.6;65;f
3314;1927;2024-S1;2024-06-15;4.5;58;f
3315;1927;2024-S2;2024-12-10;3.4;66;f
3316;1928;2024-S1;2024-06-15;4.1;75;f
3317;1928;2024-S2;2024-12-10;3.8;86;f
3318;1929;2024-S1;2024-06-15;2.9;25;f
3319;1930;2024-S1;2024-06-15;4.2;57;f
3320;1930;2024-S2;2024-12-10;4.2;78;f
3321;1931;2024-S2;2024-12-10;4.0;65;f
3322;1932;2024-S1;2024-06-15;3.1;69;f
3323;1932;2024-S2;2024-12-10;3.9;80;f
3324;1933;2024-S1;2024-06-15;3.4;62;f
3325;1933;2024-S2;2024-12-10;3.5;83;f
3326;1934;2024-S1;2024-06-15;2.7;68;f
3327;1934;2024-S2;2024-12-10;3.3;78;f
3328;1935;2024-S1;2024-06-15;4.3;49;f
3329;1935;2024-S2;2024-12-10;3.9;84;f
3330;1936;2024-S1;2024-06-15;3.2;85;f
3331;1936;2024-S2;2024-12-10;3.2;80;f
3332;1938;2024-S1;2024-06-15;4.3;61;f
3333;1938;2024-S2;2024-12-10;3.6;87;f
3334;1939;2024-S1;2024-06-15;2.4;78;f
3335;1939;2024-S2;2024-12-10;4.7;30;f
3336;1940;2024-S1;2024-06-15;4.3;83;f
3337;1940;2024-S2;2024-12-10;3.7;77;f
3338;1941;2024-S1;2024-06-15;3.8;64;f
3339;1941;2024-S2;2024-12-10;4.4;71;f
3340;1942;2024-S1;2024-06-15;3.9;58;f
3341;1942;2024-S2;2024-12-10;2.4;55;f
3342;1943;2024-S1;2024-06-15;4.7;81;f
3343;1943;2024-S2;2024-12-10;3.3;58;f
3344;1944;2024-S1;2024-06-15;2.6;80;f
3345;1944;2024-S2;2024-12-10;3.0;76;f
3346;1945;2024-S1;2024-06-15;3.1;55;f
3347;1945;2024-S2;2024-12-10;3.7;89;f
3348;1946;2024-S1;2024-06-15;3.3;71;f
3349;1946;2024-S2;2024-12-10;3.8;70;f
3350;1948;2024-S1;2024-06-15;3.9;72;f
3351;1948;2024-S2;2024-12-10;2.7;90;f
3352;1949;2024-S1;2024-06-15;3.9;69;f
3353;1949;2024-S2;2024-12-10;3.2;66;f
3354;1950;2024-S1;2024-06-15;4.2;53;f
3355;1950;2024-S2;2024-12-10;3.2;70;f
3356;1951;2024-S1;2024-06-15;2.8;58;f
3357;1951;2024-S2;2024-12-10;3.5;37;f
3358;1952;2024-S1;2024-06-15;3.6;53;f
3359;1952;2024-S2;2024-12-10;4.4;64;f
3360;1953;2024-S1;2024-06-15;4.1;77;f
3361;1953;2024-S2;2024-12-10;3.3;76;f
3362;1954;2024-S1;2024-06-15;4.6;72;f
3363;1954;2024-S2;2024-12-10;3.5;77;f
3364;1956;2024-S1;2024-06-15;4.0;66;f
3365;1956;2024-S2;2024-12-10;2.1;59;f
3366;1957;2024-S1;2024-06-15;3.0;71;f
3367;1957;2024-S2;2024-12-10;4.3;78;f
3368;1958;2024-S1;2024-06-15;3.4;75;f
3369;1958;2024-S2;2024-12-10;3.7;79;f
3370;1959;2024-S1;2024-06-15;4.0;90;f
3371;1959;2024-S2;2024-12-10;3.6;46;f
3372;1960;2024-S1;2024-06-15;3.0;72;f
3373;1960;2024-S2;2024-12-10;3.6;82;f
3374;1961;2024-S1;2024-06-15;4.3;72;f
3375;1961;2024-S2;2024-12-10;3.0;79;f
3376;1962;2024-S2;2024-12-10;3.9;80;f
3377;1963;2024-S1;2024-06-15;3.3;100;f
3378;1963;2024-S2;2024-12-10;2.7;73;f
3379;1964;2024-S1;2024-06-15;3.0;56;f
3380;1965;2024-S1;2024-06-15;3.7;80;f
3381;1966;2024-S1;2024-06-15;4.2;73;f
3382;1966;2024-S2;2024-12-10;3.8;80;f
3383;1967;2024-S1;2024-06-15;3.7;90;f
3384;1967;2024-S2;2024-12-10;4.2;67;f
3385;1969;2024-S1;2024-06-15;3.3;82;f
3386;1969;2024-S2;2024-12-10;3.7;63;f
3387;1971;2024-S1;2024-06-15;3.4;81;f
3388;1971;2024-S2;2024-12-10;3.4;92;f
3389;1972;2024-S1;2024-06-15;3.2;64;f
3390;1972;2024-S2;2024-12-10;3.2;54;f
3391;1973;2024-S1;2024-06-15;3.3;64;f
3392;1973;2024-S2;2024-12-10;3.5;41;f
3393;1974;2024-S1;2024-06-15;3.0;74;f
3394;1974;2024-S2;2024-12-10;3.3;86;f
3395;1976;2024-S1;2024-06-15;3.6;80;f
3396;1976;2024-S2;2024-12-10;3.5;84;f
3397;1977;2024-S1;2024-06-15;2.4;73;f
3398;1977;2024-S2;2024-12-10;4.5;51;f
3399;1978;2024-S1;2024-06-15;4.1;77;f
3400;1978;2024-S2;2024-12-10;2.9;76;f
3401;1979;2024-S1;2024-06-15;3.9;70;f
3402;1979;2024-S2;2024-12-10;4.3;86;f
3403;1980;2024-S1;2024-06-15;4.1;91;f
3404;1980;2024-S2;2024-12-10;3.3;64;f
3405;1981;2024-S1;2024-06-15;3.3;64;f
3406;1981;2024-S2;2024-12-10;3.4;70;f
3407;1982;2024-S1;2024-06-15;3.5;56;f
3408;1982;2024-S2;2024-12-10;4.1;59;f
3409;1983;2024-S1;2024-06-15;4.6;83;t
3410;1983;2024-S2;2024-12-10;3.9;58;f
3411;1984;2024-S1;2024-06-15;3.0;76;f
3412;1984;2024-S2;2024-12-10;3.6;55;f
3413;1985;2024-S1;2024-06-15;3.6;64;f
3414;1985;2024-S2;2024-12-10;3.5;91;f
3415;1986;2024-S1;2024-06-15;4.1;86;f
3416;1986;2024-S2;2024-12-10;4.6;73;f
3417;1987;2024-S1;2024-06-15;3.8;76;f
3418;1987;2024-S2;2024-12-10;4.3;86;f
3419;1988;2024-S1;2024-06-15;3.4;55;f
3420;1988;2024-S2;2024-12-10;3.1;72;f
3421;1989;2024-S1;2024-06-15;3.0;77;f
3422;1989;2024-S2;2024-12-10;2.5;98;f
3423;1990;2024-S2;2024-12-10;2.9;62;f
3424;1991;2024-S1;2024-06-15;3.4;92;f
3425;1991;2024-S2;2024-12-10;3.7;57;f
3426;1992;2024-S1;2024-06-15;3.7;72;f
3427;1992;2024-S2;2024-12-10;3.9;56;f
3428;1993;2024-S1;2024-06-15;4.2;73;f
3429;1993;2024-S2;2024-12-10;4.5;69;f
3430;1994;2024-S1;2024-06-15;3.7;69;f
3431;1994;2024-S2;2024-12-10;4.4;81;f
3432;1995;2024-S1;2024-06-15;3.3;100;f
3433;1995;2024-S2;2024-12-10;3.3;64;f
3434;1996;2024-S1;2024-06-15;4.2;69;f
3435;1996;2024-S2;2024-12-10;3.1;89;f
3436;1997;2024-S1;2024-06-15;4.8;57;f
3437;1997;2024-S2;2024-12-10;4.4;65;f
3438;1998;2024-S1;2024-06-15;2.6;81;f
3439;1998;2024-S2;2024-12-10;2.7;61;f
3440;1999;2024-S1;2024-06-15;3.5;71;f
3441;1999;2024-S2;2024-12-10;4.3;63;f
3442;2000;2024-S1;2024-06-15;4.5;70;f
3443;2000;2024-S2;2024-12-10;3.1;80;f
3444;2001;2024-S1;2024-06-15;4.7;65;f
3445;2001;2024-S2;2024-12-10;3.1;63;f
3446;2002;2024-S1;2024-06-15;2.7;76;f
3447;2002;2024-S2;2024-12-10;2.8;80;f
3448;2003;2024-S1;2024-06-15;3.6;81;f
3449;2003;2024-S2;2024-12-10;3.6;78;f
3450;2004;2024-S1;2024-06-15;3.2;75;f
3451;2004;2024-S2;2024-12-10;3.3;80;f
3452;2005;2024-S1;2024-06-15;3.6;87;f
3453;2005;2024-S2;2024-12-10;3.6;61;f
3454;2006;2024-S1;2024-06-15;3.8;100;f
3455;2006;2024-S2;2024-12-10;4.3;60;f
3456;2007;2024-S1;2024-06-15;3.7;62;f
3457;2007;2024-S2;2024-12-10;3.2;72;f
3458;2008;2024-S1;2024-06-15;3.6;57;f
3459;2008;2024-S2;2024-12-10;3.3;72;f
3460;2009;2024-S1;2024-06-15;3.4;71;f
3461;2009;2024-S2;2024-12-10;3.3;78;f
3462;2010;2024-S1;2024-06-15;3.3;80;f
3463;2010;2024-S2;2024-12-10;3.5;41;f
3464;2011;2024-S1;2024-06-15;3.6;79;f
3465;2011;2024-S2;2024-12-10;3.4;69;f
3466;2012;2024-S1;2024-06-15;4.0;93;f
3467;2012;2024-S2;2024-12-10;4.3;73;f
3468;2013;2024-S1;2024-06-15;4.0;73;f
3469;2013;2024-S2;2024-12-10;2.9;89;f
3470;2014;2024-S1;2024-06-15;4.4;48;f
3471;2014;2024-S2;2024-12-10;3.5;93;f
3472;2015;2024-S1;2024-06-15;3.8;58;f
3473;2015;2024-S2;2024-12-10;4.4;73;f
3474;2016;2024-S1;2024-06-15;4.4;73;f
3475;2016;2024-S2;2024-12-10;2.5;97;f
3476;2017;2024-S1;2024-06-15;3.1;65;f
3477;2017;2024-S2;2024-12-10;4.4;100;f
3478;2018;2024-S1;2024-06-15;3.7;77;f
3479;2018;2024-S2;2024-12-10;3.0;68;f
3480;2019;2024-S1;2024-06-15;4.3;76;f
3481;2019;2024-S2;2024-12-10;4.7;52;f
3482;2020;2024-S1;2024-06-15;2.9;62;f
3483;2020;2024-S2;2024-12-10;3.3;85;f
3484;2021;2024-S1;2024-06-15;3.5;55;f
3485;2021;2024-S2;2024-12-10;3.9;61;f
3486;2022;2024-S1;2024-06-15;3.1;86;f
3487;2022;2024-S2;2024-12-10;4.4;85;f
3488;2023;2024-S1;2024-06-15;3.2;63;f
3489;2023;2024-S2;2024-12-10;4.0;82;f
3490;2024;2024-S1;2024-06-15;3.6;88;f
3491;2024;2024-S2;2024-12-10;2.6;63;f
3492;2025;2024-S1;2024-06-15;4.9;71;f
3493;2025;2024-S2;2024-12-10;3.4;78;f
3494;2026;2024-S1;2024-06-15;3.2;39;f
3495;2026;2024-S2;2024-12-10;5.0;59;f
3496;2027;2024-S1;2024-06-15;3.8;74;f
3497;2027;2024-S2;2024-12-10;4.0;60;f
3498;2028;2024-S1;2024-06-15;2.3;62;f
3499;2029;2024-S1;2024-06-15;3.7;73;f
3500;2029;2024-S2;2024-12-10;4.6;68;f
3501;2030;2024-S1;2024-06-15;3.8;60;f
3502;2030;2024-S2;2024-12-10;3.4;100;f
3503;2031;2024-S1;2024-06-15;3.3;66;f
3504;2031;2024-S2;2024-12-10;4.3;98;f
3505;2032;2024-S1;2024-06-15;4.1;83;f
3506;2032;2024-S2;2024-12-10;3.0;79;f
3507;2033;2024-S1;2024-06-15;3.5;78;f
3508;2033;2024-S2;2024-12-10;3.5;64;f
3509;2034;2024-S1;2024-06-15;2.9;70;f
3510;2034;2024-S2;2024-12-10;3.8;42;f
3511;2035;2024-S1;2024-06-15;3.4;68;f
3512;2035;2024-S2;2024-12-10;4.0;63;f
3513;2036;2024-S1;2024-06-15;4.0;75;f
3514;2036;2024-S2;2024-12-10;4.2;64;f
3515;2037;2024-S1;2024-06-15;3.5;79;f
3516;2037;2024-S2;2024-12-10;3.1;71;f
3517;2038;2024-S1;2024-06-15;4.2;62;f
3518;2038;2024-S2;2024-12-10;3.9;71;f
3519;2039;2024-S1;2024-06-15;4.5;73;f
3520;2039;2024-S2;2024-12-10;4.0;69;f
3521;2040;2024-S1;2024-06-15;3.4;75;f
3522;2040;2024-S2;2024-12-10;3.4;86;f
3523;2041;2024-S1;2024-06-15;4.3;73;f
3524;2041;2024-S2;2024-12-10;3.5;75;f
3525;2042;2024-S1;2024-06-15;3.0;61;f
3526;2042;2024-S2;2024-12-10;3.1;61;f
3527;2043;2024-S1;2024-06-15;3.4;53;f
3528;2044;2024-S1;2024-06-15;3.6;69;f
3529;2044;2024-S2;2024-12-10;4.0;73;f
3530;2045;2024-S1;2024-06-15;4.5;80;f
3531;2045;2024-S2;2024-12-10;3.6;55;f
3532;2046;2024-S1;2024-06-15;2.7;83;f
3533;2046;2024-S2;2024-12-10;4.5;91;f
3534;2047;2024-S1;2024-06-15;3.6;74;f
3535;2047;2024-S2;2024-12-10;3.4;63;f
3536;2048;2024-S1;2024-06-15;3.9;49;f
3537;2048;2024-S2;2024-12-10;3.9;70;f
3538;2049;2024-S1;2024-06-15;3.5;65;f
3539;2049;2024-S2;2024-12-10;3.8;86;f
3540;2050;2024-S1;2024-06-15;3.8;60;f
3541;2051;2024-S1;2024-06-15;4.2;60;f
3542;2051;2024-S2;2024-12-10;3.4;71;f
3543;2052;2024-S1;2024-06-15;3.9;65;f
3544;2052;2024-S2;2024-12-10;4.4;62;f
3545;2053;2024-S1;2024-06-15;3.0;86;f
3546;2053;2024-S2;2024-12-10;3.8;67;f
3547;2054;2024-S1;2024-06-15;2.9;85;f
3548;2054;2024-S2;2024-12-10;5.0;78;f
3549;2055;2024-S1;2024-06-15;3.4;75;f
3550;2055;2024-S2;2024-12-10;4.0;78;f
3551;2056;2024-S1;2024-06-15;3.3;64;f
3552;2056;2024-S2;2024-12-10;3.3;77;f
3553;2057;2024-S1;2024-06-15;3.7;88;f
3554;2057;2024-S2;2024-12-10;3.8;81;f
3555;2058;2024-S1;2024-06-15;3.6;46;f
3556;2058;2024-S2;2024-12-10;4.4;73;f
3557;2059;2024-S1;2024-06-15;3.9;83;f
3558;2059;2024-S2;2024-12-10;3.8;46;f
3559;2060;2024-S1;2024-06-15;3.5;65;f
3560;2060;2024-S2;2024-12-10;3.5;69;f
3561;2061;2024-S2;2024-12-10;3.7;99;f
3562;2062;2024-S1;2024-06-15;4.0;82;f
3563;2062;2024-S2;2024-12-10;3.4;92;f
3564;2063;2024-S1;2024-06-15;3.8;71;f
3565;2063;2024-S2;2024-12-10;2.7;81;f
3566;2064;2024-S1;2024-06-15;3.1;57;f
3567;2065;2024-S2;2024-12-10;2.9;85;f
3568;2066;2024-S1;2024-06-15;3.5;54;f
3569;2066;2024-S2;2024-12-10;4.9;93;f
3570;2067;2024-S1;2024-06-15;3.5;89;f
3571;2067;2024-S2;2024-12-10;3.9;75;f
3572;2068;2024-S1;2024-06-15;3.7;86;f
3573;2068;2024-S2;2024-12-10;4.6;85;f
3574;2069;2024-S1;2024-06-15;3.1;72;f
3575;2069;2024-S2;2024-12-10;4.5;61;f
3576;2070;2024-S1;2024-06-15;4.4;81;f
3577;2071;2024-S1;2024-06-15;3.0;71;f
3578;2071;2024-S2;2024-12-10;3.7;57;f
3579;2072;2024-S1;2024-06-15;3.9;53;f
3580;2072;2024-S2;2024-12-10;4.2;59;f
3581;2073;2024-S1;2024-06-15;3.5;71;f
3582;2073;2024-S2;2024-12-10;4.5;54;f
3583;2074;2024-S1;2024-06-15;3.4;74;f
3584;2075;2024-S1;2024-06-15;3.7;73;f
3585;2075;2024-S2;2024-12-10;3.6;75;f
3586;2076;2024-S1;2024-06-15;2.6;91;f
3587;2076;2024-S2;2024-12-10;3.7;100;f
3588;2077;2024-S1;2024-06-15;3.5;86;f
3589;2077;2024-S2;2024-12-10;3.3;72;f
3590;2078;2024-S1;2024-06-15;3.1;67;f
3591;2078;2024-S2;2024-12-10;3.3;78;f
3592;2079;2024-S1;2024-06-15;4.6;78;f
3593;2079;2024-S2;2024-12-10;5.0;81;t
3594;2080;2024-S1;2024-06-15;2.7;67;f
3595;2080;2024-S2;2024-12-10;3.4;74;f
3596;2081;2024-S1;2024-06-15;4.4;71;f
3597;2081;2024-S2;2024-12-10;3.2;88;f
3598;2082;2024-S1;2024-06-15;3.9;82;f
3599;2082;2024-S2;2024-12-10;4.3;67;f
3600;2083;2024-S1;2024-06-15;3.1;75;f
3601;2083;2024-S2;2024-12-10;3.5;73;f
3602;2084;2024-S1;2024-06-15;4.5;74;f
3603;2084;2024-S2;2024-12-10;4.7;76;f
3604;2085;2024-S1;2024-06-15;3.5;54;f
3605;2085;2024-S2;2024-12-10;3.8;59;f
3606;2086;2024-S1;2024-06-15;4.0;70;f
3607;2086;2024-S2;2024-12-10;3.6;73;f
3608;2088;2024-S1;2024-06-15;3.8;71;f
3609;2088;2024-S2;2024-12-10;4.9;61;f
3610;2089;2024-S1;2024-06-15;4.3;89;f
3611;2089;2024-S2;2024-12-10;3.1;72;f
3612;2090;2024-S1;2024-06-15;3.9;74;f
3613;2090;2024-S2;2024-12-10;3.8;80;f
3614;2091;2024-S1;2024-06-15;2.5;70;f
3615;2091;2024-S2;2024-12-10;3.5;61;f
3616;2092;2024-S1;2024-06-15;4.2;86;f
3617;2092;2024-S2;2024-12-10;4.3;83;f
3618;2093;2024-S1;2024-06-15;3.0;74;f
3619;2093;2024-S2;2024-12-10;4.3;36;f
3620;2094;2024-S1;2024-06-15;4.6;54;f
3621;2094;2024-S2;2024-12-10;3.2;82;f
3622;2095;2024-S1;2024-06-15;4.8;58;f
3623;2095;2024-S2;2024-12-10;3.3;89;f
3624;2096;2024-S1;2024-06-15;3.8;68;f
3625;2096;2024-S2;2024-12-10;3.8;100;f
3626;2097;2024-S1;2024-06-15;4.1;76;f
3627;2097;2024-S2;2024-12-10;4.0;77;f
3628;2098;2024-S1;2024-06-15;4.2;63;f
3629;2098;2024-S2;2024-12-10;3.7;71;f
3630;2099;2024-S1;2024-06-15;3.2;56;f
3631;2099;2024-S2;2024-12-10;4.5;81;t
3632;2100;2024-S2;2024-12-10;3.9;73;f
3633;2101;2024-S1;2024-06-15;3.5;80;f
3634;2101;2024-S2;2024-12-10;3.5;79;f
3635;2102;2024-S1;2024-06-15;4.2;76;f
3636;2102;2024-S2;2024-12-10;4.4;78;f
3637;2103;2024-S1;2024-06-15;3.5;47;f
3638;2104;2024-S1;2024-06-15;3.5;70;f
3639;2104;2024-S2;2024-12-10;4.1;46;f
3640;2106;2024-S1;2024-06-15;2.8;46;f
3641;2106;2024-S2;2024-12-10;3.7;54;f
3642;2107;2024-S1;2024-06-15;4.0;67;f
3643;2107;2024-S2;2024-12-10;2.9;87;f
3644;2108;2024-S1;2024-06-15;3.7;88;f
3645;2108;2024-S2;2024-12-10;3.8;94;f
3646;2109;2024-S1;2024-06-15;4.1;53;f
3647;2109;2024-S2;2024-12-10;3.5;63;f
3648;2110;2024-S1;2024-06-15;2.5;85;f
3649;2110;2024-S2;2024-12-10;4.0;93;f
3650;2111;2024-S1;2024-06-15;2.9;57;f
3651;2111;2024-S2;2024-12-10;3.2;94;f
3652;2112;2024-S1;2024-06-15;3.4;27;f
3653;2112;2024-S2;2024-12-10;2.9;55;f
3654;2113;2024-S1;2024-06-15;3.7;100;f
3655;2113;2024-S2;2024-12-10;2.4;45;f
3656;2115;2024-S1;2024-06-15;3.8;56;f
3657;2115;2024-S2;2024-12-10;4.2;50;f
3658;2117;2024-S1;2024-06-15;4.1;72;f
3659;2117;2024-S2;2024-12-10;4.7;61;f
3660;2118;2024-S1;2024-06-15;4.6;83;t
3661;2118;2024-S2;2024-12-10;3.9;49;f
3662;2119;2024-S1;2024-06-15;4.0;82;f
3663;2119;2024-S2;2024-12-10;2.8;70;f
3664;2120;2024-S1;2024-06-15;3.7;72;f
3665;2120;2024-S2;2024-12-10;4.0;63;f
3666;2121;2024-S1;2024-06-15;3.1;78;f
3667;2121;2024-S2;2024-12-10;4.6;92;t
3668;2122;2024-S2;2024-12-10;4.2;76;f
3669;2123;2024-S1;2024-06-15;3.6;77;f
3670;2123;2024-S2;2024-12-10;2.7;70;f
3671;2124;2024-S1;2024-06-15;4.4;66;f
3672;2125;2024-S1;2024-06-15;1.6;26;f
3673;2126;2024-S1;2024-06-15;3.5;76;f
3674;2126;2024-S2;2024-12-10;3.2;52;f
3675;2127;2024-S1;2024-06-15;3.3;99;f
3676;2127;2024-S2;2024-12-10;5.0;79;f
3677;2128;2024-S1;2024-06-15;3.8;87;f
3678;2128;2024-S2;2024-12-10;2.9;64;f
3679;2130;2024-S1;2024-06-15;2.5;78;f
3680;2130;2024-S2;2024-12-10;3.7;60;f
3681;2131;2024-S1;2024-06-15;4.8;89;t
3682;2131;2024-S2;2024-12-10;4.9;68;f
3683;2132;2024-S1;2024-06-15;3.5;74;f
3684;2132;2024-S2;2024-12-10;3.5;67;f
3685;2133;2024-S1;2024-06-15;4.2;65;f
3686;2134;2024-S1;2024-06-15;3.5;86;f
3687;2134;2024-S2;2024-12-10;2.9;67;f
3688;2135;2024-S1;2024-06-15;2.8;65;f
3689;2135;2024-S2;2024-12-10;3.5;67;f
3690;2136;2024-S1;2024-06-15;3.5;75;f
3691;2136;2024-S2;2024-12-10;3.1;77;f
3692;2137;2024-S1;2024-06-15;3.4;82;f
3693;2137;2024-S2;2024-12-10;3.7;63;f
3694;2138;2024-S1;2024-06-15;3.0;76;f
3695;2138;2024-S2;2024-12-10;3.6;92;f
3696;2139;2024-S1;2024-06-15;4.5;65;f
3697;2140;2024-S1;2024-06-15;2.4;84;f
3698;2141;2024-S1;2024-06-15;3.4;67;f
3699;2141;2024-S2;2024-12-10;4.4;76;f
3700;2142;2024-S1;2024-06-15;4.2;86;f
3701;2142;2024-S2;2024-12-10;3.6;81;f
3702;2143;2024-S1;2024-06-15;3.8;79;f
3703;2143;2024-S2;2024-12-10;3.8;91;f
3704;2144;2024-S1;2024-06-15;3.0;65;f
3705;2144;2024-S2;2024-12-10;3.7;73;f
3706;2145;2024-S1;2024-06-15;1.9;34;f
3707;2146;2024-S1;2024-06-15;3.7;64;f
3708;2146;2024-S2;2024-12-10;2.8;66;f
3709;2148;2024-S1;2024-06-15;3.0;80;f
3710;2148;2024-S2;2024-12-10;3.9;84;f
3711;2149;2024-S1;2024-06-15;3.8;56;f
3712;2149;2024-S2;2024-12-10;2.0;88;f
3713;2150;2024-S1;2024-06-15;3.5;40;f
3714;2150;2024-S2;2024-12-10;4.6;80;f
3715;2151;2024-S1;2024-06-15;3.7;64;f
3716;2151;2024-S2;2024-12-10;3.4;76;f
3717;2152;2024-S2;2024-12-10;3.6;76;f
3718;2153;2024-S1;2024-06-15;4.0;85;f
3719;2153;2024-S2;2024-12-10;4.3;74;f
3720;2154;2024-S1;2024-06-15;3.1;89;f
3721;2154;2024-S2;2024-12-10;3.9;83;f
3722;2155;2024-S1;2024-06-15;4.0;69;f
3723;2155;2024-S2;2024-12-10;3.5;94;f
3724;2156;2024-S1;2024-06-15;3.8;71;f
3725;2156;2024-S2;2024-12-10;3.3;68;f
3726;2157;2024-S1;2024-06-15;4.3;73;f
3727;2157;2024-S2;2024-12-10;4.4;77;f
3728;2159;2024-S1;2024-06-15;3.8;66;f
3729;2159;2024-S2;2024-12-10;3.8;60;f
3730;2160;2024-S1;2024-06-15;4.1;71;f
3731;2160;2024-S2;2024-12-10;3.6;69;f
3732;2161;2024-S1;2024-06-15;4.1;63;f
3733;2161;2024-S2;2024-12-10;4.3;66;f
3734;2162;2024-S1;2024-06-15;4.1;66;f
3735;2162;2024-S2;2024-12-10;3.4;93;f
3736;2163;2024-S1;2024-06-15;4.1;73;f
3737;2163;2024-S2;2024-12-10;2.9;78;f
3738;2164;2024-S1;2024-06-15;4.3;74;f
3739;2165;2024-S1;2024-06-15;3.7;74;f
3740;2165;2024-S2;2024-12-10;3.9;64;f
3741;2166;2024-S1;2024-06-15;3.7;73;f
3742;2166;2024-S2;2024-12-10;4.2;42;f
3743;2167;2024-S1;2024-06-15;4.2;50;f
3744;2167;2024-S2;2024-12-10;3.3;72;f
3745;2169;2024-S1;2024-06-15;4.1;87;f
3746;2169;2024-S2;2024-12-10;3.3;80;f
3747;2170;2024-S1;2024-06-15;3.2;56;f
3748;2170;2024-S2;2024-12-10;4.6;93;t
3749;2171;2024-S2;2024-12-10;4.7;63;f
3750;2172;2024-S2;2024-12-10;3.4;68;f
3751;2173;2024-S1;2024-06-15;3.4;66;f
3752;2173;2024-S2;2024-12-10;3.4;74;f
3753;2174;2024-S1;2024-06-15;4.1;74;f
3754;2175;2024-S2;2024-12-10;3.6;63;f
3755;2176;2024-S1;2024-06-15;3.1;53;f
3756;2176;2024-S2;2024-12-10;2.9;80;f
3757;2177;2024-S1;2024-06-15;3.4;77;f
3758;2177;2024-S2;2024-12-10;3.3;70;f
3759;2178;2024-S1;2024-06-15;3.5;94;f
3760;2178;2024-S2;2024-12-10;3.4;83;f
3761;2179;2024-S1;2024-06-15;2.9;90;f
3762;2179;2024-S2;2024-12-10;4.2;63;f
3763;2180;2024-S1;2024-06-15;3.4;88;f
3764;2180;2024-S2;2024-12-10;4.2;68;f
3765;2181;2024-S1;2024-06-15;3.2;87;f
3766;2181;2024-S2;2024-12-10;3.4;76;f
3767;2183;2024-S2;2024-12-10;3.4;68;f
3768;2184;2024-S1;2024-06-15;4.7;70;f
3769;2184;2024-S2;2024-12-10;4.5;50;f
3770;2185;2024-S1;2024-06-15;2.7;80;f
3771;2185;2024-S2;2024-12-10;3.3;71;f
3772;2186;2024-S1;2024-06-15;2.5;43;f
3773;2186;2024-S2;2024-12-10;3.7;65;f
3774;2187;2024-S1;2024-06-15;3.5;95;f
3775;2187;2024-S2;2024-12-10;4.0;100;f
3776;2188;2024-S1;2024-06-15;3.7;92;f
3777;2188;2024-S2;2024-12-10;4.2;64;f
3778;2189;2024-S1;2024-06-15;3.6;67;f
3779;2189;2024-S2;2024-12-10;4.3;75;f
3780;2190;2024-S1;2024-06-15;3.2;53;f
3781;2190;2024-S2;2024-12-10;3.0;59;f
3782;2191;2024-S1;2024-06-15;3.2;55;f
3783;2191;2024-S2;2024-12-10;4.3;50;f
3784;2192;2024-S1;2024-06-15;3.9;100;f
3785;2192;2024-S2;2024-12-10;3.7;73;f
3786;2193;2024-S1;2024-06-15;3.8;51;f
3787;2193;2024-S2;2024-12-10;3.9;76;f
3788;2194;2024-S1;2024-06-15;3.7;48;f
3789;2194;2024-S2;2024-12-10;4.7;75;f
3790;2195;2024-S1;2024-06-15;3.0;57;f
3791;2195;2024-S2;2024-12-10;3.3;94;f
3792;2196;2024-S1;2024-06-15;3.6;70;f
3793;2196;2024-S2;2024-12-10;3.4;86;f
3794;2197;2024-S1;2024-06-15;4.3;50;f
3795;2197;2024-S2;2024-12-10;3.6;68;f
3796;2198;2024-S1;2024-06-15;3.2;63;f
3797;2198;2024-S2;2024-12-10;3.5;57;f
3798;2199;2024-S1;2024-06-15;3.9;75;f
3799;2199;2024-S2;2024-12-10;4.0;65;f
3800;2200;2024-S1;2024-06-15;2.5;62;f
3801;2200;2024-S2;2024-12-10;3.1;69;f
3802;2201;2024-S1;2024-06-15;4.0;98;f
3803;2201;2024-S2;2024-12-10;3.2;73;f
3804;2202;2024-S1;2024-06-15;3.8;92;f
3805;2202;2024-S2;2024-12-10;3.8;66;f
3806;2203;2024-S1;2024-06-15;3.7;76;f
3807;2203;2024-S2;2024-12-10;4.1;95;f
3808;2204;2024-S1;2024-06-15;4.6;61;f
3809;2204;2024-S2;2024-12-10;2.9;54;f
3810;2205;2024-S1;2024-06-15;3.8;87;f
3811;2205;2024-S2;2024-12-10;3.6;58;f
3812;2206;2024-S1;2024-06-15;2.9;94;f
3813;2206;2024-S2;2024-12-10;3.4;50;f
3814;2207;2024-S1;2024-06-15;3.7;72;f
3815;2207;2024-S2;2024-12-10;4.2;55;f
3816;2208;2024-S1;2024-06-15;4.3;90;f
3817;2208;2024-S2;2024-12-10;3.8;80;f
3818;2209;2024-S1;2024-06-15;3.0;36;f
3819;2210;2024-S1;2024-06-15;2.9;63;f
3820;2210;2024-S2;2024-12-10;2.7;78;f
3821;2211;2024-S1;2024-06-15;4.6;59;f
3822;2211;2024-S2;2024-12-10;3.4;68;f
3823;2214;2024-S1;2024-06-15;4.8;65;f
3824;2214;2024-S2;2024-12-10;4.3;72;f
3825;2215;2024-S1;2024-06-15;2.0;64;f
3826;2215;2024-S2;2024-12-10;4.2;65;f
3827;2216;2024-S1;2024-06-15;4.0;96;f
3828;2216;2024-S2;2024-12-10;4.0;63;f
3829;2217;2024-S1;2024-06-15;4.1;78;f
3830;2217;2024-S2;2024-12-10;4.2;70;f
3831;2218;2024-S1;2024-06-15;3.3;79;f
3832;2218;2024-S2;2024-12-10;4.0;64;f
3833;2219;2024-S1;2024-06-15;2.9;65;f
3834;2219;2024-S2;2024-12-10;3.1;68;f
3835;2220;2024-S1;2024-06-15;4.1;43;f
3836;2220;2024-S2;2024-12-10;3.9;77;f
3837;2221;2024-S1;2024-06-15;3.2;76;f
3838;2221;2024-S2;2024-12-10;4.3;78;f
3839;2222;2024-S1;2024-06-15;4.8;73;f
3840;2222;2024-S2;2024-12-10;4.3;100;f
3841;2223;2024-S1;2024-06-15;4.0;96;f
3842;2223;2024-S2;2024-12-10;4.0;92;f
3843;2224;2024-S1;2024-06-15;3.1;72;f
3844;2224;2024-S2;2024-12-10;5.0;46;f
3845;2225;2024-S1;2024-06-15;3.3;100;f
3846;2225;2024-S2;2024-12-10;3.6;70;f
3847;2226;2024-S1;2024-06-15;4.2;89;f
3848;2226;2024-S2;2024-12-10;3.5;49;f
3849;2227;2024-S1;2024-06-15;3.2;64;f
3850;2228;2024-S1;2024-06-15;3.1;59;f
3851;2228;2024-S2;2024-12-10;3.7;60;f
3852;2229;2024-S1;2024-06-15;4.7;66;f
3853;2229;2024-S2;2024-12-10;2.9;88;f
3854;2230;2024-S1;2024-06-15;5.0;67;f
3855;2230;2024-S2;2024-12-10;3.8;90;f
3856;2231;2024-S1;2024-06-15;3.5;98;f
3857;2231;2024-S2;2024-12-10;2.8;70;f
3858;2232;2024-S1;2024-06-15;3.3;56;f
3859;2232;2024-S2;2024-12-10;3.3;79;f
3860;2233;2024-S1;2024-06-15;4.2;81;f
3861;2233;2024-S2;2024-12-10;2.9;79;f
3862;2234;2024-S1;2024-06-15;3.6;63;f
3863;2235;2024-S1;2024-06-15;3.6;95;f
3864;2235;2024-S2;2024-12-10;3.5;82;f
3865;2236;2024-S1;2024-06-15;4.3;84;f
3866;2236;2024-S2;2024-12-10;3.4;66;f
3867;2237;2024-S1;2024-06-15;3.9;64;f
3868;2237;2024-S2;2024-12-10;3.2;73;f
3869;2238;2024-S1;2024-06-15;3.3;65;f
3870;2239;2024-S1;2024-06-15;3.5;64;f
3871;2239;2024-S2;2024-12-10;3.6;65;f
3872;2240;2024-S1;2024-06-15;4.8;96;t
3873;2240;2024-S2;2024-12-10;3.9;67;f
3874;2241;2024-S1;2024-06-15;4.0;50;f
3875;2241;2024-S2;2024-12-10;3.3;61;f
3876;2242;2024-S1;2024-06-15;3.2;83;f
3877;2242;2024-S2;2024-12-10;4.2;40;f
3878;2243;2024-S1;2024-06-15;2.6;73;f
3879;2243;2024-S2;2024-12-10;3.4;70;f
3880;2244;2024-S1;2024-06-15;3.9;96;f
3881;2244;2024-S2;2024-12-10;3.7;83;f
3882;2245;2024-S1;2024-06-15;3.5;78;f
3883;2245;2024-S2;2024-12-10;4.1;64;f
3884;2246;2024-S1;2024-06-15;3.3;65;f
3885;2246;2024-S2;2024-12-10;4.2;82;f
3886;2247;2024-S1;2024-06-15;2.3;66;f
3887;2247;2024-S2;2024-12-10;3.9;93;f
3888;2248;2024-S1;2024-06-15;3.6;77;f
3889;2248;2024-S2;2024-12-10;3.8;64;f
3890;2249;2024-S1;2024-06-15;3.0;54;f
3891;2249;2024-S2;2024-12-10;4.1;73;f
3892;2250;2024-S1;2024-06-15;3.3;52;f
3893;2250;2024-S2;2024-12-10;4.1;58;f
3894;2251;2024-S1;2024-06-15;4.1;70;f
3895;2251;2024-S2;2024-12-10;3.7;96;f
3896;2252;2024-S1;2024-06-15;2.5;59;f
3897;2252;2024-S2;2024-12-10;4.6;85;f
3898;2253;2024-S1;2024-06-15;2.6;67;f
3899;2253;2024-S2;2024-12-10;3.9;83;f
3900;2254;2024-S2;2024-12-10;4.4;51;f
3901;2255;2024-S1;2024-06-15;3.7;58;f
3902;2255;2024-S2;2024-12-10;3.3;83;f
3903;2256;2024-S1;2024-06-15;3.3;72;f
3904;2256;2024-S2;2024-12-10;3.5;86;f
3905;2258;2024-S1;2024-06-15;2.7;89;f
3906;2258;2024-S2;2024-12-10;4.5;80;t
3907;2259;2024-S1;2024-06-15;4.5;73;f
3908;2259;2024-S2;2024-12-10;3.5;74;f
3909;2260;2024-S1;2024-06-15;2.6;87;f
3910;2260;2024-S2;2024-12-10;3.4;68;f
3911;2261;2024-S1;2024-06-15;3.7;75;f
3912;2261;2024-S2;2024-12-10;3.9;89;f
3913;2262;2024-S1;2024-06-15;4.4;71;f
3914;2262;2024-S2;2024-12-10;4.1;84;f
3915;2263;2024-S1;2024-06-15;2.7;65;f
3916;2263;2024-S2;2024-12-10;3.2;72;f
3917;2264;2024-S1;2024-06-15;4.4;82;f
3918;2264;2024-S2;2024-12-10;4.2;66;f
3919;2265;2024-S1;2024-06-15;3.5;63;f
3920;2265;2024-S2;2024-12-10;3.2;80;f
3921;2266;2024-S1;2024-06-15;3.4;53;f
3922;2266;2024-S2;2024-12-10;3.9;72;f
3923;2267;2024-S1;2024-06-15;3.9;92;f
3924;2267;2024-S2;2024-12-10;3.7;63;f
3925;2268;2024-S1;2024-06-15;3.3;58;f
3926;2268;2024-S2;2024-12-10;3.3;54;f
3927;2269;2024-S1;2024-06-15;3.8;62;f
3928;2269;2024-S2;2024-12-10;3.8;66;f
3929;2270;2024-S1;2024-06-15;3.6;96;f
3930;2270;2024-S2;2024-12-10;4.3;50;f
3931;2271;2024-S1;2024-06-15;3.4;45;f
3932;2271;2024-S2;2024-12-10;3.5;76;f
3933;2272;2024-S2;2024-12-10;4.3;86;f
3934;2273;2024-S2;2024-12-10;3.9;58;f
3935;2274;2024-S2;2024-12-10;4.2;72;f
3936;2275;2024-S1;2024-06-15;3.8;99;f
3937;2275;2024-S2;2024-12-10;3.2;100;f
3938;2276;2024-S1;2024-06-15;4.7;72;f
3939;2276;2024-S2;2024-12-10;3.8;62;f
3940;2277;2024-S1;2024-06-15;3.8;73;f
3941;2277;2024-S2;2024-12-10;3.3;61;f
3942;2278;2024-S1;2024-06-15;3.6;71;f
3943;2278;2024-S2;2024-12-10;2.8;87;f
3944;2279;2024-S1;2024-06-15;3.4;67;f
3945;2279;2024-S2;2024-12-10;3.8;68;f
3946;2280;2024-S1;2024-06-15;4.3;68;f
3947;2280;2024-S2;2024-12-10;3.4;80;f
3948;2281;2024-S1;2024-06-15;4.1;100;f
3949;2281;2024-S2;2024-12-10;2.7;73;f
3950;2282;2024-S1;2024-06-15;4.1;59;f
3951;2282;2024-S2;2024-12-10;4.5;62;f
3952;2283;2024-S1;2024-06-15;3.8;87;f
3953;2283;2024-S2;2024-12-10;3.1;70;f
3954;2284;2024-S1;2024-06-15;4.1;74;f
3955;2284;2024-S2;2024-12-10;4.1;83;f
3956;2285;2024-S1;2024-06-15;3.4;94;f
3957;2285;2024-S2;2024-12-10;3.2;90;f
3958;2286;2024-S1;2024-06-15;3.9;63;f
3959;2286;2024-S2;2024-12-10;3.2;75;f
3960;2287;2024-S1;2024-06-15;3.6;78;f
3961;2287;2024-S2;2024-12-10;3.6;73;f
3962;2288;2024-S1;2024-06-15;4.0;71;f
3963;2288;2024-S2;2024-12-10;3.6;76;f
3964;2290;2024-S1;2024-06-15;3.5;81;f
3965;2290;2024-S2;2024-12-10;4.0;81;f
3966;2291;2024-S1;2024-06-15;4.1;68;f
3967;2291;2024-S2;2024-12-10;2.6;69;f
3968;2292;2024-S1;2024-06-15;3.8;70;f
3969;2292;2024-S2;2024-12-10;3.3;89;f
3970;2293;2024-S2;2024-12-10;3.3;62;f
3971;2294;2024-S1;2024-06-15;3.5;67;f
3972;2294;2024-S2;2024-12-10;3.4;71;f
3973;2295;2024-S1;2024-06-15;3.8;58;f
3974;2295;2024-S2;2024-12-10;3.1;82;f
3975;2296;2024-S1;2024-06-15;3.7;86;f
3976;2296;2024-S2;2024-12-10;4.1;67;f
3977;2297;2024-S1;2024-06-15;3.9;82;f
3978;2297;2024-S2;2024-12-10;3.3;50;f
3979;2298;2024-S1;2024-06-15;3.2;80;f
3980;2298;2024-S2;2024-12-10;4.6;71;f
3981;2299;2024-S1;2024-06-15;4.4;84;f
3982;2300;2024-S1;2024-06-15;3.3;71;f
3983;2300;2024-S2;2024-12-10;4.1;55;f
3984;2301;2024-S1;2024-06-15;4.2;86;f
3985;2301;2024-S2;2024-12-10;4.1;70;f
3986;2302;2024-S1;2024-06-15;4.0;85;f
3987;2302;2024-S2;2024-12-10;2.9;38;f
3988;2303;2024-S1;2024-06-15;4.0;63;f
3989;2303;2024-S2;2024-12-10;3.8;74;f
3990;2304;2024-S1;2024-06-15;4.4;74;f
3991;2304;2024-S2;2024-12-10;4.0;78;f
3992;2305;2024-S1;2024-06-15;4.1;64;f
3993;2305;2024-S2;2024-12-10;3.9;39;f
3994;2306;2024-S1;2024-06-15;3.4;86;f
3995;2307;2024-S1;2024-06-15;3.0;54;f
3996;2307;2024-S2;2024-12-10;4.1;63;f
3997;2308;2024-S1;2024-06-15;4.4;73;f
3998;2308;2024-S2;2024-12-10;4.5;95;t
3999;2310;2024-S1;2024-06-15;4.1;86;f
4000;2310;2024-S2;2024-12-10;2.6;66;f
4001;2311;2024-S1;2024-06-15;3.1;81;f
4002;2311;2024-S2;2024-12-10;4.0;85;f
4003;2312;2024-S1;2024-06-15;3.5;83;f
4004;2312;2024-S2;2024-12-10;3.7;88;f
4005;2313;2024-S1;2024-06-15;4.1;61;f
4006;2313;2024-S2;2024-12-10;3.9;52;f
4007;2314;2024-S1;2024-06-15;4.4;81;f
4008;2314;2024-S2;2024-12-10;4.1;84;f
4009;2315;2024-S1;2024-06-15;3.8;51;f
4010;2315;2024-S2;2024-12-10;4.2;61;f
4011;2316;2024-S1;2024-06-15;3.2;82;f
4012;2316;2024-S2;2024-12-10;3.4;74;f
4013;2317;2024-S1;2024-06-15;4.1;81;f
4014;2317;2024-S2;2024-12-10;4.3;64;f
4015;2318;2024-S1;2024-06-15;3.5;76;f
4016;2318;2024-S2;2024-12-10;3.0;60;f
4017;2320;2024-S1;2024-06-15;3.2;42;f
4018;2320;2024-S2;2024-12-10;3.4;72;f
4019;2321;2024-S1;2024-06-15;3.8;65;f
4020;2321;2024-S2;2024-12-10;3.2;70;f
4021;2322;2024-S1;2024-06-15;3.4;38;f
4022;2322;2024-S2;2024-12-10;3.2;76;f
4023;2323;2024-S1;2024-06-15;3.7;74;f
4024;2323;2024-S2;2024-12-10;4.0;75;f
4025;2324;2024-S1;2024-06-15;3.7;66;f
4026;2324;2024-S2;2024-12-10;3.3;72;f
4027;2325;2024-S1;2024-06-15;3.1;81;f
4028;2325;2024-S2;2024-12-10;3.2;91;f
4029;2326;2024-S1;2024-06-15;3.7;87;f
4030;2326;2024-S2;2024-12-10;3.1;95;f
4031;2327;2024-S1;2024-06-15;3.1;71;f
4032;2327;2024-S2;2024-12-10;3.0;72;f
4033;2328;2024-S1;2024-06-15;3.6;39;f
4034;2328;2024-S2;2024-12-10;3.8;79;f
4035;2329;2024-S1;2024-06-15;3.2;68;f
4036;2329;2024-S2;2024-12-10;3.6;95;f
4037;2330;2024-S1;2024-06-15;3.8;64;f
4038;2330;2024-S2;2024-12-10;3.1;48;f
4039;2332;2024-S1;2024-06-15;3.6;73;f
4040;2332;2024-S2;2024-12-10;3.0;52;f
4041;2333;2024-S1;2024-06-15;4.0;85;f
4042;2333;2024-S2;2024-12-10;3.5;79;f
4043;2335;2024-S1;2024-06-15;3.6;100;f
4044;2335;2024-S2;2024-12-10;3.7;91;f
4045;2336;2024-S1;2024-06-15;4.0;64;f
4046;2336;2024-S2;2024-12-10;4.0;71;f
4047;2337;2024-S1;2024-06-15;3.1;73;f
4048;2338;2024-S1;2024-06-15;3.5;71;f
4049;2338;2024-S2;2024-12-10;3.7;68;f
4050;2339;2024-S1;2024-06-15;3.2;89;f
4051;2339;2024-S2;2024-12-10;3.7;75;f
4052;2340;2024-S1;2024-06-15;3.6;66;f
4053;2340;2024-S2;2024-12-10;3.8;91;f
4054;2341;2024-S1;2024-06-15;2.8;56;f
4055;2341;2024-S2;2024-12-10;3.5;60;f
4056;2342;2024-S1;2024-06-15;4.8;67;f
4057;2342;2024-S2;2024-12-10;4.0;68;f
4058;2343;2024-S1;2024-06-15;2.3;66;f
4059;2343;2024-S2;2024-12-10;3.1;76;f
4060;2344;2024-S1;2024-06-15;3.5;61;f
4061;2344;2024-S2;2024-12-10;3.6;66;f
4062;2345;2024-S1;2024-06-15;4.3;79;f
4063;2345;2024-S2;2024-12-10;4.7;82;f
4064;2347;2024-S1;2024-06-15;3.3;87;f
4065;2347;2024-S2;2024-12-10;2.8;79;f
4066;2348;2024-S1;2024-06-15;2.7;97;f
4067;2348;2024-S2;2024-12-10;3.1;65;f
4068;2349;2024-S1;2024-06-15;4.6;78;f
4069;2349;2024-S2;2024-12-10;3.3;73;f
4070;2350;2024-S1;2024-06-15;3.9;77;f
4071;2350;2024-S2;2024-12-10;3.6;67;f
4072;2351;2024-S1;2024-06-15;4.1;68;f
4073;2351;2024-S2;2024-12-10;3.1;67;f
4074;2352;2024-S1;2024-06-15;3.7;76;f
4075;2352;2024-S2;2024-12-10;3.8;53;f
4076;2353;2024-S1;2024-06-15;4.0;69;f
4077;2353;2024-S2;2024-12-10;3.4;85;f
4078;2354;2024-S1;2024-06-15;3.3;96;f
4079;2354;2024-S2;2024-12-10;4.6;86;f
4080;2355;2024-S1;2024-06-15;3.7;100;f
4081;2355;2024-S2;2024-12-10;3.8;86;f
4082;2356;2024-S1;2024-06-15;3.4;31;f
4083;2356;2024-S2;2024-12-10;3.8;78;f
4084;2357;2024-S1;2024-06-15;3.9;51;f
4085;2357;2024-S2;2024-12-10;5.0;56;f
4086;2358;2024-S1;2024-06-15;3.8;75;f
4087;2358;2024-S2;2024-12-10;4.2;62;f
4088;2359;2024-S1;2024-06-15;4.0;94;f
4089;2359;2024-S2;2024-12-10;3.4;64;f
4090;2360;2024-S2;2024-12-10;3.1;75;f
4091;2361;2024-S1;2024-06-15;3.2;81;f
4092;2361;2024-S2;2024-12-10;3.4;68;f
4093;2362;2024-S1;2024-06-15;3.2;100;f
4094;2362;2024-S2;2024-12-10;3.8;55;f
4095;2363;2024-S1;2024-06-15;3.9;48;f
4096;2364;2024-S1;2024-06-15;3.3;77;f
4097;2364;2024-S2;2024-12-10;4.0;84;f
4098;2365;2024-S1;2024-06-15;4.4;69;f
4099;2366;2024-S1;2024-06-15;4.2;83;f
4100;2366;2024-S2;2024-12-10;4.2;51;f
4101;2367;2024-S1;2024-06-15;3.8;67;f
4102;2367;2024-S2;2024-12-10;4.4;73;f
4103;2368;2024-S2;2024-12-10;3.5;67;f
4104;2369;2024-S1;2024-06-15;3.5;74;f
4105;2369;2024-S2;2024-12-10;3.9;69;f
4106;2370;2024-S1;2024-06-15;3.5;58;f
4107;2370;2024-S2;2024-12-10;4.5;68;f
4108;2371;2024-S1;2024-06-15;3.8;77;f
4109;2371;2024-S2;2024-12-10;3.9;65;f
4110;2372;2024-S2;2024-12-10;4.0;92;f
4111;2374;2024-S1;2024-06-15;4.1;78;f
4112;2374;2024-S2;2024-12-10;4.1;72;f
4113;2375;2024-S1;2024-06-15;3.5;98;f
4114;2375;2024-S2;2024-12-10;4.5;65;f
4115;2376;2024-S1;2024-06-15;4.3;78;f
4116;2376;2024-S2;2024-12-10;3.8;93;f
4117;2377;2024-S1;2024-06-15;3.8;75;f
4118;2377;2024-S2;2024-12-10;4.0;54;f
4119;2378;2024-S1;2024-06-15;3.9;52;f
4120;2378;2024-S2;2024-12-10;4.0;79;f
4121;2379;2024-S1;2024-06-15;4.3;80;f
4122;2379;2024-S2;2024-12-10;5.0;52;f
4123;2380;2024-S2;2024-12-10;3.7;86;f
4124;2381;2024-S1;2024-06-15;4.3;63;f
4125;2381;2024-S2;2024-12-10;4.4;51;f
4126;2382;2024-S1;2024-06-15;3.3;77;f
4127;2382;2024-S2;2024-12-10;3.9;89;f
4128;2383;2024-S1;2024-06-15;4.2;65;f
4129;2383;2024-S2;2024-12-10;4.4;79;f
4130;2384;2024-S1;2024-06-15;4.2;83;f
4131;2384;2024-S2;2024-12-10;3.6;85;f
4132;2385;2024-S1;2024-06-15;3.9;84;f
4133;2385;2024-S2;2024-12-10;4.5;70;f
4134;2386;2024-S1;2024-06-15;4.3;67;f
4135;2386;2024-S2;2024-12-10;3.4;71;f
4136;2387;2024-S1;2024-06-15;3.7;78;f
4137;2387;2024-S2;2024-12-10;3.1;79;f
4138;2388;2024-S1;2024-06-15;3.6;45;f
4139;2388;2024-S2;2024-12-10;3.9;91;f
4140;2389;2024-S1;2024-06-15;4.3;71;f
4141;2389;2024-S2;2024-12-10;3.5;84;f
4142;2390;2024-S1;2024-06-15;3.5;71;f
4143;2390;2024-S2;2024-12-10;5.0;92;f
4144;2391;2024-S1;2024-06-15;4.4;44;f
4145;2391;2024-S2;2024-12-10;4.1;92;f
4146;2392;2024-S1;2024-06-15;3.5;67;f
4147;2392;2024-S2;2024-12-10;3.5;65;f
4148;2393;2024-S1;2024-06-15;4.3;60;f
4149;2393;2024-S2;2024-12-10;4.1;51;f
4150;2394;2024-S1;2024-06-15;3.1;74;f
4151;2394;2024-S2;2024-12-10;3.1;57;f
4152;2395;2024-S1;2024-06-15;4.4;79;f
4153;2395;2024-S2;2024-12-10;3.8;81;f
4154;2396;2024-S1;2024-06-15;3.0;59;f
4155;2396;2024-S2;2024-12-10;3.9;52;f
4156;2397;2024-S2;2024-12-10;2.9;67;f
4157;2398;2024-S1;2024-06-15;3.8;69;f
4158;2398;2024-S2;2024-12-10;3.2;60;f
4159;2399;2024-S1;2024-06-15;3.6;82;f
4160;2399;2024-S2;2024-12-10;4.5;73;f
4161;2400;2024-S1;2024-06-15;2.7;84;f
4162;2400;2024-S2;2024-12-10;4.1;64;f
4163;2401;2024-S1;2024-06-15;3.6;92;f
4164;2401;2024-S2;2024-12-10;4.6;61;f
4165;2402;2024-S1;2024-06-15;4.9;78;f
4166;2402;2024-S2;2024-12-10;5.0;53;f
4167;2403;2024-S1;2024-06-15;3.4;41;f
4168;2403;2024-S2;2024-12-10;3.6;83;f
4169;2404;2024-S1;2024-06-15;4.7;62;f
4170;2404;2024-S2;2024-12-10;3.9;67;f
4171;2405;2024-S2;2024-12-10;4.1;70;f
4172;2407;2024-S1;2024-06-15;3.6;47;f
4173;2407;2024-S2;2024-12-10;3.9;92;f
4174;2408;2024-S1;2024-06-15;3.0;84;f
4175;2408;2024-S2;2024-12-10;3.8;43;f
4176;2409;2024-S1;2024-06-15;3.5;68;f
4177;2409;2024-S2;2024-12-10;3.9;79;f
4178;2410;2024-S1;2024-06-15;3.8;81;f
4179;2410;2024-S2;2024-12-10;3.2;69;f
4180;2411;2024-S1;2024-06-15;3.6;88;f
4181;2411;2024-S2;2024-12-10;2.7;80;f
4182;2412;2024-S1;2024-06-15;4.5;73;f
4183;2412;2024-S2;2024-12-10;5.0;65;f
4184;2413;2024-S1;2024-06-15;3.6;64;f
4185;2413;2024-S2;2024-12-10;3.6;80;f
4186;2414;2024-S1;2024-06-15;3.5;60;f
4187;2414;2024-S2;2024-12-10;2.8;69;f
4188;2415;2024-S1;2024-06-15;3.7;67;f
4189;2415;2024-S2;2024-12-10;4.9;81;f
4190;2416;2024-S1;2024-06-15;3.7;59;f
4191;2416;2024-S2;2024-12-10;3.4;66;f
4192;2417;2024-S1;2024-06-15;3.4;42;f
4193;2418;2024-S1;2024-06-15;4.0;81;f
4194;2418;2024-S2;2024-12-10;3.5;71;f
4195;2419;2024-S1;2024-06-15;4.0;52;f
4196;2419;2024-S2;2024-12-10;2.8;72;f
4197;2420;2024-S1;2024-06-15;2.4;39;f
4198;2421;2024-S1;2024-06-15;4.0;66;f
4199;2422;2024-S1;2024-06-15;3.9;96;f
4200;2422;2024-S2;2024-12-10;4.9;84;t
4201;2423;2024-S1;2024-06-15;3.9;77;f
4202;2423;2024-S2;2024-12-10;3.7;86;f
4203;2424;2024-S1;2024-06-15;3.3;69;f
4204;2424;2024-S2;2024-12-10;3.4;62;f
4205;2425;2024-S1;2024-06-15;3.8;85;f
4206;2425;2024-S2;2024-12-10;3.3;84;f
4207;2427;2024-S1;2024-06-15;3.5;58;f
4208;2427;2024-S2;2024-12-10;3.3;85;f
4209;2428;2024-S1;2024-06-15;3.1;100;f
4210;2428;2024-S2;2024-12-10;3.8;48;f
4211;2429;2024-S1;2024-06-15;3.1;83;f
4212;2429;2024-S2;2024-12-10;2.9;81;f
4213;2430;2024-S1;2024-06-15;3.1;77;f
4214;2430;2024-S2;2024-12-10;4.4;77;f
4215;2431;2024-S1;2024-06-15;4.2;82;f
4216;2431;2024-S2;2024-12-10;3.1;55;f
4217;2432;2024-S1;2024-06-15;2.7;76;f
4218;2432;2024-S2;2024-12-10;3.6;58;f
4219;2433;2024-S1;2024-06-15;3.9;94;f
4220;2433;2024-S2;2024-12-10;4.1;91;f
4221;2434;2024-S1;2024-06-15;3.5;74;f
4222;2434;2024-S2;2024-12-10;3.9;83;f
4223;2435;2024-S1;2024-06-15;2.9;93;f
4224;2435;2024-S2;2024-12-10;3.8;90;f
4225;2438;2024-S1;2024-06-15;4.3;42;f
4226;2438;2024-S2;2024-12-10;3.9;78;f
4227;2439;2024-S1;2024-06-15;3.6;72;f
4228;2439;2024-S2;2024-12-10;3.2;69;f
4229;2440;2024-S1;2024-06-15;3.5;64;f
4230;2440;2024-S2;2024-12-10;3.5;38;f
4231;2441;2024-S1;2024-06-15;3.4;59;f
4232;2441;2024-S2;2024-12-10;3.2;52;f
4233;2442;2024-S1;2024-06-15;3.6;59;f
4234;2442;2024-S2;2024-12-10;3.2;73;f
4235;2443;2024-S1;2024-06-15;4.6;73;f
4236;2443;2024-S2;2024-12-10;4.3;70;f
4237;2444;2024-S1;2024-06-15;5.0;56;f
4238;2444;2024-S2;2024-12-10;2.6;84;f
4239;2445;2024-S1;2024-06-15;4.1;46;f
4240;2445;2024-S2;2024-12-10;3.6;97;f
4241;2446;2024-S1;2024-06-15;4.2;50;f
4242;2446;2024-S2;2024-12-10;2.6;94;f
4243;2447;2024-S2;2024-12-10;3.2;85;f
4244;2448;2024-S1;2024-06-15;4.1;71;f
4245;2448;2024-S2;2024-12-10;3.3;92;f
4246;2449;2024-S1;2024-06-15;2.5;87;f
4247;2449;2024-S2;2024-12-10;3.5;61;f
4248;2450;2024-S1;2024-06-15;3.6;87;f
4249;2450;2024-S2;2024-12-10;3.0;76;f
4250;2451;2024-S1;2024-06-15;4.0;69;f
4251;2451;2024-S2;2024-12-10;3.1;60;f
4252;2452;2024-S1;2024-06-15;4.7;85;f
4253;2452;2024-S2;2024-12-10;3.3;100;f
4254;2453;2024-S1;2024-06-15;3.1;72;f
4255;2453;2024-S2;2024-12-10;3.7;56;f
4256;2454;2024-S1;2024-06-15;2.7;43;f
4257;2455;2024-S1;2024-06-15;3.9;71;f
4258;2455;2024-S2;2024-12-10;4.1;80;f
4259;2456;2024-S1;2024-06-15;3.2;67;f
4260;2456;2024-S2;2024-12-10;3.3;95;f
4261;2457;2024-S1;2024-06-15;4.2;76;f
4262;2457;2024-S2;2024-12-10;4.0;70;f
4263;2459;2024-S1;2024-06-15;3.8;61;f
4264;2459;2024-S2;2024-12-10;3.3;80;f
4265;2460;2024-S1;2024-06-15;3.1;62;f
4266;2460;2024-S2;2024-12-10;3.6;50;f
4267;2461;2024-S1;2024-06-15;4.3;81;f
4268;2461;2024-S2;2024-12-10;3.9;66;f
4269;2462;2024-S1;2024-06-15;4.3;77;f
4270;2462;2024-S2;2024-12-10;4.2;86;f
4271;2463;2024-S1;2024-06-15;3.4;59;f
4272;2463;2024-S2;2024-12-10;3.1;72;f
4273;2464;2024-S1;2024-06-15;2.2;57;f
4274;2464;2024-S2;2024-12-10;3.3;63;f
4275;2465;2024-S1;2024-06-15;4.0;51;f
4276;2465;2024-S2;2024-12-10;2.8;48;f
4277;2466;2024-S1;2024-06-15;4.0;63;f
4278;2466;2024-S2;2024-12-10;3.4;96;f
4279;2467;2024-S1;2024-06-15;3.9;61;f
4280;2467;2024-S2;2024-12-10;2.9;98;f
4281;2468;2024-S1;2024-06-15;3.8;65;f
4282;2468;2024-S2;2024-12-10;3.8;66;f
4283;2469;2024-S1;2024-06-15;2.9;21;f
4284;2470;2024-S1;2024-06-15;3.5;57;f
4285;2470;2024-S2;2024-12-10;3.7;58;f
4286;2471;2024-S1;2024-06-15;3.4;64;f
4287;2471;2024-S2;2024-12-10;3.8;66;f
4288;2472;2024-S1;2024-06-15;3.1;77;f
4289;2472;2024-S2;2024-12-10;4.8;66;f
4290;2473;2024-S1;2024-06-15;4.4;50;f
4291;2473;2024-S2;2024-12-10;3.3;90;f
4292;2474;2024-S1;2024-06-15;3.8;61;f
4293;2474;2024-S2;2024-12-10;4.2;57;f
4294;2475;2024-S1;2024-06-15;3.7;85;f
4295;2475;2024-S2;2024-12-10;3.9;100;f
4296;2476;2024-S1;2024-06-15;3.4;81;f
4297;2476;2024-S2;2024-12-10;4.2;68;f
4298;2478;2024-S1;2024-06-15;3.2;88;f
4299;2478;2024-S2;2024-12-10;3.4;81;f
4300;2479;2024-S1;2024-06-15;3.9;73;f
4301;2479;2024-S2;2024-12-10;4.4;76;f
4302;2481;2024-S1;2024-06-15;2.9;50;f
4303;2482;2024-S1;2024-06-15;3.7;66;f
4304;2482;2024-S2;2024-12-10;3.7;80;f
4305;2484;2024-S1;2024-06-15;4.0;80;f
4306;2484;2024-S2;2024-12-10;5.0;64;f
4307;2485;2024-S1;2024-06-15;2.8;66;f
4308;2485;2024-S2;2024-12-10;3.5;78;f
4309;2486;2024-S1;2024-06-15;3.6;82;f
4310;2486;2024-S2;2024-12-10;3.3;80;f
4311;2487;2024-S1;2024-06-15;2.9;71;f
4312;2487;2024-S2;2024-12-10;3.3;66;f
4313;2488;2024-S1;2024-06-15;2.6;83;f
4314;2488;2024-S2;2024-12-10;3.5;70;f
4315;2489;2024-S1;2024-06-15;3.9;61;f
4316;2489;2024-S2;2024-12-10;3.4;47;f
4317;2490;2024-S2;2024-12-10;3.5;93;f
4318;2491;2024-S1;2024-06-15;3.9;50;f
4319;2491;2024-S2;2024-12-10;3.9;89;f
4320;2492;2024-S1;2024-06-15;3.1;68;f
4321;2492;2024-S2;2024-12-10;3.6;73;f
4322;2493;2024-S2;2024-12-10;3.8;80;f
4323;2494;2024-S1;2024-06-15;3.6;89;f
4324;2494;2024-S2;2024-12-10;2.6;55;f
4325;2495;2024-S1;2024-06-15;4.5;65;f
4326;2495;2024-S2;2024-12-10;4.0;70;f
4327;2496;2024-S2;2024-12-10;4.2;77;f
4328;2497;2024-S1;2024-06-15;5.0;71;f
4329;2497;2024-S2;2024-12-10;3.5;89;f
4330;2498;2024-S1;2024-06-15;4.1;60;f
4331;2498;2024-S2;2024-12-10;4.2;74;f
4332;2500;2024-S1;2024-06-15;3.7;78;f
4333;2500;2024-S2;2024-12-10;4.1;74;f
