funcionario_id;nome_completo;genero;idade;cidade;uf;departamento_id;cargo;senioridade;modelo_trabalho;data_admissao;salario_atual;status;data_desligamento;tipo_desligamento;motivo_desligamento
1;Joao Andrade Lima;M;35;Curitiba;PR;10;Junior de Financeiro;Junior;Hibrido;2022-12-29;4801.78;Ativo;;;
2;Matheus Andrade Souza;M;31;Campinas;SP;12;Junior de Administrativo;Junior;Hibrido;2021-02-25;4084.29;Ativo;;;
3;Fernando Carvalho Santos;M;32;Sao Paulo;SP;12;Pleno de Administrativo;Pleno;Hibrido;2019-08-07;7348.96;Ativo;;;
4;Bruno Pereira Soares;M;22;Brasilia;DF;11;Pleno de Juridico;Pleno;Hibrido;2024-09-14;7913.49;Ativo;;;
5;Gustavo Alves Nascimento;M;37;Campinas;SP;3;Junior de Produto;Junior;Hibrido;2023-07-19;4585.39;Desligado;2024-12-26;Involuntario;Reducao de quadro
6;Beatriz Almeida Vieira;F;33;Porto Alegre;RS;4;Pleno de Comercial;Pleno;Presencial;2022-04-23;6405.54;Ativo;;;
7;Rafael Nascimento Carvalho;M;30;Recife;PE;2;Senior de Dados & Analytics;Senior;Remoto;2023-05-01;13684.32;Ativo;;;
8;Fernanda Alves Costa;F;29;Rio de Janeiro;RJ;12;Junior de Administrativo;Junior;Remoto;2019-08-01;4320.77;Desligado;2024-04-15;Voluntario;Nova oportunidade de mercado
9;Camila Ribeiro Ribeiro;F;38;Brasilia;DF;2;Pleno de Dados & Analytics;Pleno;Presencial;2018-01-18;8863.05;Ativo;;;
10;Ana Andrade Almeida;F;34;Florianopolis;SC;6;Coordenador de Customer Success;Coordenador;Hibrido;2021-06-09;17774.68;Ativo;;;
11;Marcelo Oliveira Fernandes;M;32;Porto Alegre;RS;4;Pleno de Comercial;Pleno;Hibrido;2020-07-22;8074.44;Desligado;2024-10-20;Voluntario;Continuidade dos estudos
12;Luciana Alves Nascimento;F;49;Rio de Janeiro;RJ;8;Estagiario de Operacoes;Estagiario;Hibrido;2022-06-18;2158.47;Ativo;;;
13;Felipe Gomes Oliveira;M;25;Curitiba;PR;11;Junior de Juridico;Junior;Remoto;2019-10-21;5464.34;Ativo;;;
14;Marcelo Lima Almeida;M;42;Campinas;SP;9;Especialista de Recursos Humanos;Especialista;Remoto;2018-08-01;17679.25;Ativo;;;
15;Larissa Ribeiro Ribeiro;F;33;Curitiba;PR;10;Pleno de Financeiro;Pleno;Remoto;2019-08-23;6784.94;Ativo;;;
16;Juliana Barbosa Rocha;F;37;Belo Horizonte;MG;6;Junior de Customer Success;Junior;Presencial;2020-09-19;3987.98;Ativo;;;
17;Rafael Almeida Martins;M;40;Porto Alegre;RS;7;Junior de Suporte Tecnico;Junior;Remoto;2024-08-03;5266.99;Ativo;;;
18;Thiago Santos Pereira;M;35;Sao Paulo;SP;6;Pleno de Customer Success;Pleno;Remoto;2024-06-06;7381.42;Desligado;2024-12-31;Voluntario;Motivos pessoais/familiares
19;Juliana Alves Vieira;F;22;Goiania;GO;4;Junior de Comercial;Junior;Hibrido;2022-03-25;4339.56;Desligado;2024-01-02;Voluntario;Mudanca de carreira
20;Vinicius Martins Rocha;M;26;Fortaleza;CE;6;Estagiario de Customer Success;Estagiario;Remoto;2019-12-25;2125.92;Ativo;;;
21;Guilherme Rodrigues Pereira;M;28;Goiania;GO;9;Senior de Recursos Humanos;Senior;Hibrido;2022-11-02;10569.09;Ativo;;;
22;Luciana Carvalho Vieira;F;39;Salvador;BA;9;Estagiario de Recursos Humanos;Estagiario;Remoto;2022-10-24;2473.85;Ativo;;;
23;Beatriz Rodrigues Soares;F;29;Fortaleza;CE;12;Pleno de Administrativo;Pleno;Hibrido;2020-06-17;7468.6;Ativo;;;
24;Pedro Souza Rodrigues;M;29;Campinas;SP;8;Pleno de Operacoes;Pleno;Remoto;2018-05-02;7626.36;Ativo;;;
25;Andre Barbosa Oliveira;M;29;Salvador;BA;9;Estagiario de Recursos Humanos;Estagiario;Presencial;2021-12-24;2210.04;Ativo;;;
26;Daniela Almeida Soares;F;35;Porto Alegre;RS;7;Especialista de Suporte Tecnico;Especialista;Hibrido;2018-09-12;14174.75;Desligado;2024-02-04;Voluntario;Continuidade dos estudos
27;Gabriel Dias Fernandes;M;30;Porto Alegre;RS;8;Coordenador de Operacoes;Coordenador;Hibrido;2024-09-09;12235.12;Ativo;;;
28;Camila Gomes Carvalho;F;28;Belo Horizonte;MG;6;Pleno de Customer Success;Pleno;Presencial;2020-12-19;9257.65;Ativo;;;
29;Maria Andrade Andrade;F;29;Porto Alegre;RS;2;Senior de Dados & Analytics;Senior;Presencial;2022-09-05;11451.98;Ativo;;;
30;Leonardo Souza Rocha;M;33;Porto Alegre;RS;2;Senior de Dados & Analytics;Senior;Presencial;2024-09-25;10124.06;Ativo;;;
31;Matheus Ribeiro Ferreira;M;44;Florianopolis;SC;3;Senior de Produto;Senior;Hibrido;2018-08-03;13384.33;Ativo;;;
32;Ricardo Costa Lopes;M;34;Sao Paulo;SP;11;Junior de Juridico;Junior;Remoto;2020-12-07;5054.29;Ativo;;;
33;Diego Gomes Pereira;M;31;Sao Paulo;SP;11;Coordenador de Juridico;Coordenador;Hibrido;2024-01-03;14249.22;Ativo;;;
34;Fernando Oliveira Oliveira;M;24;Goiania;GO;2;Coordenador de Dados & Analytics;Coordenador;Remoto;2022-10-23;15138.59;Ativo;;;
35;Juliana Fernandes Rodrigues;F;40;Belo Horizonte;MG;1;Pleno de Engenharia de Software;Pleno;Hibrido;2019-11-03;7358.94;Ativo;;;
36;Natalia Ferreira Lima;F;44;Florianopolis;SC;2;Especialista de Dados & Analytics;Especialista;Presencial;2023-01-07;17935.22;Ativo;;;
37;Amanda Fernandes Andrade;F;36;Goiania;GO;4;Pleno de Comercial;Pleno;Hibrido;2023-09-25;8623.52;Ativo;;;
38;Rodrigo Martins Dias;M;31;Campinas;SP;11;Senior de Juridico;Senior;Remoto;2023-01-08;14522.41;Ativo;;;
39;Priscila Soares Almeida;F;22;Rio de Janeiro;RJ;8;Estagiario de Operacoes;Estagiario;Hibrido;2023-10-01;2148.72;Ativo;;;
40;Felipe Oliveira Costa;M;27;Sao Paulo;SP;3;Junior de Produto;Junior;Hibrido;2020-06-04;3772.74;Ativo;;;
41;Fernando Pereira Silva;M;23;Rio de Janeiro;RJ;5;Senior de Marketing;Senior;Remoto;2023-04-26;12026.41;Desligado;2024-01-17;Voluntario;Nova oportunidade de mercado
42;Lucas Santos Costa;M;19;Rio de Janeiro;RJ;12;Especialista de Administrativo;Especialista;Presencial;2022-02-28;16091.42;Ativo;;;
43;Guilherme Dias Lopes;M;28;Curitiba;PR;9;Junior de Recursos Humanos;Junior;Hibrido;2018-08-22;4160.2;Ativo;;;
44;Fernando Vieira Lopes;M;39;Curitiba;PR;2;Pleno de Dados & Analytics;Pleno;Remoto;2020-07-20;7695.83;Ativo;;;
45;Vanessa Alves Souza;F;37;Rio de Janeiro;RJ;12;Junior de Administrativo;Junior;Hibrido;2018-10-30;3922.9;Ativo;;;
46;Bruna Carvalho Carvalho;F;25;Fortaleza;CE;8;Pleno de Operacoes;Pleno;Remoto;2020-08-14;8052.87;Ativo;;;
47;Gabriel Santos Martins;M;33;Goiania;GO;3;Pleno de Produto;Pleno;Hibrido;2023-07-28;8977.86;Desligado;2024-11-03;Voluntario;Mudanca de carreira
48;Felipe Alves Alves;M;37;Florianopolis;SC;1;Estagiario de Engenharia de Software;Estagiario;Hibrido;2022-12-31;2482.55;Ativo;;;
49;Fernanda Carvalho Ferreira;F;34;Porto Alegre;RS;12;Junior de Administrativo;Junior;Remoto;2019-12-30;3729.67;Ativo;;;
50;Beatriz Oliveira Almeida;F;44;Florianopolis;SC;9;Junior de Recursos Humanos;Junior;Hibrido;2018-12-17;4869.14;Desligado;2024-02-12;Voluntario;Nova oportunidade de mercado
51;Gustavo Silva Oliveira;M;41;Curitiba;PR;9;Especialista de Recursos Humanos;Especialista;Hibrido;2023-05-28;17329.58;Ativo;;;
52;Andre Lopes Lopes;M;35;Curitiba;PR;4;Pleno de Comercial;Pleno;Hibrido;2022-12-08;8390.44;Ativo;;;
53;Ana Ferreira Martins;F;36;Sao Paulo;SP;6;Junior de Customer Success;Junior;Remoto;2020-04-25;5379.66;Desligado;2024-10-16;Voluntario;Motivos pessoais/familiares
54;Priscila Gomes Carvalho;F;47;Goiania;GO;2;Estagiario de Dados & Analytics;Estagiario;Remoto;2024-01-23;2198.92;Ativo;;;
55;Fernanda Alves Gomes;F;41;Curitiba;PR;12;Senior de Administrativo;Senior;Hibrido;2019-07-29;14774.91;Ativo;;;
56;Fernando Andrade Fernandes;M;28;Sao Paulo;SP;5;Junior de Marketing;Junior;Remoto;2018-02-28;5337.5;Ativo;;;
57;Ana Santos Vieira;F;27;Fortaleza;CE;4;Junior de Comercial;Junior;Remoto;2020-04-18;3872.64;Ativo;;;
58;Pedro Soares Oliveira;M;41;Belo Horizonte;MG;12;Junior de Administrativo;Junior;Remoto;2024-05-11;4296.34;Ativo;;;
59;Ricardo Oliveira Dias;M;40;Curitiba;PR;2;Senior de Dados & Analytics;Senior;Hibrido;2019-06-22;11026.73;Ativo;;;
60;Camila Vieira Pereira;F;26;Brasilia;DF;5;Pleno de Marketing;Pleno;Hibrido;2023-03-09;8083.85;Ativo;;;
61;Ricardo Oliveira Carvalho;M;31;Campinas;SP;11;Pleno de Juridico;Pleno;Remoto;2018-09-18;7739.54;Ativo;;;
62;Patricia Alves Dias;F;33;Goiania;GO;5;Senior de Marketing;Senior;Hibrido;2021-10-25;14268.47;Ativo;;;
63;Beatriz Lima Martins;F;32;Belo Horizonte;MG;10;Junior de Financeiro;Junior;Presencial;2023-09-28;4944.53;Ativo;;;
64;Priscila Costa Oliveira;F;22;Sao Paulo;SP;11;Junior de Juridico;Junior;Remoto;2022-11-13;5252.89;Ativo;;;
65;Daniela Vieira Souza;F;21;Rio de Janeiro;RJ;11;Pleno de Juridico;Pleno;Presencial;2023-04-13;7030.63;Ativo;;;
66;Leonardo Lima Rodrigues;M;39;Recife;PE;12;Pleno de Administrativo;Pleno;Remoto;2020-11-30;6763.08;Ativo;;;
67;Felipe Ribeiro Gomes;M;34;Belo Horizonte;MG;7;Pleno de Suporte Tecnico;Pleno;Remoto;2019-06-06;8279.97;Desligado;2024-02-19;Involuntario;Reestruturacao da area
68;Daniela Rocha Soares;F;36;Sao Paulo;SP;10;Senior de Financeiro;Senior;Remoto;2020-12-01;11724.1;Ativo;;;
69;Camila Rodrigues Lima;F;33;Rio de Janeiro;RJ;10;Coordenador de Financeiro;Coordenador;Hibrido;2018-03-20;16395.43;Ativo;;;
70;Gustavo Rodrigues Lima;M;30;Porto Alegre;RS;12;Senior de Administrativo;Senior;Remoto;2021-01-02;12225.2;Ativo;;;
71;Thiago Alves Dias;M;35;Campinas;SP;9;Junior de Recursos Humanos;Junior;Hibrido;2019-04-13;5400.47;Ativo;;;
72;Tatiane Lopes Lima;F;35;Sao Paulo;SP;11;Junior de Juridico;Junior;Presencial;2018-04-10;5475.34;Ativo;;;
73;Andre Lima Santos;M;37;Sao Paulo;SP;1;Estagiario de Engenharia de Software;Estagiario;Remoto;2022-06-16;2118.6;Ativo;;;
74;Fernanda Rocha Lima;F;32;Belo Horizonte;MG;1;Pleno de Engenharia de Software;Pleno;Hibrido;2022-04-30;8767.53;Ativo;;;
75;Natalia Nascimento Carvalho;F;22;Florianopolis;SC;4;Gerente de Comercial;Gerente;Remoto;2020-10-11;21507.12;Ativo;;;
76;Gabriel Oliveira Nascimento;M;36;Belo Horizonte;MG;3;Junior de Produto;Junior;Hibrido;2020-01-19;4209.24;Ativo;;;
77;Diego Vieira Fernandes;M;31;Belo Horizonte;MG;6;Pleno de Customer Success;Pleno;Presencial;2022-02-26;9438.16;Ativo;;;
78;Fernanda Santos Gomes;F;33;Recife;PE;6;Senior de Customer Success;Senior;Hibrido;2020-08-27;10161.86;Desligado;2024-12-15;Involuntario;Baixo desempenho
79;Amanda Dias Pereira;F;35;Campinas;SP;8;Senior de Operacoes;Senior;Hibrido;2023-08-22;13328.11;Ativo;;;
80;Diego Fernandes Carvalho;M;40;Brasilia;DF;12;Junior de Administrativo;Junior;Presencial;2023-12-17;5277.5;Ativo;;;
81;Felipe Ferreira Ferreira;M;36;Salvador;BA;7;Junior de Suporte Tecnico;Junior;Hibrido;2023-11-20;4866.52;Ativo;;;
82;Rafael Andrade Costa;M;46;Salvador;BA;6;Pleno de Customer Success;Pleno;Hibrido;2019-02-02;9038.56;Desligado;2024-05-01;Voluntario;Insatisfacao salarial
83;Larissa Nascimento Souza;F;25;Salvador;BA;12;Senior de Administrativo;Senior;Remoto;2023-10-03;10384.18;Ativo;;;
84;Vinicius Pereira Alves;M;36;Fortaleza;CE;6;Junior de Customer Success;Junior;Hibrido;2020-12-27;4066.69;Ativo;;;
85;Carolina Pereira Pereira;F;23;Sao Paulo;SP;12;Junior de Administrativo;Junior;Hibrido;2022-04-17;4664.34;Desligado;2024-11-14;Aposentadoria;Aposentadoria
86;Marcelo Costa Lima;M;29;Rio de Janeiro;RJ;6;Pleno de Customer Success;Pleno;Remoto;2021-01-30;8696.43;Ativo;;;
87;Bruna Rocha Soares;F;23;Salvador;BA;9;Coordenador de Recursos Humanos;Coordenador;Remoto;2024-04-15;12187.81;Ativo;;;
88;Maria Souza Lima;F;30;Belo Horizonte;MG;11;Senior de Juridico;Senior;Presencial;2022-12-11;10601.98;Ativo;;;
89;Ana Souza Barbosa;F;49;Salvador;BA;11;Senior de Juridico;Senior;Presencial;2024-09-08;11117.92;Ativo;;;
90;Aline Carvalho Barbosa;F;20;Florianopolis;SC;5;Pleno de Marketing;Pleno;Remoto;2020-02-23;6941.48;Ativo;;;
91;Marcelo Vieira Alves;M;28;Porto Alegre;RS;7;Junior de Suporte Tecnico;Junior;Remoto;2018-02-16;3705.58;Ativo;;;
92;Andre Silva Soares;M;19;Florianopolis;SC;6;Especialista de Customer Success;Especialista;Remoto;2020-06-22;13495.05;Ativo;;;
93;Diego Carvalho Oliveira;M;38;Campinas;SP;11;Pleno de Juridico;Pleno;Hibrido;2024-06-19;8145.3;Ativo;;;
94;Daniela Costa Dias;F;35;Rio de Janeiro;RJ;3;Pleno de Produto;Pleno;Remoto;2018-07-26;7842.41;Desligado;2024-03-31;Voluntario;Mudanca de carreira
95;Vanessa Costa Martins;F;29;Goiania;GO;1;Pleno de Engenharia de Software;Pleno;Remoto;2021-05-30;7163.1;Desligado;2024-05-27;Voluntario;Mudanca de carreira
96;Bruno Carvalho Dias;M;34;Salvador;BA;3;Senior de Produto;Senior;Remoto;2021-10-03;13722.48;Ativo;;;
97;Ricardo Vieira Gomes;M;29;Salvador;BA;1;Pleno de Engenharia de Software;Pleno;Hibrido;2023-10-12;7343.47;Ativo;;;
98;Rodrigo Gomes Alves;M;32;Salvador;BA;5;Junior de Marketing;Junior;Hibrido;2020-10-19;4374.33;Ativo;;;
99;Priscila Almeida Almeida;F;44;Campinas;SP;11;Pleno de Juridico;Pleno;Hibrido;2019-08-22;8095.5;Ativo;;;
100;Leonardo Lopes Andrade;M;38;Belo Horizonte;MG;2;Junior de Dados & Analytics;Junior;Hibrido;2023-02-03;3835.24;Ativo;;;
101;Rodrigo Soares Dias;M;40;Campinas;SP;9;Estagiario de Recursos Humanos;Estagiario;Hibrido;2019-03-31;2248.0;Desligado;2024-02-07;Voluntario;Continuidade dos estudos
102;Juliana Pereira Dias;F;31;Porto Alegre;RS;6;Especialista de Customer Success;Especialista;Remoto;2021-05-19;15728.44;Ativo;;;
103;Bruno Rodrigues Silva;M;39;Sao Paulo;SP;4;Senior de Comercial;Senior;Presencial;2022-09-22;14109.63;Ativo;;;
104;Vinicius Barbosa Oliveira;M;24;Fortaleza;CE;7;Junior de Suporte Tecnico;Junior;Hibrido;2022-07-03;4817.77;Desligado;2024-08-28;Aposentadoria;Aposentadoria
105;Luciana Alves Nascimento;F;39;Goiania;GO;1;Especialista de Engenharia de Software;Especialista;Hibrido;2024-01-03;18267.35;Ativo;;;
106;Debora Martins Pereira;F;30;Belo Horizonte;MG;10;Pleno de Financeiro;Pleno;Remoto;2021-10-09;7919.75;Ativo;;;
107;Gabriel Carvalho Pereira;M;32;Belo Horizonte;MG;4;Pleno de Comercial;Pleno;Hibrido;2022-01-04;7330.68;Ativo;;;
108;Ana Fernandes Pereira;F;30;Rio de Janeiro;RJ;9;Estagiario de Recursos Humanos;Estagiario;Presencial;2019-09-07;2253.23;Ativo;;;
109;Fernanda Almeida Dias;F;26;Florianopolis;SC;6;Pleno de Customer Success;Pleno;Hibrido;2022-09-16;6426.6;Desligado;2024-07-10;Involuntario;Reducao de quadro
110;Priscila Barbosa Andrade;F;30;Florianopolis;SC;3;Junior de Produto;Junior;Remoto;2021-07-24;3505.17;Ativo;;;
111;Natalia Almeida Ferreira;F;36;Goiania;GO;4;Senior de Comercial;Senior;Remoto;2018-08-30;11830.56;Ativo;;;
112;Priscila Lima Pereira;F;40;Campinas;SP;9;Pleno de Recursos Humanos;Pleno;Hibrido;2019-08-05;6624.56;Ativo;;;
113;Tatiane Lopes Rocha;F;22;Curitiba;PR;8;Senior de Operacoes;Senior;Presencial;2018-11-21;13308.4;Desligado;2024-09-21;Voluntario;Mudanca de carreira
114;Juliana Nascimento Gomes;F;37;Curitiba;PR;2;Pleno de Dados & Analytics;Pleno;Hibrido;2023-10-02;8160.05;Ativo;;;
115;Aline Costa Fernandes;F;33;Rio de Janeiro;RJ;1;Senior de Engenharia de Software;Senior;Remoto;2021-11-09;14967.77;Ativo;;;
116;Matheus Pereira Martins;M;27;Goiania;GO;10;Pleno de Financeiro;Pleno;Hibrido;2020-01-30;8876.32;Ativo;;;
117;Bruno Oliveira Carvalho;M;19;Salvador;BA;11;Junior de Juridico;Junior;Remoto;2023-12-24;4014.09;Ativo;;;
118;Natalia Almeida Carvalho;F;28;Sao Paulo;SP;7;Pleno de Suporte Tecnico;Pleno;Presencial;2021-10-30;6306.75;Ativo;;;
119;Andre Martins Vieira;M;24;Goiania;GO;5;Coordenador de Marketing;Coordenador;Remoto;2020-08-19;12698.2;Ativo;;;
120;Fernando Martins Lopes;M;19;Sao Paulo;SP;10;Junior de Financeiro;Junior;Remoto;2024-06-13;5414.65;Ativo;;;
121;Carolina Martins Carvalho;F;19;Florianopolis;SC;8;Junior de Operacoes;Junior;Hibrido;2024-08-28;3551.62;Ativo;;;
122;Vinicius Pereira Lima;M;30;Salvador;BA;7;Pleno de Suporte Tecnico;Pleno;Hibrido;2019-06-19;7975.54;Ativo;;;
123;Maria Martins Costa;F;36;Campinas;SP;8;Junior de Operacoes;Junior;Remoto;2022-05-18;4883.24;Ativo;;;
124;Larissa Almeida Rodrigues;F;41;Brasilia;DF;11;Pleno de Juridico;Pleno;Hibrido;2021-08-19;8289.27;Ativo;;;
125;Marcelo Vieira Vieira;M;29;Campinas;SP;1;Pleno de Engenharia de Software;Pleno;Hibrido;2019-09-02;6753.21;Ativo;;;
126;Lucas Rocha Carvalho;M;23;Belo Horizonte;MG;6;Junior de Customer Success;Junior;Hibrido;2023-12-24;3798.48;Ativo;;;
127;Larissa Santos Lima;F;39;Salvador;BA;3;Junior de Produto;Junior;Hibrido;2019-10-06;4876.27;Ativo;;;
128;Amanda Almeida Costa;F;35;Recife;PE;4;Pleno de Comercial;Pleno;Hibrido;2024-10-31;9088.61;Ativo;;;
129;Patricia Carvalho Lima;F;37;Rio de Janeiro;RJ;10;Junior de Financeiro;Junior;Remoto;2022-07-28;4199.41;Ativo;;;
130;Maria Andrade Fernandes;F;40;Sao Paulo;SP;9;Senior de Recursos Humanos;Senior;Hibrido;2019-06-04;12935.65;Ativo;;;
131;Beatriz Rocha Oliveira;F;41;Campinas;SP;4;Junior de Comercial;Junior;Presencial;2021-08-07;4472.03;Ativo;;;
132;Joao Pereira Alves;M;35;Sao Paulo;SP;5;Pleno de Marketing;Pleno;Presencial;2019-08-31;8145.29;Desligado;2024-03-13;Involuntario;Reducao de quadro
133;Felipe Rodrigues Lopes;M;22;Campinas;SP;3;Senior de Produto;Senior;Remoto;2022-07-15;13506.7;Ativo;;;
134;Fernando Alves Almeida;M;38;Goiania;GO;8;Senior de Operacoes;Senior;Hibrido;2021-07-01;13997.82;Ativo;;;
135;Bruna Ferreira Barbosa;F;34;Brasilia;DF;9;Pleno de Recursos Humanos;Pleno;Remoto;2023-08-12;6562.97;Ativo;;;
136;Rafael Gomes Souza;M;43;Brasilia;DF;5;Senior de Marketing;Senior;Hibrido;2020-06-16;12887.92;Ativo;;;
137;Rodrigo Vieira Dias;M;31;Salvador;BA;3;Junior de Produto;Junior;Hibrido;2024-01-23;3797.78;Ativo;;;
138;Amanda Oliveira Vieira;F;32;Goiania;GO;7;Senior de Suporte Tecnico;Senior;Remoto;2020-06-16;9517.7;Ativo;;;
139;Gabriel Nascimento Gomes;M;33;Campinas;SP;1;Senior de Engenharia de Software;Senior;Hibrido;2023-09-15;13927.44;Ativo;;;
140;Fernando Santos Ribeiro;M;26;Florianopolis;SC;10;Junior de Financeiro;Junior;Hibrido;2020-07-26;4971.01;Desligado;2024-10-19;Involuntario;Reestruturacao da area
141;Juliana Soares Rocha;F;25;Recife;PE;2;Coordenador de Dados & Analytics;Coordenador;Remoto;2024-10-09;13217.62;Ativo;;;
142;Andre Lopes Souza;M;39;Salvador;BA;4;Especialista de Comercial;Especialista;Hibrido;2021-03-11;14353.25;Ativo;;;
143;Priscila Nascimento Rodrigues;F;36;Salvador;BA;5;Senior de Marketing;Senior;Remoto;2018-12-08;10373.99;Ativo;;;
144;Leonardo Rocha Lima;M;31;Brasilia;DF;12;Especialista de Administrativo;Especialista;Hibrido;2023-04-02;14497.28;Ativo;;;
145;Priscila Carvalho Andrade;F;28;Brasilia;DF;8;Especialista de Operacoes;Especialista;Remoto;2024-08-29;13130.94;Ativo;;;
146;Aline Pereira Oliveira;F;31;Porto Alegre;RS;3;Junior de Produto;Junior;Hibrido;2020-05-04;4950.31;Ativo;;;
147;Beatriz Almeida Vieira;F;27;Brasilia;DF;3;Junior de Produto;Junior;Remoto;2018-07-26;4915.67;Ativo;;;
148;Aline Silva Lopes;F;43;Recife;PE;7;Pleno de Suporte Tecnico;Pleno;Remoto;2018-06-07;8278.41;Ativo;;;
149;Vinicius Alves Ribeiro;M;30;Porto Alegre;RS;11;Junior de Juridico;Junior;Hibrido;2019-10-08;4819.26;Ativo;;;
150;Patricia Barbosa Nascimento;F;41;Porto Alegre;RS;5;Pleno de Marketing;Pleno;Remoto;2023-09-07;6369.16;Ativo;;;
151;Leonardo Alves Oliveira;M;32;Curitiba;PR;6;Junior de Customer Success;Junior;Hibrido;2024-03-15;4726.95;Desligado;2024-07-04;Voluntario;Motivos pessoais/familiares
152;Natalia Pereira Nascimento;F;21;Fortaleza;CE;9;Senior de Recursos Humanos;Senior;Presencial;2021-05-10;11258.17;Ativo;;;
153;Priscila Silva Oliveira;F;25;Porto Alegre;RS;4;Senior de Comercial;Senior;Hibrido;2023-01-22;14396.42;Desligado;2024-11-09;Involuntario;Baixo desempenho
154;Beatriz Gomes Dias;F;40;Brasilia;DF;8;Pleno de Operacoes;Pleno;Hibrido;2019-03-15;8898.87;Ativo;;;
155;Debora Fernandes Soares;F;28;Recife;PE;8;Coordenador de Operacoes;Coordenador;Hibrido;2022-09-04;15804.85;Ativo;;;
156;Natalia Costa Ribeiro;F;29;Goiania;GO;2;Junior de Dados & Analytics;Junior;Presencial;2019-06-29;4180.76;Ativo;;;
157;Patricia Gomes Lima;F;42;Curitiba;PR;10;Senior de Financeiro;Senior;Hibrido;2021-02-02;12582.42;Ativo;;;
158;Bruno Costa Souza;M;28;Goiania;GO;2;Pleno de Dados & Analytics;Pleno;Presencial;2018-11-18;6095.11;Ativo;;;
159;Bruno Alves Andrade;M;37;Fortaleza;CE;10;Estagiario de Financeiro;Estagiario;Hibrido;2023-09-13;2197.02;Desligado;2024-03-23;Involuntario;Reestruturacao da area
160;Camila Alves Gomes;F;35;Curitiba;PR;12;Junior de Administrativo;Junior;Remoto;2018-03-29;3979.02;Ativo;;;
161;Larissa Gomes Silva;F;26;Goiania;GO;2;Junior de Dados & Analytics;Junior;Hibrido;2022-10-20;5411.65;Desligado;2024-11-28;Voluntario;Continuidade dos estudos
162;Guilherme Santos Santos;M;32;Florianopolis;SC;12;Pleno de Administrativo;Pleno;Hibrido;2019-08-15;8367.49;Ativo;;;
163;Fernanda Rocha Lopes;F;30;Rio de Janeiro;RJ;4;Pleno de Comercial;Pleno;Hibrido;2019-11-30;6159.77;Ativo;;;
164;Fernando Gomes Lopes;M;19;Fortaleza;CE;9;Especialista de Recursos Humanos;Especialista;Remoto;2023-11-01;13296.98;Ativo;;;
165;Aline Ferreira Santos;F;19;Porto Alegre;RS;2;Especialista de Dados & Analytics;Especialista;Hibrido;2022-09-02;16448.68;Desligado;2024-06-13;Involuntario;Reestruturacao da area
166;Lucas Martins Lopes;M;21;Rio de Janeiro;RJ;10;Junior de Financeiro;Junior;Presencial;2022-12-27;4936.86;Ativo;;;
167;Matheus Rodrigues Vieira;M;29;Porto Alegre;RS;7;Junior de Suporte Tecnico;Junior;Presencial;2022-08-16;4209.54;Ativo;;;
168;Felipe Souza Fernandes;M;36;Salvador;BA;5;Pleno de Marketing;Pleno;Remoto;2023-09-25;8593.43;Ativo;;;
169;Leonardo Martins Almeida;M;35;Fortaleza;CE;11;Junior de Juridico;Junior;Remoto;2018-06-20;4433.22;Ativo;;;
170;Luciana Carvalho Gomes;F;38;Brasilia;DF;6;Pleno de Customer Success;Pleno;Remoto;2023-12-06;8794.33;Ativo;;;
171;Ricardo Andrade Souza;M;19;Curitiba;PR;5;Junior de Marketing;Junior;Hibrido;2019-01-26;5280.19;Desligado;2024-08-23;Voluntario;Insatisfacao salarial
172;Juliana Ferreira Pereira;F;27;Belo Horizonte;MG;3;Junior de Produto;Junior;Presencial;2019-07-31;3834.72;Ativo;;;
173;Rafael Silva Carvalho;M;24;Fortaleza;CE;4;Junior de Comercial;Junior;Hibrido;2020-08-04;5170.96;Ativo;;;
174;Carolina Santos Pereira;F;32;Porto Alegre;RS;8;Estagiario de Operacoes;Estagiario;Remoto;2024-10-10;2479.52;Ativo;;;
175;Priscila Oliveira Dias;F;23;Curitiba;PR;4;Pleno de Comercial;Pleno;Hibrido;2023-09-29;8370.86;Ativo;;;
176;Luciana Dias Alves;F;32;Salvador;BA;7;Junior de Suporte Tecnico;Junior;Remoto;2021-03-11;4151.65;Ativo;;;
177;Gustavo Pereira Rocha;M;32;Belo Horizonte;MG;11;Pleno de Juridico;Pleno;Remoto;2021-10-19;6132.94;Desligado;2024-09-05;Voluntario;Mudanca de carreira
178;Lucas Santos Ferreira;M;31;Porto Alegre;RS;8;Junior de Operacoes;Junior;Remoto;2021-11-21;4482.84;Ativo;;;
179;Priscila Souza Almeida;F;37;Goiania;GO;8;Senior de Operacoes;Senior;Presencial;2019-05-22;12654.41;Desligado;2024-11-07;Voluntario;Mudanca de carreira
180;Patricia Soares Fernandes;F;33;Fortaleza;CE;2;Pleno de Dados & Analytics;Pleno;Hibrido;2021-04-19;9242.34;Ativo;;;
181;Juliana Barbosa Santos;F;38;Salvador;BA;4;Gerente de Comercial;Gerente;Remoto;2020-01-14;24768.21;Desligado;2024-09-26;Involuntario;Reducao de quadro
182;Daniela Lima Silva;F;39;Rio de Janeiro;RJ;9;Junior de Recursos Humanos;Junior;Remoto;2019-12-09;4298.2;Ativo;;;
183;Fernando Vieira Silva;M;46;Campinas;SP;7;Junior de Suporte Tecnico;Junior;Remoto;2019-06-18;4920.22;Ativo;;;
184;Luciana Santos Ferreira;F;37;Fortaleza;CE;2;Junior de Dados & Analytics;Junior;Presencial;2022-03-04;4780.95;Ativo;;;
185;Patricia Ferreira Vieira;F;26;Salvador;BA;12;Pleno de Administrativo;Pleno;Hibrido;2020-01-03;6821.29;Ativo;;;
186;Juliana Lopes Ribeiro;F;34;Salvador;BA;3;Estagiario de Produto;Estagiario;Hibrido;2018-01-01;2324.05;Ativo;;;
187;Aline Dias Souza;F;29;Belo Horizonte;MG;12;Pleno de Administrativo;Pleno;Remoto;2020-03-02;6946.38;Ativo;;;
188;Vanessa Nascimento Lopes;F;33;Porto Alegre;RS;9;Pleno de Recursos Humanos;Pleno;Remoto;2022-11-13;7356.77;Desligado;2024-03-01;Involuntario;Reducao de quadro
189;Natalia Santos Almeida;F;33;Rio de Janeiro;RJ;2;Pleno de Dados & Analytics;Pleno;Hibrido;2024-08-12;6168.65;Ativo;;;
190;Patricia Costa Souza;F;32;Salvador;BA;12;Senior de Administrativo;Senior;Hibrido;2022-07-18;14176.91;Ativo;;;
191;Gustavo Almeida Carvalho;M;30;Sao Paulo;SP;1;Estagiario de Engenharia de Software;Estagiario;Hibrido;2022-01-02;2277.54;Desligado;2024-01-16;Voluntario;Insatisfacao salarial
192;Daniela Lopes Rocha;F;34;Fortaleza;CE;8;Especialista de Operacoes;Especialista;Remoto;2024-07-23;18029.59;Desligado;2024-09-25;Voluntario;Nova oportunidade de mercado
193;Guilherme Fernandes Rodrigues;M;30;Porto Alegre;RS;5;Junior de Marketing;Junior;Remoto;2023-08-01;3533.9;Desligado;2024-04-06;Voluntario;Motivos pessoais/familiares
194;Camila Silva Rocha;F;35;Brasilia;DF;6;Pleno de Customer Success;Pleno;Remoto;2018-03-01;9409.68;Ativo;;;
195;Rafael Gomes Fernandes;M;36;Sao Paulo;SP;11;Pleno de Juridico;Pleno;Remoto;2022-01-10;6209.01;Ativo;;;
196;Juliana Pereira Souza;F;36;Fortaleza;CE;6;Junior de Customer Success;Junior;Remoto;2023-05-27;3781.61;Ativo;;;
197;Matheus Lopes Nascimento;M;34;Porto Alegre;RS;2;Senior de Dados & Analytics;Senior;Hibrido;2018-01-20;9842.12;Ativo;;;
198;Vanessa Lopes Lopes;F;29;Curitiba;PR;4;Senior de Comercial;Senior;Hibrido;2023-07-31;9919.32;Ativo;;;
199;Natalia Rodrigues Martins;F;19;Curitiba;PR;10;Pleno de Financeiro;Pleno;Remoto;2021-06-12;6381.13;Ativo;;;
200;Lucas Lima Carvalho;M;42;Recife;PE;8;Senior de Operacoes;Senior;Hibrido;2022-10-30;13526.67;Ativo;;;
201;Maria Gomes Andrade;F;39;Porto Alegre;RS;10;Estagiario de Financeiro;Estagiario;Presencial;2019-08-01;2049.92;Ativo;;;
202;Fernanda Almeida Fernandes;F;29;Fortaleza;CE;9;Pleno de Recursos Humanos;Pleno;Hibrido;2019-12-31;8318.52;Ativo;;;
203;Aline Fernandes Fernandes;F;22;Salvador;BA;8;Pleno de Operacoes;Pleno;Hibrido;2023-11-10;8008.44;Ativo;;;
204;Aline Alves Nascimento;F;20;Curitiba;PR;6;Coordenador de Customer Success;Coordenador;Remoto;2019-07-22;12889.07;Ativo;;;
205;Beatriz Carvalho Santos;F;35;Recife;PE;7;Senior de Suporte Tecnico;Senior;Presencial;2021-10-06;14027.38;Desligado;2024-04-03;Voluntario;Motivos pessoais/familiares
206;Renata Dias Rocha;F;43;Belo Horizonte;MG;2;Senior de Dados & Analytics;Senior;Hibrido;2023-09-14;13756.48;Ativo;;;
207;Ana Rodrigues Soares;F;27;Brasilia;DF;12;Estagiario de Administrativo;Estagiario;Hibrido;2020-02-08;2481.15;Ativo;;;
208;Camila Almeida Souza;F;31;Florianopolis;SC;2;Senior de Dados & Analytics;Senior;Hibrido;2020-04-01;11824.46;Ativo;;;
209;Maria Andrade Rodrigues;F;28;Salvador;BA;3;Junior de Produto;Junior;Remoto;2019-02-27;4588.99;Ativo;;;
210;Lucas Lopes Lima;M;35;Recife;PE;2;Senior de Dados & Analytics;Senior;Remoto;2021-07-08;10063.84;Ativo;;;
211;Juliana Costa Dias;F;39;Florianopolis;SC;3;Estagiario de Produto;Estagiario;Hibrido;2022-08-07;1899.52;Ativo;;;
212;Aline Rocha Nascimento;F;38;Fortaleza;CE;10;Estagiario de Financeiro;Estagiario;Hibrido;2022-11-12;2387.3;Ativo;;;
213;Ricardo Oliveira Pereira;M;21;Campinas;SP;2;Pleno de Dados & Analytics;Pleno;Presencial;2022-12-09;6414.72;Ativo;;;
214;Beatriz Andrade Oliveira;F;29;Salvador;BA;1;Senior de Engenharia de Software;Senior;Hibrido;2020-02-29;12258.34;Ativo;;;
215;Gabriel Almeida Ferreira;M;22;Goiania;GO;6;Pleno de Customer Success;Pleno;Remoto;2019-09-17;9072.95;Ativo;;;
216;Maria Santos Costa;F;36;Sao Paulo;SP;7;Senior de Suporte Tecnico;Senior;Hibrido;2020-11-22;12977.55;Ativo;;;
217;Bruna Ribeiro Carvalho;F;29;Belo Horizonte;MG;3;Coordenador de Produto;Coordenador;Hibrido;2023-02-07;12679.82;Ativo;;;
218;Leonardo Carvalho Vieira;M;28;Campinas;SP;4;Pleno de Comercial;Pleno;Remoto;2018-12-30;7923.62;Ativo;;;
219;Rafael Ferreira Oliveira;M;31;Brasilia;DF;9;Pleno de Recursos Humanos;Pleno;Hibrido;2022-08-24;7972.81;Ativo;;;
220;Daniela Dias Pereira;F;26;Fortaleza;CE;9;Junior de Recursos Humanos;Junior;Hibrido;2023-05-05;5378.11;Ativo;;;
221;Felipe Almeida Rocha;M;28;Porto Alegre;RS;6;Senior de Customer Success;Senior;Remoto;2019-06-27;12894.87;Ativo;;;
222;Patricia Dias Silva;F;31;Fortaleza;CE;7;Especialista de Suporte Tecnico;Especialista;Remoto;2021-01-11;17903.51;Ativo;;;
223;Natalia Ferreira Oliveira;F;33;Fortaleza;CE;6;Especialista de Customer Success;Especialista;Hibrido;2018-02-09;13177.02;Desligado;2024-11-28;Voluntario;Mudanca de carreira
224;Vanessa Nascimento Lima;F;21;Fortaleza;CE;8;Senior de Operacoes;Senior;Remoto;2019-05-21;14629.91;Ativo;;;
225;Amanda Martins Lopes;F;38;Rio de Janeiro;RJ;2;Especialista de Dados & Analytics;Especialista;Presencial;2018-03-30;18491.54;Ativo;;;
226;Marcelo Vieira Ribeiro;M;38;Brasilia;DF;11;Pleno de Juridico;Pleno;Remoto;2022-02-21;7750.28;Ativo;;;
227;Carolina Silva Dias;F;20;Salvador;BA;12;Pleno de Administrativo;Pleno;Hibrido;2021-07-27;9234.09;Ativo;;;
228;Maria Vieira Dias;F;43;Goiania;GO;10;Junior de Financeiro;Junior;Remoto;2021-09-14;3999.91;Ativo;;;
229;Ricardo Andrade Lopes;M;39;Porto Alegre;RS;3;Junior de Produto;Junior;Presencial;2018-07-16;4137.22;Ativo;;;
230;Ricardo Ribeiro Pereira;M;28;Campinas;SP;10;Pleno de Financeiro;Pleno;Hibrido;2022-08-28;8136.91;Ativo;;;
231;Ricardo Lima Dias;M;24;Goiania;GO;11;Pleno de Juridico;Pleno;Hibrido;2023-01-24;7208.3;Ativo;;;
232;Gabriel Rocha Rocha;M;37;Sao Paulo;SP;5;Estagiario de Marketing;Estagiario;Hibrido;2019-07-09;2073.72;Ativo;;;
233;Priscila Santos Vieira;F;39;Recife;PE;4;Pleno de Comercial;Pleno;Remoto;2021-09-06;9046.84;Desligado;2024-08-09;Voluntario;Insatisfacao salarial
234;Rodrigo Costa Andrade;M;46;Salvador;BA;6;Senior de Customer Success;Senior;Remoto;2022-03-24;14732.93;Ativo;;;
235;Bruno Rodrigues Fernandes;M;25;Recife;PE;3;Senior de Produto;Senior;Hibrido;2023-06-22;12168.02;Ativo;;;
236;Larissa Lima Lopes;F;43;Porto Alegre;RS;4;Pleno de Comercial;Pleno;Hibrido;2019-06-10;6054.28;Desligado;2024-06-23;Voluntario;Mudanca de carreira
237;Eduardo Oliveira Rodrigues;M;36;Curitiba;PR;8;Estagiario de Operacoes;Estagiario;Hibrido;2023-01-16;2112.47;Ativo;;;
238;Natalia Ribeiro Oliveira;F;35;Salvador;BA;5;Junior de Marketing;Junior;Remoto;2020-12-11;3597.32;Ativo;;;
239;Guilherme Fernandes Souza;M;19;Fortaleza;CE;12;Junior de Administrativo;Junior;Remoto;2024-04-12;5280.82;Ativo;;;
240;Patricia Vieira Martins;F;34;Campinas;SP;12;Senior de Administrativo;Senior;Hibrido;2020-03-03;10990.18;Ativo;;;
241;Camila Dias Pereira;F;29;Fortaleza;CE;11;Senior de Juridico;Senior;Remoto;2019-10-29;10995.7;Ativo;;;
242;Ricardo Fernandes Costa;M;22;Brasilia;DF;12;Pleno de Administrativo;Pleno;Remoto;2023-05-08;9441.57;Ativo;;;
243;Lucas Rocha Almeida;M;29;Goiania;GO;1;Senior de Engenharia de Software;Senior;Hibrido;2021-07-22;11859.42;Ativo;;;
244;Vanessa Souza Rodrigues;F;28;Sao Paulo;SP;10;Senior de Financeiro;Senior;Presencial;2023-07-17;14467.02;Ativo;;;
245;Rodrigo Lopes Souza;M;31;Rio de Janeiro;RJ;2;Estagiario de Dados & Analytics;Estagiario;Presencial;2022-11-19;1812.0;Ativo;;;
246;Gustavo Rodrigues Martins;M;30;Fortaleza;CE;4;Junior de Comercial;Junior;Remoto;2022-09-04;4776.64;Desligado;2024-07-30;Voluntario;Mudanca de carreira
247;Luciana Andrade Andrade;F;29;Belo Horizonte;MG;8;Pleno de Operacoes;Pleno;Remoto;2024-07-24;9289.76;Ativo;;;
248;Camila Lopes Barbosa;F;38;Salvador;BA;9;Senior de Recursos Humanos;Senior;Remoto;2019-11-27;13334.25;Ativo;;;
249;Ana Nascimento Ribeiro;F;40;Curitiba;PR;12;Estagiario de Administrativo;Estagiario;Hibrido;2021-02-22;1920.0;Ativo;;;
250;Priscila Pereira Ribeiro;F;43;Rio de Janeiro;RJ;7;Senior de Suporte Tecnico;Senior;Remoto;2022-11-10;10022.0;Desligado;2024-03-25;Involuntario;Reducao de quadro
251;Natalia Rocha Ribeiro;F;22;Sao Paulo;SP;4;Senior de Comercial;Senior;Remoto;2024-07-03;12816.72;Ativo;;;
252;Patricia Alves Souza;F;36;Fortaleza;CE;8;Pleno de Operacoes;Pleno;Hibrido;2019-03-01;8762.93;Ativo;;;
253;Bruno Rocha Rocha;M;31;Brasilia;DF;6;Pleno de Customer Success;Pleno;Hibrido;2024-09-28;7237.94;Desligado;2024-11-23;Involuntario;Baixo desempenho
254;Thiago Pereira Rodrigues;M;26;Brasilia;DF;10;Pleno de Financeiro;Pleno;Hibrido;2020-02-27;8731.95;Desligado;2024-03-04;Involuntario;Baixo desempenho
255;Gustavo Alves Vieira;M;34;Curitiba;PR;3;Gerente de Produto;Gerente;Hibrido;2018-04-24;24642.02;Ativo;;;
256;Thiago Rodrigues Barbosa;M;31;Sao Paulo;SP;6;Pleno de Customer Success;Pleno;Remoto;2018-10-23;8404.64;Ativo;;;
257;Fernanda Rodrigues Fernandes;F;34;Porto Alegre;RS;7;Pleno de Suporte Tecnico;Pleno;Hibrido;2021-10-27;8256.61;Ativo;;;
258;Gabriel Dias Silva;M;27;Belo Horizonte;MG;2;Pleno de Dados & Analytics;Pleno;Remoto;2021-12-26;9161.17;Ativo;;;
259;Diego Pereira Vieira;M;40;Recife;PE;4;Junior de Comercial;Junior;Presencial;2019-09-23;3936.42;Ativo;;;
260;Rafael Lima Santos;M;28;Belo Horizonte;MG;11;Junior de Juridico;Junior;Hibrido;2024-07-22;4087.9;Ativo;;;
261;Tatiane Souza Andrade;F;36;Rio de Janeiro;RJ;3;Pleno de Produto;Pleno;Remoto;2020-10-01;9498.45;Ativo;;;
262;Priscila Ribeiro Soares;F;33;Brasilia;DF;10;Pleno de Financeiro;Pleno;Hibrido;2021-10-23;6175.85;Ativo;;;
263;Eduardo Soares Pereira;M;29;Brasilia;DF;12;Pleno de Administrativo;Pleno;Hibrido;2020-08-16;6983.67;Ativo;;;
264;Leonardo Gomes Almeida;M;34;Campinas;SP;4;Pleno de Comercial;Pleno;Hibrido;2023-09-19;6231.58;Ativo;;;
265;Pedro Lopes Martins;M;26;Salvador;BA;9;Senior de Recursos Humanos;Senior;Remoto;2024-07-19;11246.52;Ativo;;;
266;Vinicius Nascimento Almeida;M;37;Rio de Janeiro;RJ;9;Pleno de Recursos Humanos;Pleno;Hibrido;2023-06-30;7214.1;Ativo;;;
267;Thiago Barbosa Rodrigues;M;29;Rio de Janeiro;RJ;7;Junior de Suporte Tecnico;Junior;Remoto;2019-11-21;3979.98;Ativo;;;
268;Guilherme Barbosa Rocha;M;26;Brasilia;DF;10;Especialista de Financeiro;Especialista;Remoto;2018-05-21;17904.45;Desligado;2024-03-18;Voluntario;Continuidade dos estudos
269;Renata Barbosa Soares;F;20;Porto Alegre;RS;3;Pleno de Produto;Pleno;Remoto;2018-10-30;7504.85;Ativo;;;
270;Tatiane Barbosa Carvalho;F;21;Rio de Janeiro;RJ;3;Pleno de Produto;Pleno;Hibrido;2023-01-25;9158.45;Ativo;;;
271;Gustavo Andrade Alves;M;45;Salvador;BA;6;Pleno de Customer Success;Pleno;Hibrido;2024-10-11;7623.94;Desligado;2024-12-31;Voluntario;Insatisfacao salarial
272;Aline Almeida Martins;F;37;Salvador;BA;4;Gerente de Comercial;Gerente;Presencial;2020-12-24;20596.71;Ativo;;;
273;Thiago Carvalho Costa;M;29;Campinas;SP;11;Junior de Juridico;Junior;Remoto;2019-02-04;5291.77;Desligado;2024-07-22;Voluntario;Mudanca de carreira
274;Fernanda Dias Lopes;F;45;Rio de Janeiro;RJ;2;Junior de Dados & Analytics;Junior;Hibrido;2022-09-11;3908.49;Desligado;2024-06-02;Voluntario;Nova oportunidade de mercado
275;Lucas Carvalho Souza;M;30;Goiania;GO;9;Pleno de Recursos Humanos;Pleno;Remoto;2018-07-13;9284.69;Ativo;;;
276;Fernanda Fernandes Santos;F;34;Brasilia;DF;6;Junior de Customer Success;Junior;Hibrido;2022-09-03;4209.8;Ativo;;;
277;Camila Carvalho Ribeiro;F;30;Campinas;SP;9;Junior de Recursos Humanos;Junior;Presencial;2024-05-02;5272.36;Ativo;;;
278;Ana Gomes Barbosa;F;27;Porto Alegre;RS;4;Pleno de Comercial;Pleno;Remoto;2018-01-21;9127.58;Ativo;;;
279;Camila Vieira Soares;F;29;Curitiba;PR;11;Especialista de Juridico;Especialista;Remoto;2022-12-05;16356.43;Ativo;;;
280;Vinicius Pereira Souza;M;30;Recife;PE;8;Pleno de Operacoes;Pleno;Hibrido;2023-05-24;8167.7;Ativo;;;
281;Camila Lima Vieira;F;30;Curitiba;PR;8;Pleno de Operacoes;Pleno;Remoto;2018-11-26;9209.3;Ativo;;;
282;Natalia Barbosa Barbosa;F;22;Campinas;SP;3;Pleno de Produto;Pleno;Hibrido;2018-03-01;6570.57;Ativo;;;
283;Ricardo Dias Nascimento;M;35;Porto Alegre;RS;4;Estagiario de Comercial;Estagiario;Hibrido;2023-06-12;2208.28;Ativo;;;
284;Rafael Lima Nascimento;M;29;Porto Alegre;RS;12;Senior de Administrativo;Senior;Remoto;2019-05-06;10225.81;Desligado;2024-05-29;Voluntario;Mudanca de carreira
285;Maria Ferreira Rodrigues;F;27;Brasilia;DF;6;Junior de Customer Success;Junior;Remoto;2024-01-08;4164.0;Ativo;;;
286;Juliana Rodrigues Andrade;F;24;Campinas;SP;1;Pleno de Engenharia de Software;Pleno;Hibrido;2020-10-26;8568.67;Ativo;;;
287;Lucas Andrade Soares;M;34;Curitiba;PR;1;Junior de Engenharia de Software;Junior;Remoto;2024-01-19;3722.27;Ativo;;;
288;Vanessa Almeida Costa;F;29;Belo Horizonte;MG;6;Estagiario de Customer Success;Estagiario;Hibrido;2021-01-27;2492.83;Ativo;;;
289;Carolina Andrade Costa;F;40;Brasilia;DF;8;Especialista de Operacoes;Especialista;Presencial;2022-10-06;14209.17;Ativo;;;
290;Pedro Rodrigues Ferreira;M;27;Brasilia;DF;6;Pleno de Customer Success;Pleno;Remoto;2023-05-26;6682.53;Ativo;;;
291;Lucas Lima Almeida;M;33;Campinas;SP;1;Especialista de Engenharia de Software;Especialista;Remoto;2018-01-14;18663.57;Desligado;2024-05-18;Voluntario;Motivos pessoais/familiares
292;Daniela Almeida Carvalho;F;49;Porto Alegre;RS;4;Junior de Comercial;Junior;Remoto;2018-04-24;4711.99;Ativo;;;
293;Leonardo Souza Ribeiro;M;29;Salvador;BA;5;Senior de Marketing;Senior;Hibrido;2022-05-19;13483.4;Ativo;;;
294;Rodrigo Dias Dias;M;19;Brasilia;DF;1;Especialista de Engenharia de Software;Especialista;Hibrido;2022-12-10;15439.54;Ativo;;;
295;Tatiane Dias Gomes;F;45;Sao Paulo;SP;6;Estagiario de Customer Success;Estagiario;Hibrido;2022-07-30;1990.37;Ativo;;;
296;Marcelo Barbosa Santos;M;33;Sao Paulo;SP;3;Especialista de Produto;Especialista;Hibrido;2020-10-12;16898.73;Ativo;;;
297;Rodrigo Alves Rodrigues;M;29;Porto Alegre;RS;2;Pleno de Dados & Analytics;Pleno;Remoto;2020-08-17;6297.7;Ativo;;;
298;Aline Souza Silva;F;33;Fortaleza;CE;2;Gerente de Dados & Analytics;Gerente;Remoto;2024-01-15;22441.04;Ativo;;;
299;Larissa Rodrigues Martins;F;40;Florianopolis;SC;8;Pleno de Operacoes;Pleno;Remoto;2022-10-17;6449.14;Ativo;;;
300;Leonardo Fernandes Dias;M;34;Recife;PE;2;Senior de Dados & Analytics;Senior;Hibrido;2021-05-27;13721.24;Ativo;;;
301;Marcelo Andrade Santos;M;26;Salvador;BA;6;Pleno de Customer Success;Pleno;Presencial;2021-04-12;8913.46;Desligado;2024-01-18;Voluntario;Nova oportunidade de mercado
302;Juliana Costa Vieira;F;26;Salvador;BA;9;Junior de Recursos Humanos;Junior;Remoto;2018-12-09;5454.06;Ativo;;;
303;Vanessa Gomes Souza;F;27;Salvador;BA;4;Junior de Comercial;Junior;Hibrido;2023-03-25;4851.33;Ativo;;;
304;Thiago Ferreira Barbosa;M;40;Fortaleza;CE;12;Pleno de Administrativo;Pleno;Hibrido;2021-07-01;6217.13;Ativo;;;
305;Juliana Carvalho Souza;F;19;Curitiba;PR;1;Senior de Engenharia de Software;Senior;Remoto;2024-08-07;14672.77;Ativo;;;
306;Luciana Martins Soares;F;27;Rio de Janeiro;RJ;12;Junior de Administrativo;Junior;Hibrido;2018-05-28;4968.73;Ativo;;;
307;Carolina Andrade Costa;F;38;Curitiba;PR;1;Especialista de Engenharia de Software;Especialista;Hibrido;2018-12-29;15377.88;Ativo;;;
308;Larissa Oliveira Soares;F;33;Campinas;SP;10;Junior de Financeiro;Junior;Presencial;2020-06-27;5082.82;Ativo;;;
309;Leonardo Soares Alves;M;36;Recife;PE;5;Gerente de Marketing;Gerente;Presencial;2019-01-12;18104.94;Ativo;;;
310;Fernanda Pereira Souza;F;24;Belo Horizonte;MG;12;Pleno de Administrativo;Pleno;Hibrido;2018-05-18;8253.85;Ativo;;;
311;Amanda Ferreira Barbosa;F;30;Belo Horizonte;MG;8;Pleno de Operacoes;Pleno;Remoto;2023-06-04;8890.76;Ativo;;;
312;Rafael Rocha Lopes;M;37;Fortaleza;CE;4;Senior de Comercial;Senior;Hibrido;2023-10-16;13832.58;Ativo;;;
313;Luciana Rocha Rocha;F;42;Brasilia;DF;2;Pleno de Dados & Analytics;Pleno;Hibrido;2021-06-30;8937.01;Desligado;2024-01-26;Voluntario;Mudanca de carreira
314;Fernanda Almeida Oliveira;F;21;Fortaleza;CE;4;Pleno de Comercial;Pleno;Hibrido;2022-01-27;7579.18;Ativo;;;
315;Carolina Lima Vieira;F;36;Sao Paulo;SP;8;Especialista de Operacoes;Especialista;Hibrido;2022-08-25;13546.84;Ativo;;;
316;Tatiane Oliveira Gomes;F;31;Fortaleza;CE;11;Junior de Juridico;Junior;Remoto;2023-01-14;5413.44;Ativo;;;
317;Ana Santos Ribeiro;F;22;Porto Alegre;RS;11;Junior de Juridico;Junior;Hibrido;2022-05-05;5063.27;Ativo;;;
318;Lucas Barbosa Barbosa;M;28;Florianopolis;SC;8;Pleno de Operacoes;Pleno;Hibrido;2023-07-11;9423.77;Ativo;;;
319;Priscila Vieira Fernandes;F;28;Goiania;GO;7;Pleno de Suporte Tecnico;Pleno;Remoto;2022-04-11;7608.76;Ativo;;;
320;Eduardo Vieira Rocha;M;43;Curitiba;PR;10;Pleno de Financeiro;Pleno;Hibrido;2023-01-20;7240.32;Ativo;;;
321;Daniela Lopes Soares;F;36;Belo Horizonte;MG;8;Senior de Operacoes;Senior;Hibrido;2023-05-25;9638.6;Ativo;;;
322;Eduardo Souza Costa;M;32;Goiania;GO;12;Pleno de Administrativo;Pleno;Presencial;2018-06-03;7110.57;Ativo;;;
323;Leonardo Rocha Ferreira;M;28;Sao Paulo;SP;7;Pleno de Suporte Tecnico;Pleno;Hibrido;2022-12-09;6213.16;Ativo;;;
324;Eduardo Almeida Soares;M;25;Florianopolis;SC;6;Especialista de Customer Success;Especialista;Remoto;2020-12-20;16581.67;Ativo;;;
325;Diego Ribeiro Gomes;M;33;Salvador;BA;12;Pleno de Administrativo;Pleno;Remoto;2019-03-24;6235.82;Ativo;;;
326;Aline Dias Barbosa;F;37;Sao Paulo;SP;6;Pleno de Customer Success;Pleno;Remoto;2024-06-13;8341.07;Desligado;2024-12-31;Involuntario;Reducao de quadro
327;Juliana Costa Souza;F;48;Florianopolis;SC;10;Junior de Financeiro;Junior;Presencial;2021-06-16;3776.25;Ativo;;;
328;Carolina Lima Andrade;F;21;Campinas;SP;1;Senior de Engenharia de Software;Senior;Hibrido;2020-08-02;9960.49;Ativo;;;
329;Thiago Oliveira Vieira;M;30;Campinas;SP;8;Pleno de Operacoes;Pleno;Hibrido;2020-03-01;6515.29;Ativo;;;
330;Diego Gomes Rocha;M;30;Goiania;GO;2;Junior de Dados & Analytics;Junior;Remoto;2018-03-06;4815.43;Ativo;;;
331;Fernanda Barbosa Nascimento;F;30;Rio de Janeiro;RJ;7;Senior de Suporte Tecnico;Senior;Presencial;2018-09-04;11005.34;Ativo;;;
332;Natalia Martins Rocha;F;35;Recife;PE;5;Especialista de Marketing;Especialista;Presencial;2020-04-10;13823.8;Ativo;;;
333;Leonardo Oliveira Rocha;M;37;Campinas;SP;2;Junior de Dados & Analytics;Junior;Remoto;2021-04-15;3607.27;Ativo;;;
334;Tatiane Ribeiro Silva;F;36;Recife;PE;11;Pleno de Juridico;Pleno;Presencial;2024-06-12;8775.72;Ativo;;;
335;Larissa Alves Costa;F;26;Fortaleza;CE;12;Pleno de Administrativo;Pleno;Hibrido;2022-10-22;9018.74;Ativo;;;
336;Felipe Rodrigues Rodrigues;M;19;Rio de Janeiro;RJ;11;Estagiario de Juridico;Estagiario;Remoto;2019-03-10;1978.95;Ativo;;;
337;Camila Soares Fernandes;F;28;Goiania;GO;3;Pleno de Produto;Pleno;Remoto;2024-03-10;7437.48;Ativo;;;
338;Thiago Barbosa Rodrigues;M;31;Brasilia;DF;3;Gerente de Produto;Gerente;Presencial;2020-05-21;22352.62;Desligado;2024-03-15;Voluntario;Motivos pessoais/familiares
339;Rafael Ferreira Nascimento;M;26;Brasilia;DF;3;Junior de Produto;Junior;Remoto;2019-08-16;4988.06;Ativo;;;
340;Eduardo Santos Carvalho;M;35;Recife;PE;11;Pleno de Juridico;Pleno;Remoto;2021-07-08;7554.64;Ativo;;;
341;Eduardo Barbosa Gomes;M;30;Goiania;GO;12;Especialista de Administrativo;Especialista;Remoto;2020-05-22;13584.2;Desligado;2024-05-27;Voluntario;Motivos pessoais/familiares
342;Gustavo Pereira Gomes;M;42;Fortaleza;CE;2;Junior de Dados & Analytics;Junior;Hibrido;2020-11-19;4611.1;Ativo;;;
343;Diego Dias Vieira;M;19;Fortaleza;CE;5;Junior de Marketing;Junior;Hibrido;2018-06-28;4769.81;Ativo;;;
344;Carolina Martins Soares;F;31;Florianopolis;SC;2;Junior de Dados & Analytics;Junior;Hibrido;2019-06-21;4380.14;Ativo;;;
345;Larissa Alves Barbosa;F;32;Belo Horizonte;MG;3;Senior de Produto;Senior;Remoto;2022-11-05;11949.99;Ativo;;;
346;Ana Rocha Lopes;F;40;Recife;PE;9;Pleno de Recursos Humanos;Pleno;Hibrido;2019-04-15;8775.95;Ativo;;;
347;Leonardo Souza Gomes;M;27;Rio de Janeiro;RJ;6;Senior de Customer Success;Senior;Presencial;2020-08-21;10097.75;Ativo;;;
348;Guilherme Almeida Soares;M;26;Belo Horizonte;MG;9;Especialista de Recursos Humanos;Especialista;Remoto;2018-06-24;16752.6;Ativo;;;
349;Juliana Pereira Almeida;F;39;Recife;PE;3;Coordenador de Produto;Coordenador;Remoto;2024-06-13;15946.59;Ativo;;;
350;Andre Santos Martins;M;22;Florianopolis;SC;6;Pleno de Customer Success;Pleno;Remoto;2023-11-26;6252.97;Ativo;;;
351;Beatriz Martins Oliveira;F;27;Recife;PE;3;Junior de Produto;Junior;Presencial;2019-02-13;4115.36;Ativo;;;
352;Joao Costa Souza;M;30;Goiania;GO;3;Senior de Produto;Senior;Remoto;2019-05-24;11158.05;Ativo;;;
353;Fernanda Rodrigues Santos;F;50;Porto Alegre;RS;6;Junior de Customer Success;Junior;Remoto;2019-04-26;4748.48;Ativo;;;
354;Fernanda Nascimento Lopes;F;32;Fortaleza;CE;4;Pleno de Comercial;Pleno;Presencial;2022-04-23;8778.77;Ativo;;;
355;Lucas Silva Lima;M;35;Curitiba;PR;10;Junior de Financeiro;Junior;Remoto;2021-05-08;3725.69;Desligado;2024-05-18;Voluntario;Insatisfacao salarial
356;Camila Gomes Pereira;F;34;Porto Alegre;RS;6;Senior de Customer Success;Senior;Remoto;2020-12-18;13167.02;Desligado;2024-01-09;Voluntario;Nova oportunidade de mercado
357;Felipe Carvalho Rocha;M;24;Brasilia;DF;1;Coordenador de Engenharia de Software;Coordenador;Hibrido;2022-06-26;15441.38;Desligado;2024-11-23;Voluntario;Motivos pessoais/familiares
358;Gabriel Lopes Barbosa;M;20;Florianopolis;SC;2;Junior de Dados & Analytics;Junior;Remoto;2019-11-24;4212.19;Ativo;;;
359;Leonardo Vieira Pereira;M;37;Goiania;GO;10;Especialista de Financeiro;Especialista;Hibrido;2019-11-01;17432.46;Ativo;;;
360;Rodrigo Carvalho Silva;M;36;Brasilia;DF;4;Pleno de Comercial;Pleno;Remoto;2019-02-24;7975.46;Ativo;;;
361;Beatriz Vieira Carvalho;F;34;Belo Horizonte;MG;7;Estagiario de Suporte Tecnico;Estagiario;Hibrido;2019-12-08;1974.17;Desligado;2024-09-22;Involuntario;Reducao de quadro
362;Leonardo Ribeiro Oliveira;M;32;Florianopolis;SC;1;Coordenador de Engenharia de Software;Coordenador;Remoto;2020-04-07;17535.87;Ativo;;;
363;Marcelo Lopes Santos;M;31;Campinas;SP;5;Junior de Marketing;Junior;Hibrido;2021-04-15;4062.7;Ativo;;;
364;Bruna Lima Andrade;F;28;Sao Paulo;SP;5;Estagiario de Marketing;Estagiario;Remoto;2018-10-25;1836.92;Desligado;2024-06-08;Involuntario;Reestruturacao da area
365;Diego Pereira Andrade;M;28;Campinas;SP;1;Pleno de Engenharia de Software;Pleno;Hibrido;2020-10-17;9096.83;Ativo;;;
366;Fernando Andrade Costa;M;20;Belo Horizonte;MG;3;Senior de Produto;Senior;Hibrido;2019-11-01;11095.24;Ativo;;;
367;Diego Fernandes Costa;M;30;Campinas;SP;6;Especialista de Customer Success;Especialista;Remoto;2018-09-09;16355.31;Desligado;2024-12-17;Voluntario;Insatisfacao salarial
368;Debora Rocha Ferreira;F;25;Belo Horizonte;MG;9;Pleno de Recursos Humanos;Pleno;Remoto;2019-11-17;6671.84;Ativo;;;
369;Eduardo Santos Gomes;M;31;Curitiba;PR;11;Estagiario de Juridico;Estagiario;Hibrido;2019-01-09;2028.32;Ativo;;;
370;Bruno Santos Costa;M;40;Porto Alegre;RS;3;Junior de Produto;Junior;Remoto;2020-10-14;3574.79;Ativo;;;
371;Natalia Lopes Lima;F;25;Sao Paulo;SP;3;Gerente de Produto;Gerente;Hibrido;2020-02-23;18324.51;Ativo;;;
372;Rodrigo Ribeiro Santos;M;34;Campinas;SP;5;Junior de Marketing;Junior;Remoto;2023-11-18;4757.75;Ativo;;;
373;Patricia Souza Ribeiro;F;46;Salvador;BA;3;Pleno de Produto;Pleno;Hibrido;2020-10-06;6588.07;Desligado;2024-07-31;Involuntario;Reestruturacao da area
374;Renata Costa Ferreira;F;35;Fortaleza;CE;8;Pleno de Operacoes;Pleno;Remoto;2022-07-28;6025.74;Desligado;2024-05-14;Aposentadoria;Aposentadoria
375;Bruna Soares Lima;F;32;Rio de Janeiro;RJ;11;Pleno de Juridico;Pleno;Remoto;2023-12-21;8649.25;Ativo;;;
376;Juliana Carvalho Barbosa;F;19;Belo Horizonte;MG;6;Junior de Customer Success;Junior;Hibrido;2020-10-11;5145.41;Ativo;;;
377;Aline Souza Oliveira;F;35;Recife;PE;6;Junior de Customer Success;Junior;Remoto;2018-01-19;4251.7;Ativo;;;
378;Carolina Almeida Barbosa;F;38;Goiania;GO;12;Coordenador de Administrativo;Coordenador;Remoto;2018-07-20;15815.46;Desligado;2024-01-08;Voluntario;Motivos pessoais/familiares
379;Eduardo Ribeiro Almeida;M;36;Sao Paulo;SP;10;Pleno de Financeiro;Pleno;Hibrido;2024-02-19;7669.44;Ativo;;;
380;Daniela Carvalho Lima;F;31;Campinas;SP;3;Coordenador de Produto;Coordenador;Remoto;2019-12-15;12856.89;Ativo;;;
381;Lucas Dias Rocha;M;32;Salvador;BA;4;Junior de Comercial;Junior;Presencial;2020-04-25;5433.12;Ativo;;;
382;Tatiane Andrade Dias;F;27;Belo Horizonte;MG;10;Senior de Financeiro;Senior;Remoto;2022-10-05;9632.23;Ativo;;;
383;Matheus Barbosa Dias;M;34;Fortaleza;CE;12;Estagiario de Administrativo;Estagiario;Hibrido;2019-11-17;2391.51;Desligado;2024-04-17;Voluntario;Nova oportunidade de mercado
384;Lucas Pereira Rocha;M;29;Recife;PE;11;Estagiario de Juridico;Estagiario;Remoto;2023-07-05;2035.09;Ativo;;;
385;Renata Vieira Santos;F;25;Brasilia;DF;5;Especialista de Marketing;Especialista;Hibrido;2024-05-26;14464.89;Ativo;;;
386;Eduardo Ribeiro Ribeiro;M;36;Fortaleza;CE;12;Pleno de Administrativo;Pleno;Remoto;2020-03-26;8415.43;Ativo;;;
387;Fernando Rodrigues Soares;M;29;Recife;PE;2;Pleno de Dados & Analytics;Pleno;Hibrido;2020-02-21;7122.57;Ativo;;;
388;Aline Rocha Lima;F;29;Curitiba;PR;5;Pleno de Marketing;Pleno;Hibrido;2021-05-27;7736.15;Ativo;;;
389;Joao Andrade Ferreira;M;26;Fortaleza;CE;10;Junior de Financeiro;Junior;Remoto;2021-10-07;4195.64;Ativo;;;
390;Natalia Souza Lima;F;21;Porto Alegre;RS;11;Pleno de Juridico;Pleno;Presencial;2024-08-07;7368.21;Ativo;;;
391;Amanda Barbosa Gomes;F;24;Goiania;GO;7;Junior de Suporte Tecnico;Junior;Remoto;2018-01-25;3621.81;Ativo;;;
392;Amanda Souza Rodrigues;F;25;Rio de Janeiro;RJ;1;Senior de Engenharia de Software;Senior;Presencial;2019-07-23;13311.06;Ativo;;;
393;Larissa Nascimento Almeida;F;37;Rio de Janeiro;RJ;7;Pleno de Suporte Tecnico;Pleno;Remoto;2022-05-15;9111.5;Ativo;;;
394;Bruna Nascimento Oliveira;F;33;Florianopolis;SC;5;Pleno de Marketing;Pleno;Presencial;2023-12-31;6466.49;Ativo;;;
395;Carolina Ferreira Nascimento;F;33;Goiania;GO;12;Pleno de Administrativo;Pleno;Remoto;2018-03-28;7604.27;Ativo;;;
396;Diego Soares Pereira;M;29;Rio de Janeiro;RJ;8;Senior de Operacoes;Senior;Presencial;2021-01-05;10969.29;Desligado;2024-09-27;Voluntario;Insatisfacao salarial
397;Felipe Lopes Silva;M;38;Recife;PE;11;Pleno de Juridico;Pleno;Remoto;2024-06-12;7774.5;Ativo;;;
398;Priscila Fernandes Rodrigues;F;21;Brasilia;DF;8;Senior de Operacoes;Senior;Remoto;2024-09-26;13489.3;Ativo;;;
399;Lucas Gomes Martins;M;41;Goiania;GO;2;Junior de Dados & Analytics;Junior;Remoto;2023-09-15;3628.48;Ativo;;;
400;Tatiane Carvalho Carvalho;F;41;Brasilia;DF;7;Especialista de Suporte Tecnico;Especialista;Remoto;2023-08-25;18886.27;Ativo;;;
401;Matheus Costa Rocha;M;24;Rio de Janeiro;RJ;2;Pleno de Dados & Analytics;Pleno;Hibrido;2022-08-21;7607.56;Ativo;;;
402;Priscila Dias Soares;F;39;Recife;PE;7;Senior de Suporte Tecnico;Senior;Hibrido;2023-11-01;13680.19;Ativo;;;
403;Gustavo Rocha Vieira;M;36;Belo Horizonte;MG;8;Pleno de Operacoes;Pleno;Remoto;2018-10-04;6437.05;Ativo;;;
404;Andre Soares Santos;M;19;Rio de Janeiro;RJ;4;Junior de Comercial;Junior;Remoto;2022-10-01;5176.8;Ativo;;;
405;Rodrigo Ferreira Ferreira;M;24;Recife;PE;7;Junior de Suporte Tecnico;Junior;Hibrido;2023-05-16;4704.51;Desligado;2024-08-29;Involuntario;Reducao de quadro
406;Diego Soares Gomes;M;38;Rio de Janeiro;RJ;2;Estagiario de Dados & Analytics;Estagiario;Hibrido;2023-06-16;2467.76;Ativo;;;
407;Amanda Rocha Fernandes;F;35;Porto Alegre;RS;6;Especialista de Customer Success;Especialista;Hibrido;2023-10-04;16443.57;Ativo;;;
408;Rodrigo Barbosa Fernandes;M;23;Rio de Janeiro;RJ;12;Pleno de Administrativo;Pleno;Hibrido;2024-04-30;7976.08;Ativo;;;
409;Fernando Vieira Rodrigues;M;36;Belo Horizonte;MG;6;Senior de Customer Success;Senior;Remoto;2021-07-23;11346.25;Ativo;;;
410;Luciana Santos Silva;F;33;Rio de Janeiro;RJ;9;Pleno de Recursos Humanos;Pleno;Remoto;2022-09-06;8295.37;Ativo;;;
411;Fernando Lima Rocha;M;22;Curitiba;PR;7;Junior de Suporte Tecnico;Junior;Remoto;2024-10-10;4883.56;Ativo;;;
412;Daniela Rocha Silva;F;37;Fortaleza;CE;9;Pleno de Recursos Humanos;Pleno;Hibrido;2021-01-10;8207.22;Ativo;;;
413;Carolina Lopes Pereira;F;34;Campinas;SP;10;Pleno de Financeiro;Pleno;Remoto;2022-09-15;7105.02;Ativo;;;
414;Carolina Almeida Oliveira;F;36;Goiania;GO;10;Junior de Financeiro;Junior;Remoto;2024-04-23;3592.39;Ativo;;;
415;Rafael Almeida Carvalho;M;30;Fortaleza;CE;6;Pleno de Customer Success;Pleno;Remoto;2021-08-10;6216.17;Desligado;2024-10-12;Voluntario;Motivos pessoais/familiares
416;Thiago Barbosa Rodrigues;M;26;Recife;PE;7;Junior de Suporte Tecnico;Junior;Hibrido;2018-12-29;3608.7;Ativo;;;
417;Bruna Martins Rodrigues;F;38;Recife;PE;9;Junior de Recursos Humanos;Junior;Hibrido;2018-03-28;4664.47;Ativo;;;
418;Thiago Pereira Almeida;M;36;Rio de Janeiro;RJ;11;Especialista de Juridico;Especialista;Remoto;2018-03-14;13926.49;Ativo;;;
419;Priscila Pereira Rodrigues;F;29;Rio de Janeiro;RJ;10;Pleno de Financeiro;Pleno;Hibrido;2018-01-22;8668.26;Desligado;2024-08-02;Voluntario;Nova oportunidade de mercado
420;Renata Barbosa Carvalho;F;19;Curitiba;PR;4;Senior de Comercial;Senior;Hibrido;2019-08-21;12736.37;Ativo;;;
421;Thiago Vieira Andrade;M;29;Recife;PE;9;Senior de Recursos Humanos;Senior;Hibrido;2018-11-26;12290.64;Ativo;;;
422;Rafael Lopes Soares;M;40;Fortaleza;CE;5;Junior de Marketing;Junior;Remoto;2021-03-15;4000.68;Ativo;;;
423;Carolina Lopes Silva;F;33;Rio de Janeiro;RJ;12;Junior de Administrativo;Junior;Hibrido;2023-11-25;3601.61;Ativo;;;
424;Tatiane Almeida Pereira;F;36;Curitiba;PR;1;Pleno de Engenharia de Software;Pleno;Hibrido;2020-02-13;8502.14;Ativo;;;
425;Ana Santos Gomes;F;35;Fortaleza;CE;1;Junior de Engenharia de Software;Junior;Hibrido;2020-11-04;3978.0;Ativo;;;
426;Carolina Fernandes Silva;F;31;Rio de Janeiro;RJ;5;Junior de Marketing;Junior;Remoto;2018-04-24;5080.17;Ativo;;;
427;Fernanda Lima Andrade;F;25;Recife;PE;10;Estagiario de Financeiro;Estagiario;Remoto;2022-10-07;1856.47;Ativo;;;
428;Bruna Santos Martins;F;21;Sao Paulo;SP;10;Junior de Financeiro;Junior;Hibrido;2024-09-02;4634.89;Ativo;;;
429;Diego Fernandes Gomes;M;33;Rio de Janeiro;RJ;4;Senior de Comercial;Senior;Remoto;2021-03-06;9573.05;Ativo;;;
430;Tatiane Almeida Fernandes;F;31;Porto Alegre;RS;12;Pleno de Administrativo;Pleno;Hibrido;2022-03-15;9009.79;Desligado;2024-08-22;Involuntario;Reducao de quadro
431;Matheus Souza Martins;M;21;Recife;PE;11;Pleno de Juridico;Pleno;Hibrido;2023-11-25;6313.16;Ativo;;;
432;Natalia Ribeiro Rodrigues;F;35;Curitiba;PR;6;Junior de Customer Success;Junior;Hibrido;2022-12-07;4778.4;Ativo;;;
433;Tatiane Santos Santos;F;25;Sao Paulo;SP;11;Pleno de Juridico;Pleno;Hibrido;2021-08-29;7265.21;Ativo;;;
434;Thiago Lopes Soares;M;33;Fortaleza;CE;4;Junior de Comercial;Junior;Remoto;2019-08-25;4483.86;Ativo;;;
435;Ricardo Soares Rodrigues;M;19;Recife;PE;6;Junior de Customer Success;Junior;Hibrido;2021-10-05;3570.32;Ativo;;;
436;Larissa Martins Barbosa;F;30;Goiania;GO;7;Pleno de Suporte Tecnico;Pleno;Hibrido;2022-11-26;8658.32;Desligado;2024-06-01;Involuntario;Reestruturacao da area
437;Tatiane Soares Fernandes;F;37;Fortaleza;CE;5;Junior de Marketing;Junior;Remoto;2019-08-15;4035.05;Desligado;2024-02-15;Voluntario;Continuidade dos estudos
438;Debora Silva Ribeiro;F;19;Recife;PE;10;Estagiario de Financeiro;Estagiario;Remoto;2019-05-26;2310.05;Ativo;;;
439;Andre Vieira Gomes;M;39;Goiania;GO;2;Pleno de Dados & Analytics;Pleno;Hibrido;2018-09-16;6271.19;Ativo;;;
440;Ricardo Lopes Lima;M;29;Campinas;SP;11;Senior de Juridico;Senior;Remoto;2021-05-15;10424.65;Ativo;;;
441;Pedro Vieira Lopes;M;32;Belo Horizonte;MG;8;Gerente de Operacoes;Gerente;Hibrido;2024-05-20;24656.51;Desligado;2024-09-23;Involuntario;Reducao de quadro
442;Fernanda Dias Pereira;F;36;Sao Paulo;SP;7;Pleno de Suporte Tecnico;Pleno;Hibrido;2019-02-07;6977.69;Ativo;;;
443;Bruno Silva Almeida;M;19;Recife;PE;5;Junior de Marketing;Junior;Remoto;2023-05-31;4894.86;Ativo;;;
444;Fernanda Carvalho Nascimento;F;37;Curitiba;PR;5;Pleno de Marketing;Pleno;Presencial;2021-08-10;6004.44;Ativo;;;
445;Tatiane Barbosa Lopes;F;19;Goiania;GO;2;Senior de Dados & Analytics;Senior;Hibrido;2020-07-31;10343.77;Ativo;;;
446;Matheus Soares Alves;M;30;Florianopolis;SC;1;Junior de Engenharia de Software;Junior;Remoto;2021-05-30;4209.86;Desligado;2024-07-01;Voluntario;Mudanca de carreira
447;Tatiane Martins Costa;F;24;Belo Horizonte;MG;5;Pleno de Marketing;Pleno;Hibrido;2018-01-27;6592.21;Desligado;2024-07-22;Involuntario;Reestruturacao da area
448;Natalia Ribeiro Dias;F;19;Goiania;GO;1;Junior de Engenharia de Software;Junior;Presencial;2019-01-31;3740.96;Ativo;;;
449;Daniela Lopes Alves;F;32;Curitiba;PR;4;Coordenador de Comercial;Coordenador;Remoto;2022-03-13;16650.49;Ativo;;;
450;Natalia Gomes Pereira;F;40;Porto Alegre;RS;11;Pleno de Juridico;Pleno;Hibrido;2024-07-31;6499.75;Ativo;;;
451;Amanda Nascimento Nascimento;F;27;Fortaleza;CE;5;Pleno de Marketing;Pleno;Hibrido;2021-08-21;7316.67;Ativo;;;
452;Debora Ribeiro Fernandes;F;30;Goiania;GO;2;Pleno de Dados & Analytics;Pleno;Hibrido;2022-09-26;7100.97;Ativo;;;
453;Carolina Souza Vieira;F;27;Campinas;SP;5;Estagiario de Marketing;Estagiario;Remoto;2021-07-08;2302.03;Ativo;;;
454;Renata Ribeiro Rodrigues;F;30;Porto Alegre;RS;12;Senior de Administrativo;Senior;Remoto;2023-09-15;12994.85;Ativo;;;
455;Rodrigo Nascimento Oliveira;M;43;Recife;PE;5;Especialista de Marketing;Especialista;Hibrido;2023-11-13;14867.17;Ativo;;;
456;Patricia Andrade Lopes;F;26;Curitiba;PR;6;Pleno de Customer Success;Pleno;Remoto;2022-12-19;8371.12;Ativo;;;
457;Gustavo Lima Fernandes;M;39;Goiania;GO;1;Pleno de Engenharia de Software;Pleno;Remoto;2024-11-06;8625.56;Ativo;;;
458;Fernanda Souza Barbosa;F;41;Goiania;GO;10;Especialista de Financeiro;Especialista;Hibrido;2021-07-17;14974.44;Ativo;;;
459;Felipe Santos Dias;M;31;Florianopolis;SC;6;Pleno de Customer Success;Pleno;Hibrido;2018-05-28;9459.3;Ativo;;;
460;Felipe Santos Souza;M;29;Salvador;BA;3;Coordenador de Produto;Coordenador;Remoto;2023-05-10;17289.81;Ativo;;;
461;Debora Souza Dias;F;25;Belo Horizonte;MG;10;Pleno de Financeiro;Pleno;Hibrido;2022-03-05;7508.46;Desligado;2024-02-04;Voluntario;Nova oportunidade de mercado
462;Andre Rocha Lopes;M;32;Fortaleza;CE;10;Junior de Financeiro;Junior;Presencial;2019-11-08;4872.18;Ativo;;;
463;Rodrigo Costa Gomes;M;32;Campinas;SP;5;Pleno de Marketing;Pleno;Remoto;2022-04-20;8274.83;Ativo;;;
464;Lucas Rocha Vieira;M;27;Curitiba;PR;7;Junior de Suporte Tecnico;Junior;Presencial;2020-08-26;4482.66;Ativo;;;
465;Rafael Carvalho Ferreira;M;37;Sao Paulo;SP;2;Junior de Dados & Analytics;Junior;Presencial;2022-03-15;4548.63;Ativo;;;
466;Debora Ferreira Andrade;F;42;Porto Alegre;RS;2;Pleno de Dados & Analytics;Pleno;Hibrido;2024-01-17;9231.09;Desligado;2024-02-03;Involuntario;Baixo desempenho
467;Rodrigo Vieira Barbosa;M;41;Rio de Janeiro;RJ;6;Especialista de Customer Success;Especialista;Remoto;2018-07-22;17378.62;Ativo;;;
468;Carolina Almeida Rocha;F;36;Florianopolis;SC;7;Pleno de Suporte Tecnico;Pleno;Remoto;2022-04-24;6214.7;Ativo;;;
469;Fernanda Soares Almeida;F;19;Porto Alegre;RS;4;Junior de Comercial;Junior;Hibrido;2019-10-16;4467.43;Desligado;2024-04-14;Voluntario;Insatisfacao salarial
470;Thiago Ferreira Andrade;M;36;Fortaleza;CE;7;Junior de Suporte Tecnico;Junior;Remoto;2021-11-15;4212.39;Ativo;;;
471;Larissa Silva Andrade;F;42;Recife;PE;2;Senior de Dados & Analytics;Senior;Presencial;2021-06-21;14519.3;Ativo;;;
472;Luciana Dias Alves;F;19;Belo Horizonte;MG;7;Senior de Suporte Tecnico;Senior;Hibrido;2020-09-12;12889.32;Ativo;;;
473;Vanessa Soares Costa;F;31;Rio de Janeiro;RJ;12;Junior de Administrativo;Junior;Presencial;2020-02-18;4573.72;Ativo;;;
474;Camila Ferreira Rodrigues;F;38;Fortaleza;CE;7;Pleno de Suporte Tecnico;Pleno;Hibrido;2021-08-17;6703.07;Ativo;;;
475;Beatriz Silva Lima;F;36;Salvador;BA;9;Especialista de Recursos Humanos;Especialista;Hibrido;2021-02-26;18687.18;Ativo;;;
476;Eduardo Lima Costa;M;37;Porto Alegre;RS;11;Pleno de Juridico;Pleno;Presencial;2022-09-28;9145.09;Ativo;;;
477;Guilherme Rocha Ribeiro;M;25;Goiania;GO;11;Pleno de Juridico;Pleno;Hibrido;2023-07-03;8829.25;Ativo;;;
478;Pedro Dias Souza;M;28;Fortaleza;CE;5;Junior de Marketing;Junior;Hibrido;2023-12-09;3626.51;Ativo;;;
479;Larissa Martins Dias;F;34;Florianopolis;SC;4;Pleno de Comercial;Pleno;Remoto;2018-07-03;7230.98;Ativo;;;
480;Camila Rocha Gomes;F;20;Recife;PE;9;Estagiario de Recursos Humanos;Estagiario;Hibrido;2020-10-23;1802.74;Ativo;;;
481;Felipe Rodrigues Lopes;M;27;Belo Horizonte;MG;12;Estagiario de Administrativo;Estagiario;Remoto;2019-09-08;1907.77;Ativo;;;
482;Daniela Ribeiro Carvalho;F;37;Goiania;GO;4;Junior de Comercial;Junior;Presencial;2023-08-01;3679.4;Ativo;;;
483;Natalia Dias Alves;F;25;Curitiba;PR;6;Especialista de Customer Success;Especialista;Presencial;2020-12-31;17424.24;Ativo;;;
484;Leonardo Almeida Soares;M;28;Goiania;GO;8;Junior de Operacoes;Junior;Hibrido;2018-06-09;5330.33;Ativo;;;
485;Juliana Vieira Souza;F;27;Sao Paulo;SP;3;Senior de Produto;Senior;Remoto;2023-07-31;9774.26;Ativo;;;
486;Fernando Fernandes Rodrigues;M;33;Belo Horizonte;MG;4;Especialista de Comercial;Especialista;Remoto;2023-11-18;18632.32;Ativo;;;
487;Tatiane Almeida Souza;F;28;Campinas;SP;6;Estagiario de Customer Success;Estagiario;Hibrido;2021-03-18;1877.38;Ativo;;;
488;Fernando Lopes Oliveira;M;38;Florianopolis;SC;4;Estagiario de Comercial;Estagiario;Remoto;2021-07-08;2266.57;Desligado;2024-07-14;Involuntario;Reestruturacao da area
489;Eduardo Rodrigues Soares;M;40;Salvador;BA;1;Senior de Engenharia de Software;Senior;Presencial;2018-08-13;11727.51;Ativo;;;
490;Luciana Santos Fernandes;F;34;Fortaleza;CE;9;Coordenador de Recursos Humanos;Coordenador;Hibrido;2018-11-02;17488.5;Desligado;2024-11-27;Voluntario;Mudanca de carreira
491;Marcelo Lima Silva;M;22;Goiania;GO;12;Pleno de Administrativo;Pleno;Presencial;2022-05-08;8574.17;Ativo;;;
492;Fernando Oliveira Santos;M;19;Salvador;BA;11;Pleno de Juridico;Pleno;Remoto;2024-08-15;6628.78;Ativo;;;
493;Juliana Fernandes Santos;F;33;Rio de Janeiro;RJ;5;Estagiario de Marketing;Estagiario;Remoto;2023-11-28;1852.59;Desligado;2024-12-07;Voluntario;Motivos pessoais/familiares
494;Rodrigo Carvalho Ferreira;M;26;Belo Horizonte;MG;12;Pleno de Administrativo;Pleno;Hibrido;2023-07-17;6390.73;Ativo;;;
495;Bruna Martins Almeida;F;46;Salvador;BA;9;Especialista de Recursos Humanos;Especialista;Hibrido;2024-10-05;15898.4;Ativo;;;
496;Juliana Dias Dias;F;30;Florianopolis;SC;2;Especialista de Dados & Analytics;Especialista;Remoto;2022-07-15;18267.08;Ativo;;;
497;Diego Souza Ferreira;M;38;Florianopolis;SC;9;Junior de Recursos Humanos;Junior;Hibrido;2020-02-22;5032.61;Ativo;;;
498;Tatiane Rodrigues Andrade;F;25;Curitiba;PR;11;Estagiario de Juridico;Estagiario;Hibrido;2021-02-02;2326.91;Desligado;2024-10-26;Voluntario;Nova oportunidade de mercado
499;Rodrigo Almeida Dias;M;45;Goiania;GO;5;Pleno de Marketing;Pleno;Presencial;2023-11-18;8419.56;Ativo;;;
500;Natalia Martins Pereira;F;35;Curitiba;PR;7;Senior de Suporte Tecnico;Senior;Hibrido;2019-05-06;13741.84;Ativo;;;
501;Bruna Rodrigues Lima;F;28;Curitiba;PR;11;Senior de Juridico;Senior;Presencial;2020-10-18;10377.98;Ativo;;;
502;Pedro Dias Carvalho;M;37;Brasilia;DF;2;Senior de Dados & Analytics;Senior;Hibrido;2023-10-12;11629.51;Ativo;;;
503;Felipe Alves Oliveira;M;23;Rio de Janeiro;RJ;11;Junior de Juridico;Junior;Remoto;2021-10-22;4212.81;Ativo;;;
504;Eduardo Barbosa Dias;M;37;Goiania;GO;6;Junior de Customer Success;Junior;Hibrido;2022-01-19;4833.42;Ativo;;;
505;Felipe Andrade Santos;M;40;Salvador;BA;7;Coordenador de Suporte Tecnico;Coordenador;Remoto;2023-06-06;12469.96;Ativo;;;
506;Beatriz Fernandes Alves;F;30;Sao Paulo;SP;4;Pleno de Comercial;Pleno;Hibrido;2021-11-04;9107.43;Ativo;;;
507;Leonardo Gomes Pereira;M;29;Goiania;GO;4;Pleno de Comercial;Pleno;Remoto;2018-07-07;7513.53;Ativo;;;
508;Luciana Barbosa Dias;F;31;Recife;PE;7;Estagiario de Suporte Tecnico;Estagiario;Remoto;2019-12-16;2213.09;Desligado;2024-12-29;Voluntario;Insatisfacao salarial
509;Fernanda Dias Soares;F;29;Curitiba;PR;11;Gerente de Juridico;Gerente;Hibrido;2021-05-12;19912.11;Ativo;;;
510;Carolina Lima Santos;F;43;Florianopolis;SC;6;Junior de Customer Success;Junior;Hibrido;2022-11-06;4153.79;Desligado;2024-10-09;Voluntario;Continuidade dos estudos
511;Andre Fernandes Lopes;M;34;Sao Paulo;SP;8;Pleno de Operacoes;Pleno;Hibrido;2021-05-13;8349.57;Ativo;;;
512;Renata Soares Costa;F;41;Goiania;GO;8;Pleno de Operacoes;Pleno;Remoto;2022-04-30;6162.41;Ativo;;;
513;Vanessa Rodrigues Gomes;F;26;Salvador;BA;12;Senior de Administrativo;Senior;Remoto;2018-06-27;11082.45;Ativo;;;
514;Gustavo Lopes Pereira;M;32;Curitiba;PR;10;Senior de Financeiro;Senior;Remoto;2020-06-18;11404.46;Desligado;2024-12-17;Voluntario;Mudanca de carreira
515;Eduardo Santos Fernandes;M;19;Salvador;BA;8;Pleno de Operacoes;Pleno;Hibrido;2021-06-28;7959.62;Ativo;;;
516;Natalia Soares Rodrigues;F;25;Salvador;BA;8;Especialista de Operacoes;Especialista;Presencial;2020-01-11;13496.43;Ativo;;;
517;Guilherme Alves Costa;M;42;Campinas;SP;9;Junior de Recursos Humanos;Junior;Hibrido;2021-10-17;3702.33;Ativo;;;
518;Eduardo Ribeiro Oliveira;M;29;Florianopolis;SC;9;Pleno de Recursos Humanos;Pleno;Hibrido;2018-04-27;6032.59;Ativo;;;
519;Pedro Lima Martins;M;29;Campinas;SP;5;Estagiario de Marketing;Estagiario;Presencial;2019-02-16;2267.98;Ativo;;;
520;Lucas Alves Vieira;M;19;Goiania;GO;5;Senior de Marketing;Senior;Hibrido;2019-04-26;11944.64;Ativo;;;
521;Vinicius Alves Costa;M;29;Porto Alegre;RS;3;Pleno de Produto;Pleno;Presencial;2022-07-23;8672.61;Desligado;2024-02-08;Involuntario;Baixo desempenho
522;Bruno Andrade Souza;M;19;Goiania;GO;3;Junior de Produto;Junior;Remoto;2024-03-11;4785.55;Ativo;;;
523;Beatriz Nascimento Barbosa;F;33;Goiania;GO;3;Senior de Produto;Senior;Hibrido;2019-01-18;12140.1;Ativo;;;
524;Marcelo Pereira Fernandes;M;31;Recife;PE;3;Junior de Produto;Junior;Hibrido;2019-06-09;4715.39;Ativo;;;
525;Renata Almeida Fernandes;F;37;Campinas;SP;1;Junior de Engenharia de Software;Junior;Remoto;2024-07-11;4808.47;Ativo;;;
526;Carolina Lima Ribeiro;F;40;Florianopolis;SC;2;Junior de Dados & Analytics;Junior;Hibrido;2021-10-06;3584.4;Ativo;;;
527;Priscila Souza Andrade;F;34;Fortaleza;CE;9;Junior de Recursos Humanos;Junior;Remoto;2022-05-19;5301.82;Desligado;2024-08-08;Voluntario;Mudanca de carreira
528;Diego Costa Carvalho;M;36;Sao Paulo;SP;9;Senior de Recursos Humanos;Senior;Remoto;2022-04-12;14127.37;Ativo;;;
529;Matheus Silva Lima;M;41;Florianopolis;SC;11;Pleno de Juridico;Pleno;Hibrido;2021-06-27;6526.91;Ativo;;;
530;Carolina Rodrigues Alves;F;25;Recife;PE;5;Junior de Marketing;Junior;Hibrido;2021-10-04;5150.27;Ativo;;;
531;Marcelo Vieira Pereira;M;25;Fortaleza;CE;6;Junior de Customer Success;Junior;Remoto;2019-12-24;4827.47;Ativo;;;
532;Patricia Lopes Andrade;F;36;Campinas;SP;6;Junior de Customer Success;Junior;Hibrido;2018-12-05;4778.53;Ativo;;;
533;Priscila Ferreira Andrade;F;40;Recife;PE;6;Junior de Customer Success;Junior;Presencial;2024-11-27;4708.01;Ativo;;;
534;Matheus Andrade Fernandes;M;25;Fortaleza;CE;11;Especialista de Juridico;Especialista;Presencial;2023-10-08;16344.58;Ativo;;;
535;Gustavo Rocha Santos;M;24;Florianopolis;SC;8;Pleno de Operacoes;Pleno;Hibrido;2021-01-14;7200.38;Ativo;;;
536;Lucas Dias Santos;M;39;Sao Paulo;SP;10;Senior de Financeiro;Senior;Hibrido;2019-06-22;10436.43;Ativo;;;
537;Fernanda Rocha Pereira;F;39;Rio de Janeiro;RJ;6;Coordenador de Customer Success;Coordenador;Hibrido;2022-03-12;14489.99;Ativo;;;
538;Joao Alves Soares;M;32;Fortaleza;CE;3;Senior de Produto;Senior;Remoto;2022-07-19;11285.35;Ativo;;;
539;Ana Barbosa Rocha;F;25;Campinas;SP;11;Junior de Juridico;Junior;Remoto;2020-01-09;5153.48;Ativo;;;
540;Debora Silva Silva;F;38;Florianopolis;SC;12;Coordenador de Administrativo;Coordenador;Hibrido;2021-12-17;15622.47;Ativo;;;
541;Maria Silva Soares;F;32;Goiania;GO;7;Junior de Suporte Tecnico;Junior;Hibrido;2023-10-03;4285.18;Ativo;;;
542;Natalia Gomes Silva;F;40;Florianopolis;SC;5;Pleno de Marketing;Pleno;Presencial;2022-11-17;8500.36;Ativo;;;
543;Larissa Souza Souza;F;32;Florianopolis;SC;10;Especialista de Financeiro;Especialista;Presencial;2023-08-09;18985.5;Ativo;;;
544;Felipe Alves Barbosa;M;24;Florianopolis;SC;11;Especialista de Juridico;Especialista;Remoto;2023-05-03;18043.8;Ativo;;;
545;Bruna Lima Martins;F;34;Rio de Janeiro;RJ;8;Coordenador de Operacoes;Coordenador;Remoto;2018-08-21;13136.94;Ativo;;;
546;Renata Almeida Vieira;F;40;Curitiba;PR;3;Senior de Produto;Senior;Remoto;2020-04-02;12187.33;Ativo;;;
547;Rodrigo Dias Oliveira;M;29;Campinas;SP;4;Pleno de Comercial;Pleno;Hibrido;2022-09-27;6419.61;Ativo;;;
548;Lucas Martins Martins;M;32;Salvador;BA;12;Senior de Administrativo;Senior;Remoto;2023-01-08;10360.35;Ativo;;;
549;Ana Rocha Silva;F;24;Goiania;GO;7;Especialista de Suporte Tecnico;Especialista;Remoto;2021-12-30;16166.87;Ativo;;;
550;Lucas Lopes Carvalho;M;23;Campinas;SP;2;Pleno de Dados & Analytics;Pleno;Hibrido;2022-04-17;6953.0;Ativo;;;
551;Luciana Souza Soares;F;43;Sao Paulo;SP;6;Senior de Customer Success;Senior;Hibrido;2021-11-16;10049.92;Ativo;;;
552;Bruno Nascimento Vieira;M;35;Fortaleza;CE;12;Pleno de Administrativo;Pleno;Remoto;2018-05-20;6978.14;Ativo;;;
553;Ana Oliveira Dias;F;26;Porto Alegre;RS;9;Pleno de Recursos Humanos;Pleno;Hibrido;2023-07-30;8476.37;Ativo;;;
554;Rafael Costa Silva;M;35;Curitiba;PR;3;Senior de Produto;Senior;Hibrido;2022-08-30;12689.09;Ativo;;;
555;Marcelo Oliveira Gomes;M;25;Belo Horizonte;MG;11;Pleno de Juridico;Pleno;Remoto;2019-10-24;6865.22;Ativo;;;
556;Fernando Martins Dias;M;19;Florianopolis;SC;11;Pleno de Juridico;Pleno;Hibrido;2018-09-17;6988.89;Ativo;;;
557;Renata Andrade Rodrigues;F;45;Goiania;GO;4;Pleno de Comercial;Pleno;Remoto;2019-12-29;9264.24;Ativo;;;
558;Leonardo Andrade Ribeiro;M;32;Sao Paulo;SP;2;Pleno de Dados & Analytics;Pleno;Hibrido;2022-07-05;6767.62;Ativo;;;
559;Andre Pereira Oliveira;M;28;Recife;PE;6;Junior de Customer Success;Junior;Remoto;2019-08-28;4512.91;Ativo;;;
560;Aline Silva Rocha;F;27;Porto Alegre;RS;6;Pleno de Customer Success;Pleno;Remoto;2024-08-03;6246.29;Ativo;;;
561;Debora Pereira Ribeiro;F;35;Florianopolis;SC;11;Junior de Juridico;Junior;Remoto;2022-10-13;4411.32;Ativo;;;
562;Vanessa Ferreira Dias;F;44;Brasilia;DF;6;Especialista de Customer Success;Especialista;Remoto;2019-09-24;13710.17;Ativo;;;
563;Juliana Barbosa Gomes;F;24;Curitiba;PR;11;Pleno de Juridico;Pleno;Hibrido;2024-10-21;6640.27;Ativo;;;
564;Lucas Lima Rodrigues;M;32;Salvador;BA;4;Pleno de Comercial;Pleno;Remoto;2018-04-24;7354.68;Desligado;2024-06-15;Voluntario;Insatisfacao salarial
565;Aline Ribeiro Souza;F;28;Rio de Janeiro;RJ;6;Senior de Customer Success;Senior;Hibrido;2019-10-13;13383.32;Ativo;;;
566;Rodrigo Almeida Ribeiro;M;35;Porto Alegre;RS;2;Junior de Dados & Analytics;Junior;Hibrido;2021-05-27;5092.14;Ativo;;;
567;Matheus Oliveira Ferreira;M;39;Salvador;BA;6;Pleno de Customer Success;Pleno;Hibrido;2024-09-20;6378.27;Desligado;2024-12-31;Voluntario;Continuidade dos estudos
568;Camila Silva Oliveira;F;19;Recife;PE;10;Coordenador de Financeiro;Coordenador;Hibrido;2018-10-13;12224.12;Ativo;;;
569;Ricardo Barbosa Costa;M;32;Salvador;BA;7;Coordenador de Suporte Tecnico;Coordenador;Presencial;2018-06-09;13673.23;Ativo;;;
570;Rodrigo Carvalho Martins;M;27;Rio de Janeiro;RJ;5;Pleno de Marketing;Pleno;Presencial;2024-03-17;6914.36;Desligado;2024-12-31;Voluntario;Insatisfacao salarial
571;Marcelo Ferreira Rodrigues;M;36;Porto Alegre;RS;9;Pleno de Recursos Humanos;Pleno;Hibrido;2019-11-15;7437.83;Ativo;;;
572;Patricia Lopes Rodrigues;F;33;Rio de Janeiro;RJ;9;Pleno de Recursos Humanos;Pleno;Remoto;2024-04-25;6479.44;Ativo;;;
573;Andre Lima Carvalho;M;35;Porto Alegre;RS;5;Pleno de Marketing;Pleno;Hibrido;2020-10-18;9468.7;Desligado;2024-10-26;Voluntario;Motivos pessoais/familiares
574;Diego Lima Pereira;M;32;Goiania;GO;8;Senior de Operacoes;Senior;Remoto;2021-02-26;12102.67;Ativo;;;
575;Daniela Barbosa Alves;F;40;Fortaleza;CE;7;Pleno de Suporte Tecnico;Pleno;Hibrido;2022-06-10;8821.34;Ativo;;;
576;Matheus Gomes Silva;M;31;Salvador;BA;11;Pleno de Juridico;Pleno;Presencial;2018-09-16;9297.55;Ativo;;;
577;Daniela Martins Costa;F;27;Fortaleza;CE;5;Pleno de Marketing;Pleno;Hibrido;2021-04-28;7177.09;Ativo;;;
578;Vanessa Rocha Barbosa;F;37;Belo Horizonte;MG;8;Pleno de Operacoes;Pleno;Hibrido;2021-12-11;7166.79;Ativo;;;
579;Aline Barbosa Nascimento;F;43;Curitiba;PR;5;Pleno de Marketing;Pleno;Remoto;2024-03-04;8721.88;Ativo;;;
580;Aline Ferreira Martins;F;27;Recife;PE;12;Coordenador de Administrativo;Coordenador;Presencial;2018-07-29;15193.83;Ativo;;;
581;Debora Vieira Pereira;F;46;Recife;PE;5;Pleno de Marketing;Pleno;Remoto;2022-09-26;6691.16;Desligado;2024-10-14;Voluntario;Motivos pessoais/familiares
582;Renata Ribeiro Souza;F;21;Brasilia;DF;5;Senior de Marketing;Senior;Remoto;2024-10-22;14941.37;Desligado;2024-12-31;Voluntario;Continuidade dos estudos
583;Gustavo Silva Andrade;M;36;Fortaleza;CE;11;Senior de Juridico;Senior;Hibrido;2024-08-30;9849.45;Ativo;;;
584;Eduardo Gomes Nascimento;M;28;Rio de Janeiro;RJ;4;Junior de Comercial;Junior;Hibrido;2019-09-29;5342.14;Ativo;;;
585;Debora Rodrigues Rocha;F;36;Porto Alegre;RS;12;Pleno de Administrativo;Pleno;Remoto;2021-01-06;6182.94;Ativo;;;
586;Guilherme Dias Rodrigues;M;25;Goiania;GO;9;Junior de Recursos Humanos;Junior;Hibrido;2024-01-02;3768.24;Ativo;;;
587;Renata Oliveira Almeida;F;21;Brasilia;DF;4;Senior de Comercial;Senior;Remoto;2021-12-02;12703.21;Ativo;;;
588;Luciana Martins Fernandes;F;32;Florianopolis;SC;12;Junior de Administrativo;Junior;Hibrido;2019-02-03;3617.07;Ativo;;;
589;Natalia Santos Ribeiro;F;19;Goiania;GO;11;Junior de Juridico;Junior;Hibrido;2022-01-08;4183.73;Ativo;;;
590;Gabriel Pereira Dias;M;38;Campinas;SP;9;Pleno de Recursos Humanos;Pleno;Remoto;2022-05-08;8459.58;Ativo;;;
591;Larissa Rocha Barbosa;F;38;Sao Paulo;SP;11;Senior de Juridico;Senior;Presencial;2018-01-27;14568.02;Ativo;;;
592;Aline Carvalho Souza;F;40;Sao Paulo;SP;3;Pleno de Produto;Pleno;Hibrido;2020-03-18;9155.27;Ativo;;;
593;Guilherme Pereira Soares;M;28;Goiania;GO;10;Pleno de Financeiro;Pleno;Hibrido;2018-12-23;6572.41;Ativo;;;
594;Eduardo Ribeiro Martins;M;49;Fortaleza;CE;5;Pleno de Marketing;Pleno;Hibrido;2021-07-12;6062.85;Ativo;;;
595;Diego Silva Lopes;M;28;Rio de Janeiro;RJ;8;Pleno de Operacoes;Pleno;Hibrido;2018-11-11;7797.96;Ativo;;;
596;Vanessa Oliveira Souza;F;33;Goiania;GO;4;Junior de Comercial;Junior;Remoto;2020-09-26;3558.34;Ativo;;;
597;Diego Gomes Costa;M;34;Fortaleza;CE;10;Senior de Financeiro;Senior;Remoto;2024-03-31;13373.42;Ativo;;;
598;Leonardo Lopes Ribeiro;M;36;Fortaleza;CE;8;Senior de Operacoes;Senior;Remoto;2019-03-30;14018.68;Ativo;;;
599;Eduardo Andrade Nascimento;M;47;Fortaleza;CE;2;Estagiario de Dados & Analytics;Estagiario;Remoto;2018-12-01;1910.98;Ativo;;;
600;Juliana Gomes Santos;F;28;Goiania;GO;3;Pleno de Produto;Pleno;Hibrido;2022-10-07;6220.0;Ativo;;;
601;Joao Costa Rocha;M;19;Rio de Janeiro;RJ;6;Especialista de Customer Success;Especialista;Hibrido;2024-09-29;14547.64;Ativo;;;
602;Felipe Soares Ferreira;M;48;Florianopolis;SC;5;Senior de Marketing;Senior;Hibrido;2023-12-08;12743.51;Ativo;;;
603;Thiago Fernandes Carvalho;M;37;Fortaleza;CE;12;Pleno de Administrativo;Pleno;Hibrido;2021-02-15;9432.27;Ativo;;;
604;Marcelo Rocha Ferreira;M;31;Belo Horizonte;MG;10;Pleno de Financeiro;Pleno;Hibrido;2022-10-29;8741.61;Desligado;2024-11-14;Voluntario;Motivos pessoais/familiares
605;Maria Andrade Barbosa;F;31;Curitiba;PR;2;Pleno de Dados & Analytics;Pleno;Remoto;2019-10-22;6910.22;Ativo;;;
606;Luciana Carvalho Martins;F;19;Sao Paulo;SP;11;Junior de Juridico;Junior;Hibrido;2023-02-19;5186.75;Ativo;;;
607;Bruno Lima Nascimento;M;33;Rio de Janeiro;RJ;10;Pleno de Financeiro;Pleno;Presencial;2022-11-15;6598.86;Desligado;2024-08-25;Voluntario;Continuidade dos estudos
608;Gustavo Ferreira Ribeiro;M;43;Recife;PE;2;Junior de Dados & Analytics;Junior;Remoto;2018-12-07;3862.44;Ativo;;;
609;Eduardo Souza Lima;M;23;Campinas;SP;1;Estagiario de Engenharia de Software;Estagiario;Presencial;2019-12-29;2217.33;Ativo;;;
610;Tatiane Rocha Costa;F;33;Brasilia;DF;10;Pleno de Financeiro;Pleno;Hibrido;2019-02-16;6922.28;Ativo;;;
611;Daniela Martins Vieira;F;36;Rio de Janeiro;RJ;6;Coordenador de Customer Success;Coordenador;Hibrido;2020-10-23;12569.45;Ativo;;;
612;Bruna Almeida Barbosa;F;39;Belo Horizonte;MG;12;Especialista de Administrativo;Especialista;Hibrido;2023-08-23;16569.0;Ativo;;;
613;Daniela Vieira Oliveira;F;28;Campinas;SP;2;Senior de Dados & Analytics;Senior;Hibrido;2018-07-19;13856.25;Ativo;;;
614;Thiago Souza Pereira;M;30;Porto Alegre;RS;1;Junior de Engenharia de Software;Junior;Hibrido;2020-05-19;4855.22;Desligado;2024-04-08;Involuntario;Baixo desempenho
615;Diego Nascimento Rodrigues;M;30;Florianopolis;SC;8;Senior de Operacoes;Senior;Hibrido;2024-04-09;9552.46;Ativo;;;
616;Vanessa Barbosa Rodrigues;F;34;Brasilia;DF;10;Pleno de Financeiro;Pleno;Remoto;2024-01-30;8634.83;Ativo;;;
617;Vanessa Ferreira Lopes;F;27;Campinas;SP;11;Especialista de Juridico;Especialista;Presencial;2023-04-01;15366.91;Ativo;;;
618;Gustavo Ferreira Lopes;M;33;Porto Alegre;RS;12;Especialista de Administrativo;Especialista;Remoto;2022-08-30;14700.77;Ativo;;;
619;Rafael Costa Almeida;M;31;Brasilia;DF;4;Junior de Comercial;Junior;Remoto;2021-02-08;4030.07;Ativo;;;
620;Diego Silva Lopes;M;28;Belo Horizonte;MG;11;Pleno de Juridico;Pleno;Remoto;2019-05-29;7571.19;Ativo;;;
621;Marcelo Fernandes Soares;M;30;Campinas;SP;9;Pleno de Recursos Humanos;Pleno;Hibrido;2019-07-13;6089.15;Ativo;;;
622;Vanessa Dias Lopes;F;39;Salvador;BA;5;Pleno de Marketing;Pleno;Presencial;2024-10-28;9165.41;Ativo;;;
623;Debora Ferreira Oliveira;F;43;Brasilia;DF;8;Senior de Operacoes;Senior;Hibrido;2018-01-15;9565.44;Ativo;;;
624;Felipe Gomes Santos;M;25;Porto Alegre;RS;9;Pleno de Recursos Humanos;Pleno;Presencial;2023-12-21;8618.72;Ativo;;;
625;Gustavo Gomes Ferreira;M;36;Fortaleza;CE;6;Especialista de Customer Success;Especialista;Hibrido;2023-03-19;15974.3;Ativo;;;
626;Natalia Soares Souza;F;23;Brasilia;DF;6;Senior de Customer Success;Senior;Presencial;2019-12-13;12306.36;Ativo;;;
627;Guilherme Fernandes Ribeiro;M;24;Florianopolis;SC;9;Junior de Recursos Humanos;Junior;Remoto;2019-05-12;3702.06;Ativo;;;
628;Eduardo Fernandes Alves;M;31;Salvador;BA;8;Junior de Operacoes;Junior;Hibrido;2018-03-08;4680.76;Ativo;;;
629;Felipe Gomes Santos;M;38;Fortaleza;CE;3;Junior de Produto;Junior;Hibrido;2018-12-28;5045.75;Ativo;;;
630;Bruna Oliveira Almeida;F;32;Rio de Janeiro;RJ;6;Senior de Customer Success;Senior;Hibrido;2018-12-22;14426.97;Ativo;;;
631;Bruno Andrade Vieira;M;19;Goiania;GO;9;Junior de Recursos Humanos;Junior;Remoto;2019-12-14;4604.32;Ativo;;;
632;Daniela Rocha Carvalho;F;22;Belo Horizonte;MG;6;Junior de Customer Success;Junior;Hibrido;2021-03-06;5018.86;Ativo;;;
633;Bruno Alves Santos;M;21;Brasilia;DF;4;Junior de Comercial;Junior;Hibrido;2022-12-25;4186.09;Ativo;;;
634;Natalia Lima Barbosa;F;38;Florianopolis;SC;3;Pleno de Produto;Pleno;Hibrido;2018-11-15;6029.28;Ativo;;;
635;Thiago Nascimento Gomes;M;33;Porto Alegre;RS;7;Gerente de Suporte Tecnico;Gerente;Remoto;2018-09-22;22200.72;Ativo;;;
636;Tatiane Dias Souza;F;32;Belo Horizonte;MG;7;Junior de Suporte Tecnico;Junior;Remoto;2022-05-29;4404.09;Ativo;;;
637;Ana Lima Rocha;F;30;Belo Horizonte;MG;3;Senior de Produto;Senior;Remoto;2022-10-29;13293.36;Ativo;;;
638;Felipe Rodrigues Nascimento;M;30;Recife;PE;6;Pleno de Customer Success;Pleno;Presencial;2020-07-10;6262.83;Ativo;;;
639;Marcelo Lopes Rodrigues;M;36;Brasilia;DF;1;Junior de Engenharia de Software;Junior;Hibrido;2021-07-22;3667.61;Ativo;;;
640;Vanessa Martins Almeida;F;37;Rio de Janeiro;RJ;10;Pleno de Financeiro;Pleno;Hibrido;2018-10-01;8965.92;Ativo;;;
641;Marcelo Soares Andrade;M;28;Porto Alegre;RS;12;Pleno de Administrativo;Pleno;Presencial;2020-02-06;9022.52;Ativo;;;
642;Priscila Lopes Costa;F;34;Brasilia;DF;9;Especialista de Recursos Humanos;Especialista;Remoto;2019-06-25;13159.62;Ativo;;;
643;Lucas Andrade Almeida;M;27;Campinas;SP;2;Junior de Dados & Analytics;Junior;Remoto;2022-09-10;4351.13;Ativo;;;
644;Juliana Fernandes Martins;F;35;Curitiba;PR;2;Senior de Dados & Analytics;Senior;Hibrido;2022-03-26;13755.06;Ativo;;;
645;Amanda Lopes Lima;F;37;Recife;PE;8;Junior de Operacoes;Junior;Hibrido;2024-10-04;4529.86;Desligado;2024-12-06;Involuntario;Reestruturacao da area
646;Natalia Vieira Rodrigues;F;35;Brasilia;DF;10;Junior de Financeiro;Junior;Presencial;2021-03-03;5021.36;Ativo;;;
647;Aline Dias Santos;F;36;Sao Paulo;SP;1;Especialista de Engenharia de Software;Especialista;Remoto;2020-07-18;16045.82;Ativo;;;
648;Eduardo Silva Souza;M;41;Belo Horizonte;MG;8;Junior de Operacoes;Junior;Remoto;2019-06-19;5192.24;Ativo;;;
649;Priscila Silva Carvalho;F;29;Curitiba;PR;1;Pleno de Engenharia de Software;Pleno;Hibrido;2021-12-24;6142.75;Ativo;;;
650;Rodrigo Ferreira Lima;M;20;Rio de Janeiro;RJ;1;Junior de Engenharia de Software;Junior;Hibrido;2018-11-29;4510.06;Ativo;;;
651;Patricia Oliveira Ribeiro;F;28;Campinas;SP;9;Pleno de Recursos Humanos;Pleno;Remoto;2020-04-11;7157.78;Ativo;;;
652;Pedro Martins Rocha;M;42;Porto Alegre;RS;1;Especialista de Engenharia de Software;Especialista;Hibrido;2024-04-18;13718.95;Ativo;;;
653;Andre Rocha Oliveira;M;42;Goiania;GO;11;Pleno de Juridico;Pleno;Remoto;2023-07-20;6929.63;Ativo;;;
654;Joao Alves Lopes;M;32;Rio de Janeiro;RJ;6;Pleno de Customer Success;Pleno;Hibrido;2024-08-25;9132.73;Ativo;;;
655;Fernando Pereira Soares;M;43;Campinas;SP;10;Pleno de Financeiro;Pleno;Hibrido;2021-04-30;8313.41;Ativo;;;
656;Maria Silva Nascimento;F;37;Recife;PE;1;Pleno de Engenharia de Software;Pleno;Remoto;2021-10-04;7432.19;Ativo;;;
657;Andre Nascimento Rodrigues;M;31;Fortaleza;CE;3;Pleno de Produto;Pleno;Hibrido;2024-08-21;8692.09;Ativo;;;
658;Felipe Martins Oliveira;M;24;Goiania;GO;3;Pleno de Produto;Pleno;Remoto;2022-01-30;8104.76;Ativo;;;
659;Gabriel Costa Ribeiro;M;28;Porto Alegre;RS;9;Gerente de Recursos Humanos;Gerente;Hibrido;2021-11-01;26317.58;Ativo;;;
660;Marcelo Rodrigues Rocha;M;29;Campinas;SP;12;Pleno de Administrativo;Pleno;Hibrido;2024-06-13;8097.53;Desligado;2024-07-01;Voluntario;Insatisfacao salarial
661;Leonardo Vieira Silva;M;34;Brasilia;DF;11;Pleno de Juridico;Pleno;Remoto;2022-05-22;6864.37;Ativo;;;
662;Eduardo Ribeiro Andrade;M;41;Curitiba;PR;11;Pleno de Juridico;Pleno;Hibrido;2018-09-06;6896.31;Ativo;;;
663;Andre Barbosa Dias;M;28;Fortaleza;CE;8;Pleno de Operacoes;Pleno;Hibrido;2021-09-11;6661.04;Ativo;;;
664;Lucas Souza Rodrigues;M;34;Rio de Janeiro;RJ;5;Pleno de Marketing;Pleno;Remoto;2022-05-19;7774.26;Ativo;;;
665;Bruna Carvalho Costa;F;31;Belo Horizonte;MG;3;Junior de Produto;Junior;Hibrido;2018-07-21;4582.38;Ativo;;;
666;Guilherme Rocha Oliveira;M;31;Curitiba;PR;3;Junior de Produto;Junior;Remoto;2021-09-21;4524.05;Ativo;;;
667;Maria Dias Gomes;F;33;Curitiba;PR;9;Junior de Recursos Humanos;Junior;Remoto;2019-02-20;4004.83;Ativo;;;
668;Marcelo Gomes Rocha;M;34;Sao Paulo;SP;8;Coordenador de Operacoes;Coordenador;Hibrido;2022-04-05;14135.08;Ativo;;;
669;Vinicius Martins Souza;M;31;Curitiba;PR;8;Junior de Operacoes;Junior;Remoto;2019-03-16;4238.11;Ativo;;;
670;Daniela Oliveira Soares;F;33;Sao Paulo;SP;9;Junior de Recursos Humanos;Junior;Presencial;2020-03-30;4708.41;Ativo;;;
671;Aline Rodrigues Martins;F;41;Brasilia;DF;11;Senior de Juridico;Senior;Hibrido;2021-10-12;10537.41;Ativo;;;
672;Bruna Fernandes Dias;F;19;Belo Horizonte;MG;1;Especialista de Engenharia de Software;Especialista;Remoto;2021-05-29;13479.14;Ativo;;;
673;Juliana Silva Vieira;F;36;Rio de Janeiro;RJ;6;Senior de Customer Success;Senior;Hibrido;2018-06-28;13156.4;Ativo;;;
674;Guilherme Alves Santos;M;33;Sao Paulo;SP;5;Pleno de Marketing;Pleno;Remoto;2020-01-13;6078.99;Ativo;;;
675;Tatiane Gomes Rocha;F;25;Goiania;GO;3;Estagiario de Produto;Estagiario;Hibrido;2024-03-13;1841.52;Ativo;;;
676;Vanessa Nascimento Martins;F;28;Rio de Janeiro;RJ;3;Senior de Produto;Senior;Remoto;2020-12-27;11069.73;Ativo;;;
677;Guilherme Oliveira Gomes;M;28;Rio de Janeiro;RJ;11;Senior de Juridico;Senior;Hibrido;2019-08-23;10441.52;Ativo;;;
678;Matheus Fernandes Costa;M;35;Salvador;BA;8;Pleno de Operacoes;Pleno;Hibrido;2022-08-27;7242.48;Ativo;;;
679;Rodrigo Nascimento Carvalho;M;33;Goiania;GO;7;Especialista de Suporte Tecnico;Especialista;Hibrido;2021-03-20;16073.02;Ativo;;;
680;Pedro Pereira Oliveira;M;27;Salvador;BA;10;Senior de Financeiro;Senior;Hibrido;2018-01-20;13190.48;Ativo;;;
681;Eduardo Barbosa Barbosa;M;47;Sao Paulo;SP;11;Pleno de Juridico;Pleno;Hibrido;2021-07-28;9346.07;Ativo;;;
682;Larissa Souza Silva;F;32;Goiania;GO;3;Junior de Produto;Junior;Remoto;2018-07-11;4589.06;Ativo;;;
683;Joao Ferreira Lopes;M;23;Recife;PE;8;Senior de Operacoes;Senior;Hibrido;2021-03-18;11065.36;Ativo;;;
684;Larissa Ribeiro Rodrigues;F;35;Goiania;GO;6;Junior de Customer Success;Junior;Remoto;2022-08-21;3541.86;Ativo;;;
685;Camila Silva Costa;F;27;Salvador;BA;10;Senior de Financeiro;Senior;Hibrido;2024-06-12;11358.7;Ativo;;;
686;Tatiane Oliveira Lima;F;25;Goiania;GO;6;Junior de Customer Success;Junior;Remoto;2018-01-27;4822.47;Ativo;;;
687;Vinicius Almeida Soares;M;31;Recife;PE;6;Junior de Customer Success;Junior;Presencial;2020-10-20;3813.29;Ativo;;;
688;Vinicius Vieira Ferreira;M;40;Recife;PE;7;Pleno de Suporte Tecnico;Pleno;Remoto;2022-11-23;6786.31;Desligado;2024-11-29;Voluntario;Insatisfacao salarial
689;Camila Vieira Dias;F;32;Goiania;GO;9;Junior de Recursos Humanos;Junior;Remoto;2019-09-14;4974.46;Ativo;;;
690;Felipe Andrade Soares;M;38;Sao Paulo;SP;4;Pleno de Comercial;Pleno;Hibrido;2023-02-16;6250.26;Ativo;;;
691;Joao Pereira Santos;M;38;Fortaleza;CE;7;Junior de Suporte Tecnico;Junior;Presencial;2022-03-03;5101.62;Ativo;;;
692;Renata Rodrigues Ferreira;F;20;Sao Paulo;SP;9;Senior de Recursos Humanos;Senior;Remoto;2022-01-29;13803.18;Ativo;;;
693;Beatriz Costa Pereira;F;26;Salvador;BA;9;Pleno de Recursos Humanos;Pleno;Hibrido;2022-02-24;9046.39;Ativo;;;
694;Patricia Oliveira Vieira;F;28;Recife;PE;2;Junior de Dados & Analytics;Junior;Remoto;2024-07-21;4296.3;Desligado;2024-11-19;Voluntario;Continuidade dos estudos
695;Rafael Pereira Soares;M;28;Sao Paulo;SP;11;Pleno de Juridico;Pleno;Remoto;2020-12-13;7376.73;Ativo;;;
696;Juliana Almeida Gomes;F;32;Porto Alegre;RS;2;Pleno de Dados & Analytics;Pleno;Hibrido;2021-02-12;6604.13;Ativo;;;
697;Juliana Fernandes Almeida;F;22;Sao Paulo;SP;4;Junior de Comercial;Junior;Remoto;2023-04-29;3839.41;Ativo;;;
698;Amanda Gomes Vieira;F;33;Porto Alegre;RS;7;Senior de Suporte Tecnico;Senior;Remoto;2020-12-18;11224.66;Ativo;;;
699;Eduardo Ribeiro Vieira;M;48;Fortaleza;CE;10;Pleno de Financeiro;Pleno;Remoto;2024-06-08;8346.12;Ativo;;;
700;Gustavo Pereira Rodrigues;M;33;Sao Paulo;SP;1;Junior de Engenharia de Software;Junior;Remoto;2024-06-29;3639.78;Desligado;2024-09-21;Voluntario;Motivos pessoais/familiares
701;Felipe Fernandes Ribeiro;M;26;Campinas;SP;12;Junior de Administrativo;Junior;Remoto;2021-03-19;4342.75;Ativo;;;
702;Thiago Silva Dias;M;41;Salvador;BA;8;Pleno de Operacoes;Pleno;Hibrido;2019-06-18;8689.4;Ativo;;;
703;Camila Alves Soares;F;29;Curitiba;PR;10;Senior de Financeiro;Senior;Hibrido;2020-02-11;14843.16;Ativo;;;
704;Debora Santos Rodrigues;F;32;Goiania;GO;6;Junior de Customer Success;Junior;Presencial;2022-10-26;5054.6;Ativo;;;
705;Juliana Santos Pereira;F;19;Florianopolis;SC;1;Pleno de Engenharia de Software;Pleno;Hibrido;2018-01-31;7393.02;Ativo;;;
706;Bruna Almeida Andrade;F;27;Rio de Janeiro;RJ;2;Senior de Dados & Analytics;Senior;Presencial;2024-11-08;13960.58;Ativo;;;
707;Leonardo Rodrigues Rocha;M;27;Salvador;BA;4;Coordenador de Comercial;Coordenador;Remoto;2023-12-20;12334.41;Ativo;;;
708;Fernando Vieira Santos;M;34;Salvador;BA;3;Senior de Produto;Senior;Hibrido;2020-12-16;13311.34;Ativo;;;
709;Felipe Gomes Lima;M;33;Recife;PE;7;Senior de Suporte Tecnico;Senior;Remoto;2021-11-21;12660.16;Ativo;;;
710;Aline Costa Almeida;F;19;Porto Alegre;RS;11;Senior de Juridico;Senior;Hibrido;2022-12-18;13512.84;Ativo;;;
711;Lucas Alves Rodrigues;M;31;Brasilia;DF;4;Junior de Comercial;Junior;Hibrido;2024-04-12;3560.85;Desligado;2024-08-09;Voluntario;Nova oportunidade de mercado
712;Gabriel Ferreira Almeida;M;30;Fortaleza;CE;9;Pleno de Recursos Humanos;Pleno;Remoto;2022-06-23;6820.07;Ativo;;;
713;Vanessa Souza Fernandes;F;26;Recife;PE;8;Senior de Operacoes;Senior;Hibrido;2018-01-31;14662.22;Ativo;;;
714;Eduardo Gomes Almeida;M;39;Porto Alegre;RS;3;Pleno de Produto;Pleno;Hibrido;2019-09-27;8354.5;Ativo;;;
715;Lucas Ferreira Dias;M;40;Porto Alegre;RS;12;Pleno de Administrativo;Pleno;Remoto;2022-12-12;7721.27;Desligado;2024-09-30;Voluntario;Continuidade dos estudos
716;Bruno Costa Rodrigues;M;26;Rio de Janeiro;RJ;6;Pleno de Customer Success;Pleno;Hibrido;2022-01-03;8156.13;Ativo;;;
717;Diego Martins Soares;M;36;Sao Paulo;SP;4;Junior de Comercial;Junior;Presencial;2024-07-18;5215.31;Ativo;;;
718;Patricia Ferreira Silva;F;31;Salvador;BA;12;Junior de Administrativo;Junior;Hibrido;2018-05-17;5378.67;Ativo;;;
719;Natalia Andrade Fernandes;F;37;Curitiba;PR;1;Junior de Engenharia de Software;Junior;Presencial;2018-01-21;3557.04;Ativo;;;
720;Eduardo Souza Rodrigues;M;43;Rio de Janeiro;RJ;10;Pleno de Financeiro;Pleno;Hibrido;2021-11-21;9127.77;Desligado;2024-12-02;Voluntario;Nova oportunidade de mercado
721;Felipe Rodrigues Alves;M;34;Salvador;BA;6;Senior de Customer Success;Senior;Remoto;2018-12-12;12061.74;Ativo;;;
722;Juliana Vieira Vieira;F;21;Porto Alegre;RS;8;Junior de Operacoes;Junior;Remoto;2022-09-17;3796.27;Ativo;;;
723;Joao Oliveira Alves;M;38;Campinas;SP;1;Pleno de Engenharia de Software;Pleno;Hibrido;2024-04-13;8024.01;Desligado;2024-05-07;Involuntario;Reestruturacao da area
724;Lucas Costa Souza;M;32;Sao Paulo;SP;5;Pleno de Marketing;Pleno;Presencial;2024-09-03;7703.82;Ativo;;;
725;Ana Ferreira Vieira;F;25;Salvador;BA;6;Junior de Customer Success;Junior;Remoto;2020-03-18;4022.4;Desligado;2024-04-05;Voluntario;Motivos pessoais/familiares
726;Maria Martins Dias;F;24;Salvador;BA;5;Estagiario de Marketing;Estagiario;Remoto;2022-06-13;2493.26;Desligado;2024-11-10;Voluntario;Insatisfacao salarial
727;Amanda Ferreira Lima;F;25;Porto Alegre;RS;3;Senior de Produto;Senior;Hibrido;2020-02-16;13232.57;Ativo;;;
728;Fernanda Santos Barbosa;F;45;Brasilia;DF;10;Pleno de Financeiro;Pleno;Hibrido;2019-12-09;9110.43;Desligado;2024-10-17;Voluntario;Continuidade dos estudos
729;Rodrigo Lopes Carvalho;M;26;Florianopolis;SC;7;Estagiario de Suporte Tecnico;Estagiario;Hibrido;2021-01-29;2272.1;Ativo;;;
730;Ana Oliveira Lima;F;26;Salvador;BA;4;Senior de Comercial;Senior;Hibrido;2021-01-31;12081.28;Ativo;;;
731;Andre Alves Rocha;M;20;Florianopolis;SC;10;Estagiario de Financeiro;Estagiario;Remoto;2018-08-05;2164.01;Ativo;;;
732;Gustavo Silva Martins;M;33;Goiania;GO;9;Junior de Recursos Humanos;Junior;Hibrido;2024-08-25;5202.22;Ativo;;;
733;Debora Fernandes Lopes;F;41;Recife;PE;11;Pleno de Juridico;Pleno;Remoto;2018-08-19;7102.7;Ativo;;;
734;Renata Lima Ferreira;F;37;Sao Paulo;SP;9;Pleno de Recursos Humanos;Pleno;Hibrido;2020-08-24;7455.07;Ativo;;;
735;Daniela Pereira Silva;F;27;Porto Alegre;RS;5;Pleno de Marketing;Pleno;Hibrido;2024-09-07;7113.61;Ativo;;;
736;Vinicius Soares Ribeiro;M;46;Brasilia;DF;6;Coordenador de Customer Success;Coordenador;Remoto;2021-06-20;12070.59;Ativo;;;
737;Rafael Souza Pereira;M;33;Campinas;SP;9;Pleno de Recursos Humanos;Pleno;Remoto;2023-05-22;8846.0;Ativo;;;
738;Guilherme Fernandes Andrade;M;28;Sao Paulo;SP;6;Pleno de Customer Success;Pleno;Remoto;2018-10-03;9239.35;Desligado;2024-06-05;Voluntario;Insatisfacao salarial
739;Bruna Ferreira Ferreira;F;24;Curitiba;PR;8;Senior de Operacoes;Senior;Remoto;2018-11-20;14511.79;Ativo;;;
740;Bruna Vieira Silva;F;34;Goiania;GO;11;Especialista de Juridico;Especialista;Hibrido;2024-07-02;14156.82;Ativo;;;
741;Luciana Vieira Rodrigues;F;26;Brasilia;DF;9;Junior de Recursos Humanos;Junior;Hibrido;2021-05-25;4328.14;Ativo;;;
742;Vinicius Fernandes Gomes;M;32;Belo Horizonte;MG;5;Senior de Marketing;Senior;Hibrido;2023-02-11;11077.47;Ativo;;;
743;Ana Oliveira Santos;F;40;Curitiba;PR;5;Junior de Marketing;Junior;Hibrido;2018-07-02;5142.22;Ativo;;;
744;Joao Soares Lopes;M;30;Sao Paulo;SP;1;Pleno de Engenharia de Software;Pleno;Hibrido;2020-05-24;7156.33;Ativo;;;
745;Daniela Alves Rodrigues;F;30;Recife;PE;11;Senior de Juridico;Senior;Remoto;2019-10-04;13837.2;Ativo;;;
746;Thiago Santos Silva;M;33;Belo Horizonte;MG;2;Pleno de Dados & Analytics;Pleno;Hibrido;2023-02-26;7908.77;Ativo;;;
747;Gabriel Soares Ribeiro;M;32;Rio de Janeiro;RJ;4;Senior de Comercial;Senior;Hibrido;2019-03-23;12623.13;Ativo;;;
748;Renata Vieira Souza;F;47;Recife;PE;3;Pleno de Produto;Pleno;Hibrido;2021-02-05;7957.56;Ativo;;;
749;Aline Rodrigues Ferreira;F;39;Goiania;GO;10;Pleno de Financeiro;Pleno;Presencial;2020-07-06;7651.78;Ativo;;;
750;Debora Rocha Costa;F;27;Belo Horizonte;MG;1;Junior de Engenharia de Software;Junior;Hibrido;2022-03-30;4030.31;Ativo;;;
751;Beatriz Dias Vieira;F;21;Belo Horizonte;MG;4;Pleno de Comercial;Pleno;Remoto;2024-09-25;7767.7;Ativo;;;
752;Carolina Andrade Nascimento;F;37;Porto Alegre;RS;9;Especialista de Recursos Humanos;Especialista;Hibrido;2022-12-08;17835.57;Ativo;;;
753;Rafael Andrade Silva;M;30;Goiania;GO;6;Senior de Customer Success;Senior;Presencial;2022-05-04;9554.78;Ativo;;;
754;Luciana Santos Ferreira;F;31;Brasilia;DF;9;Senior de Recursos Humanos;Senior;Remoto;2023-06-18;12044.1;Ativo;;;
755;Daniela Pereira Rocha;F;32;Brasilia;DF;4;Senior de Comercial;Senior;Hibrido;2020-03-24;13791.43;Ativo;;;
756;Vinicius Rodrigues Costa;M;26;Goiania;GO;7;Especialista de Suporte Tecnico;Especialista;Remoto;2023-12-31;15672.75;Desligado;2024-07-28;Involuntario;Baixo desempenho
757;Diego Costa Ferreira;M;20;Campinas;SP;12;Pleno de Administrativo;Pleno;Remoto;2024-04-05;8582.84;Ativo;;;
758;Thiago Almeida Silva;M;26;Porto Alegre;RS;11;Pleno de Juridico;Pleno;Remoto;2018-09-22;8624.95;Ativo;;;
759;Felipe Nascimento Oliveira;M;30;Recife;PE;3;Junior de Produto;Junior;Presencial;2024-03-24;4208.53;Ativo;;;
760;Camila Andrade Silva;F;30;Sao Paulo;SP;5;Junior de Marketing;Junior;Presencial;2023-07-20;3650.04;Desligado;2024-10-10;Voluntario;Motivos pessoais/familiares
761;Vanessa Ferreira Carvalho;F;21;Fortaleza;CE;3;Junior de Produto;Junior;Presencial;2020-10-16;4822.61;Ativo;;;
762;Bruna Fernandes Martins;F;28;Rio de Janeiro;RJ;12;Junior de Administrativo;Junior;Presencial;2021-06-10;5322.47;Desligado;2024-02-10;Voluntario;Motivos pessoais/familiares
763;Rafael Almeida Oliveira;M;31;Sao Paulo;SP;3;Pleno de Produto;Pleno;Hibrido;2023-03-22;9358.04;Ativo;;;
764;Maria Costa Lima;F;29;Rio de Janeiro;RJ;7;Especialista de Suporte Tecnico;Especialista;Presencial;2022-09-12;18086.09;Ativo;;;
765;Thiago Ferreira Martins;M;34;Belo Horizonte;MG;1;Senior de Engenharia de Software;Senior;Remoto;2022-12-04;13516.34;Ativo;;;
766;Gustavo Oliveira Costa;M;34;Brasilia;DF;2;Junior de Dados & Analytics;Junior;Remoto;2024-01-19;3527.96;Ativo;;;
767;Maria Carvalho Rocha;F;27;Belo Horizonte;MG;4;Senior de Comercial;Senior;Remoto;2018-06-22;10838.16;Ativo;;;
768;Larissa Santos Souza;F;25;Recife;PE;10;Pleno de Financeiro;Pleno;Presencial;2018-09-01;6580.12;Ativo;;;
769;Bruno Carvalho Nascimento;M;36;Florianopolis;SC;11;Junior de Juridico;Junior;Presencial;2021-12-31;4206.28;Ativo;;;
770;Carolina Gomes Pereira;F;47;Rio de Janeiro;RJ;9;Pleno de Recursos Humanos;Pleno;Remoto;2018-03-05;9433.17;Ativo;;;
771;Marcelo Vieira Fernandes;M;34;Fortaleza;CE;7;Estagiario de Suporte Tecnico;Estagiario;Hibrido;2022-07-16;2326.49;Desligado;2024-10-30;Voluntario;Insatisfacao salarial
772;Diego Silva Carvalho;M;29;Rio de Janeiro;RJ;3;Pleno de Produto;Pleno;Hibrido;2024-06-17;6157.71;Ativo;;;
773;Daniela Lopes Alves;F;25;Rio de Janeiro;RJ;11;Pleno de Juridico;Pleno;Hibrido;2019-05-26;8444.1;Ativo;;;
774;Bruno Ferreira Rocha;M;37;Porto Alegre;RS;9;Senior de Recursos Humanos;Senior;Hibrido;2024-03-16;12979.26;Ativo;;;
775;Vinicius Souza Gomes;M;19;Salvador;BA;9;Pleno de Recursos Humanos;Pleno;Remoto;2024-07-19;7437.83;Ativo;;;
776;Debora Dias Lima;F;34;Rio de Janeiro;RJ;9;Junior de Recursos Humanos;Junior;Remoto;2021-12-28;5166.42;Ativo;;;
777;Larissa Ribeiro Martins;F;25;Recife;PE;7;Pleno de Suporte Tecnico;Pleno;Hibrido;2019-04-11;7775.21;Desligado;2024-12-19;Voluntario;Insatisfacao salarial
778;Ana Lima Almeida;F;36;Fortaleza;CE;7;Pleno de Suporte Tecnico;Pleno;Hibrido;2018-11-22;9040.2;Ativo;;;
779;Beatriz Lima Vieira;F;38;Sao Paulo;SP;6;Junior de Customer Success;Junior;Remoto;2024-07-25;5128.13;Ativo;;;
780;Gabriel Oliveira Dias;M;33;Recife;PE;10;Pleno de Financeiro;Pleno;Remoto;2022-01-17;6230.45;Ativo;;;
781;Luciana Pereira Fernandes;F;30;Sao Paulo;SP;1;Junior de Engenharia de Software;Junior;Remoto;2022-06-17;4685.98;Ativo;;;
782;Tatiane Carvalho Fernandes;F;35;Campinas;SP;7;Junior de Suporte Tecnico;Junior;Remoto;2022-08-14;5411.66;Ativo;;;
783;Luciana Pereira Lopes;F;31;Porto Alegre;RS;2;Pleno de Dados & Analytics;Pleno;Hibrido;2019-10-04;8824.15;Ativo;;;
784;Marcelo Nascimento Santos;M;42;Florianopolis;SC;1;Estagiario de Engenharia de Software;Estagiario;Hibrido;2018-09-27;2136.71;Ativo;;;
785;Gabriel Almeida Ferreira;M;27;Belo Horizonte;MG;11;Especialista de Juridico;Especialista;Hibrido;2019-09-06;15884.45;Ativo;;;
786;Bruno Rodrigues Santos;M;36;Salvador;BA;4;Gerente de Comercial;Gerente;Hibrido;2021-10-12;21500.71;Desligado;2024-01-12;Involuntario;Baixo desempenho
787;Amanda Rocha Rodrigues;F;40;Brasilia;DF;1;Pleno de Engenharia de Software;Pleno;Hibrido;2024-07-18;6681.17;Ativo;;;
788;Aline Andrade Oliveira;F;29;Rio de Janeiro;RJ;1;Junior de Engenharia de Software;Junior;Remoto;2020-01-29;5017.55;Ativo;;;
789;Natalia Martins Fernandes;F;36;Recife;PE;2;Pleno de Dados & Analytics;Pleno;Hibrido;2024-05-28;9046.44;Ativo;;;
790;Tatiane Almeida Silva;F;33;Goiania;GO;5;Estagiario de Marketing;Estagiario;Remoto;2024-01-24;2464.06;Ativo;;;
791;Camila Carvalho Rodrigues;F;33;Belo Horizonte;MG;3;Coordenador de Produto;Coordenador;Hibrido;2024-04-08;16216.7;Ativo;;;
792;Gabriel Vieira Souza;M;19;Porto Alegre;RS;9;Pleno de Recursos Humanos;Pleno;Hibrido;2020-11-21;6668.32;Desligado;2024-02-04;Voluntario;Continuidade dos estudos
793;Vanessa Lima Martins;F;35;Campinas;SP;9;Junior de Recursos Humanos;Junior;Remoto;2019-03-02;4480.72;Ativo;;;
794;Luciana Barbosa Lopes;F;47;Sao Paulo;SP;6;Junior de Customer Success;Junior;Remoto;2018-05-03;4043.93;Ativo;;;
795;Guilherme Martins Rodrigues;M;24;Brasilia;DF;11;Senior de Juridico;Senior;Hibrido;2019-01-29;10693.19;Ativo;;;
796;Ana Martins Costa;F;26;Goiania;GO;1;Senior de Engenharia de Software;Senior;Remoto;2021-04-03;13579.13;Ativo;;;
797;Pedro Andrade Lopes;M;36;Porto Alegre;RS;7;Junior de Suporte Tecnico;Junior;Remoto;2020-01-09;5078.67;Ativo;;;
798;Maria Costa Gomes;F;32;Porto Alegre;RS;8;Especialista de Operacoes;Especialista;Remoto;2021-01-14;16172.83;Ativo;;;
799;Debora Nascimento Dias;F;28;Rio de Janeiro;RJ;8;Pleno de Operacoes;Pleno;Remoto;2024-07-24;9031.45;Ativo;;;
800;Matheus Gomes Andrade;M;23;Fortaleza;CE;11;Junior de Juridico;Junior;Hibrido;2019-02-08;4740.06;Desligado;2024-10-12;Involuntario;Reestruturacao da area
801;Vanessa Barbosa Rocha;F;35;Rio de Janeiro;RJ;9;Especialista de Recursos Humanos;Especialista;Hibrido;2020-06-02;13071.43;Ativo;;;
802;Eduardo Alves Carvalho;M;27;Goiania;GO;9;Pleno de Recursos Humanos;Pleno;Presencial;2022-06-10;8100.77;Desligado;2024-09-21;Involuntario;Reestruturacao da area
803;Ana Soares Ferreira;F;34;Rio de Janeiro;RJ;5;Junior de Marketing;Junior;Remoto;2018-11-20;3913.49;Ativo;;;
804;Tatiane Martins Rodrigues;F;41;Florianopolis;SC;6;Pleno de Customer Success;Pleno;Presencial;2024-04-30;8643.69;Ativo;;;
805;Rafael Alves Alves;M;24;Sao Paulo;SP;6;Senior de Customer Success;Senior;Hibrido;2018-06-15;11861.8;Ativo;;;
806;Pedro Almeida Santos;M;29;Recife;PE;1;Junior de Engenharia de Software;Junior;Remoto;2022-03-20;4380.29;Ativo;;;
807;Guilherme Ribeiro Almeida;M;23;Florianopolis;SC;4;Junior de Comercial;Junior;Hibrido;2023-05-07;4351.74;Ativo;;;
808;Camila Dias Silva;F;35;Curitiba;PR;2;Especialista de Dados & Analytics;Especialista;Hibrido;2023-09-25;16421.43;Ativo;;;
809;Debora Barbosa Almeida;F;19;Belo Horizonte;MG;1;Junior de Engenharia de Software;Junior;Hibrido;2018-04-22;5233.58;Ativo;;;
810;Luciana Fernandes Ribeiro;F;35;Recife;PE;1;Coordenador de Engenharia de Software;Coordenador;Hibrido;2022-11-21;14053.84;Ativo;;;
811;Guilherme Andrade Nascimento;M;35;Rio de Janeiro;RJ;5;Estagiario de Marketing;Estagiario;Remoto;2019-12-14;2307.18;Ativo;;;
812;Maria Martins Santos;F;19;Belo Horizonte;MG;4;Senior de Comercial;Senior;Hibrido;2022-06-04;13153.84;Ativo;;;
813;Felipe Rocha Pereira;M;38;Campinas;SP;2;Junior de Dados & Analytics;Junior;Hibrido;2019-03-27;4631.64;Ativo;;;
814;Guilherme Rocha Carvalho;M;41;Florianopolis;SC;2;Junior de Dados & Analytics;Junior;Remoto;2022-02-15;4375.86;Ativo;;;
815;Joao Lopes Rodrigues;M;43;Campinas;SP;5;Pleno de Marketing;Pleno;Remoto;2020-11-25;6854.33;Ativo;;;
816;Ricardo Silva Pereira;M;24;Porto Alegre;RS;4;Especialista de Comercial;Especialista;Remoto;2021-03-25;15700.75;Desligado;2024-03-13;Voluntario;Continuidade dos estudos
817;Patricia Carvalho Martins;F;36;Recife;PE;12;Gerente de Administrativo;Gerente;Remoto;2020-02-26;21562.53;Ativo;;;
818;Patricia Alves Almeida;F;41;Porto Alegre;RS;12;Junior de Administrativo;Junior;Presencial;2020-11-29;4405.13;Ativo;;;
819;Luciana Souza Silva;F;23;Florianopolis;SC;3;Senior de Produto;Senior;Remoto;2022-01-05;9983.26;Ativo;;;
820;Natalia Rocha Barbosa;F;34;Brasilia;DF;7;Junior de Suporte Tecnico;Junior;Remoto;2022-09-24;4689.1;Ativo;;;
821;Carolina Dias Souza;F;19;Fortaleza;CE;3;Junior de Produto;Junior;Hibrido;2024-08-20;3734.21;Ativo;;;
822;Thiago Lima Rocha;M;27;Recife;PE;4;Junior de Comercial;Junior;Hibrido;2022-06-25;4544.77;Ativo;;;
823;Patricia Rocha Nascimento;F;30;Campinas;SP;5;Junior de Marketing;Junior;Hibrido;2023-12-06;4872.74;Desligado;2024-03-19;Aposentadoria;Aposentadoria
824;Amanda Rodrigues Soares;F;21;Curitiba;PR;2;Pleno de Dados & Analytics;Pleno;Hibrido;2021-10-01;6920.68;Ativo;;;
825;Ricardo Martins Dias;M;23;Recife;PE;6;Coordenador de Customer Success;Coordenador;Hibrido;2021-03-03;14938.23;Ativo;;;
826;Joao Rocha Lopes;M;37;Porto Alegre;RS;3;Pleno de Produto;Pleno;Remoto;2018-01-09;7759.74;Ativo;;;
827;Vanessa Martins Martins;F;23;Goiania;GO;8;Pleno de Operacoes;Pleno;Remoto;2020-07-17;8814.08;Ativo;;;
828;Fernando Nascimento Vieira;M;20;Curitiba;PR;3;Pleno de Produto;Pleno;Hibrido;2022-06-18;6785.28;Ativo;;;
829;Beatriz Dias Fernandes;F;26;Campinas;SP;6;Coordenador de Customer Success;Coordenador;Remoto;2023-08-13;13081.74;Ativo;;;
830;Bruna Soares Gomes;F;40;Belo Horizonte;MG;11;Junior de Juridico;Junior;Hibrido;2018-10-08;3669.29;Ativo;;;
831;Rodrigo Souza Lopes;M;23;Belo Horizonte;MG;9;Pleno de Recursos Humanos;Pleno;Remoto;2023-08-10;9210.99;Desligado;2024-04-01;Involuntario;Reducao de quadro
832;Natalia Ferreira Dias;F;34;Recife;PE;10;Especialista de Financeiro;Especialista;Hibrido;2024-01-13;15016.96;Ativo;;;
833;Felipe Ribeiro Pereira;M;24;Goiania;GO;4;Senior de Comercial;Senior;Hibrido;2018-03-26;11432.93;Ativo;;;
834;Vanessa Costa Ribeiro;F;32;Porto Alegre;RS;11;Pleno de Juridico;Pleno;Hibrido;2018-05-07;6959.19;Ativo;;;
835;Priscila Souza Lopes;F;19;Sao Paulo;SP;4;Pleno de Comercial;Pleno;Hibrido;2020-10-08;8182.69;Ativo;;;
836;Vinicius Alves Soares;M;30;Rio de Janeiro;RJ;3;Junior de Produto;Junior;Remoto;2024-07-29;4262.53;Ativo;;;
837;Tatiane Gomes Carvalho;F;27;Sao Paulo;SP;12;Senior de Administrativo;Senior;Hibrido;2021-12-21;13799.6;Ativo;;;
838;Matheus Alves Costa;M;31;Salvador;BA;5;Junior de Marketing;Junior;Remoto;2021-09-10;4119.14;Ativo;;;
839;Fernanda Costa Nascimento;F;28;Belo Horizonte;MG;8;Pleno de Operacoes;Pleno;Remoto;2023-05-04;6978.58;Ativo;;;
840;Vinicius Costa Rocha;M;27;Belo Horizonte;MG;5;Pleno de Marketing;Pleno;Remoto;2022-07-28;9445.64;Ativo;;;
841;Ana Silva Almeida;F;41;Porto Alegre;RS;5;Pleno de Marketing;Pleno;Hibrido;2018-07-11;6721.51;Ativo;;;
842;Rafael Vieira Ferreira;M;20;Fortaleza;CE;12;Junior de Administrativo;Junior;Hibrido;2018-09-20;4990.27;Ativo;;;
843;Matheus Barbosa Carvalho;M;27;Campinas;SP;9;Especialista de Recursos Humanos;Especialista;Remoto;2022-02-02;15751.96;Ativo;;;
844;Renata Carvalho Lopes;F;25;Salvador;BA;3;Senior de Produto;Senior;Hibrido;2021-07-06;10685.85;Ativo;;;
845;Pedro Fernandes Alves;M;45;Goiania;GO;4;Coordenador de Comercial;Coordenador;Remoto;2024-09-01;15085.93;Desligado;2024-12-31;Involuntario;Baixo desempenho
846;Tatiane Alves Silva;F;32;Campinas;SP;3;Senior de Produto;Senior;Hibrido;2023-01-23;13417.05;Ativo;;;
847;Felipe Pereira Nascimento;M;23;Recife;PE;2;Pleno de Dados & Analytics;Pleno;Hibrido;2019-03-24;6464.04;Ativo;;;
848;Fernanda Souza Martins;F;36;Florianopolis;SC;10;Coordenador de Financeiro;Coordenador;Remoto;2021-01-01;13801.15;Ativo;;;
849;Larissa Oliveira Santos;F;28;Porto Alegre;RS;2;Senior de Dados & Analytics;Senior;Hibrido;2024-06-21;11097.65;Ativo;;;
850;Priscila Andrade Soares;F;36;Brasilia;DF;1;Especialista de Engenharia de Software;Especialista;Remoto;2019-10-22;16804.18;Desligado;2024-08-12;Voluntario;Continuidade dos estudos
851;Vanessa Dias Rodrigues;F;38;Recife;PE;7;Junior de Suporte Tecnico;Junior;Hibrido;2023-06-24;4563.94;Ativo;;;
852;Bruna Alves Ferreira;F;19;Salvador;BA;7;Senior de Suporte Tecnico;Senior;Hibrido;2021-03-27;11999.25;Desligado;2024-03-28;Voluntario;Nova oportunidade de mercado
853;Felipe Andrade Rodrigues;M;29;Curitiba;PR;6;Senior de Customer Success;Senior;Presencial;2021-01-20;14771.48;Ativo;;;
854;Fernando Soares Ferreira;M;36;Rio de Janeiro;RJ;2;Pleno de Dados & Analytics;Pleno;Remoto;2022-10-13;7962.49;Ativo;;;
855;Ana Martins Rocha;F;25;Porto Alegre;RS;1;Especialista de Engenharia de Software;Especialista;Hibrido;2024-05-10;16619.85;Ativo;;;
856;Ricardo Santos Dias;M;32;Rio de Janeiro;RJ;4;Junior de Comercial;Junior;Hibrido;2020-03-27;4974.63;Ativo;;;
857;Pedro Nascimento Souza;M;35;Salvador;BA;12;Pleno de Administrativo;Pleno;Presencial;2024-05-01;8465.35;Ativo;;;
858;Renata Souza Fernandes;F;49;Porto Alegre;RS;8;Junior de Operacoes;Junior;Remoto;2018-02-19;3812.75;Desligado;2024-11-04;Involuntario;Reestruturacao da area
859;Bruno Nascimento Dias;M;27;Campinas;SP;9;Pleno de Recursos Humanos;Pleno;Remoto;2021-01-25;7477.54;Ativo;;;
860;Rodrigo Carvalho Dias;M;30;Rio de Janeiro;RJ;7;Especialista de Suporte Tecnico;Especialista;Hibrido;2018-12-25;15807.22;Desligado;2024-07-13;Voluntario;Continuidade dos estudos
861;Daniela Barbosa Nascimento;F;42;Belo Horizonte;MG;2;Coordenador de Dados & Analytics;Coordenador;Presencial;2018-01-12;12226.71;Ativo;;;
862;Camila Soares Andrade;F;19;Brasilia;DF;11;Junior de Juridico;Junior;Hibrido;2024-04-02;3713.02;Ativo;;;
863;Rodrigo Souza Souza;M;29;Fortaleza;CE;9;Especialista de Recursos Humanos;Especialista;Hibrido;2022-11-17;18493.55;Ativo;;;
864;Ricardo Alves Lima;M;33;Florianopolis;SC;1;Pleno de Engenharia de Software;Pleno;Remoto;2021-10-05;7185.38;Ativo;;;
865;Diego Nascimento Carvalho;M;21;Porto Alegre;RS;1;Junior de Engenharia de Software;Junior;Presencial;2023-08-04;4292.05;Ativo;;;
866;Pedro Fernandes Lopes;M;33;Curitiba;PR;5;Senior de Marketing;Senior;Hibrido;2021-11-26;11903.93;Ativo;;;
867;Aline Pereira Silva;F;34;Sao Paulo;SP;5;Junior de Marketing;Junior;Hibrido;2019-01-12;4427.56;Ativo;;;
868;Gabriel Vieira Dias;M;41;Fortaleza;CE;9;Pleno de Recursos Humanos;Pleno;Hibrido;2019-05-24;7938.22;Ativo;;;
869;Lucas Soares Oliveira;M;20;Goiania;GO;8;Junior de Operacoes;Junior;Remoto;2022-07-23;5246.07;Ativo;;;
870;Guilherme Rocha Pereira;M;29;Fortaleza;CE;7;Pleno de Suporte Tecnico;Pleno;Presencial;2023-05-07;9388.8;Ativo;;;
871;Patricia Almeida Santos;F;36;Rio de Janeiro;RJ;5;Pleno de Marketing;Pleno;Presencial;2020-04-07;8082.39;Ativo;;;
872;Pedro Gomes Ribeiro;M;34;Campinas;SP;9;Junior de Recursos Humanos;Junior;Hibrido;2023-04-11;3728.1;Ativo;;;
873;Vanessa Andrade Souza;F;35;Rio de Janeiro;RJ;7;Junior de Suporte Tecnico;Junior;Hibrido;2021-05-15;4003.33;Desligado;2024-09-02;Voluntario;Nova oportunidade de mercado
874;Matheus Dias Rocha;M;32;Belo Horizonte;MG;5;Junior de Marketing;Junior;Remoto;2020-08-09;5106.19;Desligado;2024-06-12;Voluntario;Mudanca de carreira
875;Priscila Barbosa Lima;F;40;Goiania;GO;11;Pleno de Juridico;Pleno;Remoto;2024-05-21;7530.84;Ativo;;;
876;Diego Costa Ferreira;M;21;Rio de Janeiro;RJ;3;Pleno de Produto;Pleno;Hibrido;2023-07-28;7089.17;Ativo;;;
877;Renata Almeida Lima;F;39;Salvador;BA;3;Pleno de Produto;Pleno;Remoto;2021-07-09;6814.08;Ativo;;;
878;Vanessa Rocha Ferreira;F;23;Rio de Janeiro;RJ;12;Junior de Administrativo;Junior;Hibrido;2021-05-10;3646.72;Ativo;;;
879;Pedro Ferreira Souza;M;19;Salvador;BA;11;Junior de Juridico;Junior;Hibrido;2022-03-08;3635.11;Ativo;;;
880;Luciana Dias Almeida;F;30;Belo Horizonte;MG;10;Pleno de Financeiro;Pleno;Remoto;2018-01-24;6288.03;Ativo;;;
881;Bruna Barbosa Silva;F;23;Campinas;SP;2;Junior de Dados & Analytics;Junior;Remoto;2021-02-01;4373.56;Desligado;2024-03-02;Involuntario;Reducao de quadro
882;Vinicius Lopes Souza;M;36;Salvador;BA;7;Junior de Suporte Tecnico;Junior;Remoto;2022-04-10;5269.45;Ativo;;;
883;Ana Oliveira Lima;F;23;Campinas;SP;1;Junior de Engenharia de Software;Junior;Hibrido;2020-12-15;3662.78;Ativo;;;
884;Maria Nascimento Dias;F;36;Florianopolis;SC;4;Coordenador de Comercial;Coordenador;Hibrido;2020-02-17;13234.35;Ativo;;;
885;Thiago Soares Soares;M;33;Goiania;GO;1;Junior de Engenharia de Software;Junior;Hibrido;2020-11-25;4868.42;Ativo;;;
886;Andre Dias Andrade;M;31;Curitiba;PR;1;Junior de Engenharia de Software;Junior;Remoto;2022-11-05;4045.19;Ativo;;;
887;Bruna Dias Dias;F;35;Campinas;SP;9;Pleno de Recursos Humanos;Pleno;Hibrido;2023-08-13;8316.71;Ativo;;;
888;Fernanda Fernandes Barbosa;F;25;Sao Paulo;SP;4;Junior de Comercial;Junior;Hibrido;2023-08-11;4574.24;Ativo;;;
889;Rafael Soares Lopes;M;31;Fortaleza;CE;5;Pleno de Marketing;Pleno;Presencial;2023-11-15;8677.51;Ativo;;;
890;Lucas Lopes Costa;M;23;Curitiba;PR;2;Senior de Dados & Analytics;Senior;Hibrido;2021-10-24;10003.44;Ativo;;;
891;Patricia Santos Soares;F;34;Curitiba;PR;6;Pleno de Customer Success;Pleno;Remoto;2019-08-05;6546.91;Ativo;;;
892;Renata Pereira Oliveira;F;37;Fortaleza;CE;6;Senior de Customer Success;Senior;Hibrido;2021-11-28;10162.2;Ativo;;;
893;Luciana Almeida Oliveira;F;21;Fortaleza;CE;7;Coordenador de Suporte Tecnico;Coordenador;Hibrido;2021-12-11;15994.04;Ativo;;;
894;Aline Souza Lopes;F;20;Goiania;GO;3;Estagiario de Produto;Estagiario;Hibrido;2020-08-06;2022.81;Ativo;;;
895;Gabriel Martins Carvalho;M;24;Sao Paulo;SP;8;Gerente de Operacoes;Gerente;Hibrido;2024-01-24;24949.65;Ativo;;;
896;Lucas Barbosa Barbosa;M;25;Campinas;SP;9;Junior de Recursos Humanos;Junior;Presencial;2023-05-18;5024.46;Ativo;;;
897;Tatiane Fernandes Alves;F;26;Campinas;SP;2;Junior de Dados & Analytics;Junior;Hibrido;2019-06-21;4863.03;Ativo;;;
898;Aline Ribeiro Santos;F;27;Curitiba;PR;1;Pleno de Engenharia de Software;Pleno;Remoto;2022-01-08;7773.74;Ativo;;;
899;Aline Fernandes Barbosa;F;45;Brasilia;DF;3;Senior de Produto;Senior;Remoto;2018-02-11;14120.42;Ativo;;;
900;Bruna Nascimento Almeida;F;33;Rio de Janeiro;RJ;1;Junior de Engenharia de Software;Junior;Hibrido;2024-11-01;4093.99;Ativo;;;
901;Felipe Silva Costa;M;37;Recife;PE;1;Junior de Engenharia de Software;Junior;Hibrido;2024-08-07;3971.51;Ativo;;;
902;Natalia Soares Ribeiro;F;33;Goiania;GO;2;Senior de Dados & Analytics;Senior;Remoto;2020-01-19;12892.06;Ativo;;;
903;Pedro Ferreira Lopes;M;27;Belo Horizonte;MG;9;Pleno de Recursos Humanos;Pleno;Remoto;2022-05-29;7858.51;Ativo;;;
904;Camila Lima Barbosa;F;38;Curitiba;PR;9;Especialista de Recursos Humanos;Especialista;Presencial;2018-11-27;14710.95;Ativo;;;
905;Gabriel Martins Alves;M;29;Fortaleza;CE;7;Senior de Suporte Tecnico;Senior;Hibrido;2019-10-28;14023.32;Desligado;2024-10-06;Involuntario;Baixo desempenho
906;Camila Carvalho Santos;F;53;Campinas;SP;5;Pleno de Marketing;Pleno;Hibrido;2020-08-31;7347.55;Ativo;;;
907;Eduardo Almeida Dias;M;36;Brasilia;DF;5;Pleno de Marketing;Pleno;Remoto;2024-01-17;8892.45;Ativo;;;
908;Vinicius Silva Soares;M;33;Goiania;GO;7;Pleno de Suporte Tecnico;Pleno;Remoto;2023-02-07;9201.33;Ativo;;;
909;Gustavo Carvalho Vieira;M;44;Fortaleza;CE;6;Senior de Customer Success;Senior;Hibrido;2020-11-03;14955.6;Desligado;2024-03-15;Voluntario;Continuidade dos estudos
910;Fernando Ferreira Andrade;M;34;Belo Horizonte;MG;11;Senior de Juridico;Senior;Remoto;2019-09-17;14583.19;Ativo;;;
911;Marcelo Dias Barbosa;M;36;Brasilia;DF;10;Junior de Financeiro;Junior;Remoto;2018-05-11;3688.55;Ativo;;;
912;Tatiane Martins Carvalho;F;34;Brasilia;DF;4;Senior de Comercial;Senior;Hibrido;2021-08-09;11686.0;Ativo;;;
913;Guilherme Martins Costa;M;24;Porto Alegre;RS;5;Junior de Marketing;Junior;Presencial;2018-12-12;5171.9;Ativo;;;
914;Fernanda Rodrigues Carvalho;F;35;Brasilia;DF;9;Pleno de Recursos Humanos;Pleno;Remoto;2020-10-23;6174.94;Ativo;;;
915;Natalia Costa Nascimento;F;25;Goiania;GO;8;Junior de Operacoes;Junior;Presencial;2022-10-30;5307.49;Ativo;;;
916;Bruno Alves Barbosa;M;45;Goiania;GO;6;Pleno de Customer Success;Pleno;Hibrido;2021-03-27;6604.3;Ativo;;;
917;Bruna Dias Rodrigues;F;37;Goiania;GO;4;Pleno de Comercial;Pleno;Hibrido;2020-03-23;7807.28;Desligado;2024-02-10;Involuntario;Reducao de quadro
918;Leonardo Fernandes Nascimento;M;33;Campinas;SP;6;Senior de Customer Success;Senior;Hibrido;2023-01-18;12327.24;Ativo;;;
919;Camila Ribeiro Fernandes;F;19;Fortaleza;CE;5;Pleno de Marketing;Pleno;Hibrido;2021-03-27;6624.87;Ativo;;;
920;Natalia Gomes Carvalho;F;42;Sao Paulo;SP;1;Estagiario de Engenharia de Software;Estagiario;Remoto;2022-10-21;2072.69;Ativo;;;
921;Joao Martins Rodrigues;M;33;Sao Paulo;SP;4;Junior de Comercial;Junior;Hibrido;2019-09-09;4263.42;Ativo;;;
922;Bruno Lima Ferreira;M;45;Porto Alegre;RS;12;Pleno de Administrativo;Pleno;Remoto;2018-09-11;8626.24;Ativo;;;
923;Fernanda Santos Nascimento;F;33;Porto Alegre;RS;10;Junior de Financeiro;Junior;Hibrido;2020-08-06;5029.13;Ativo;;;
924;Gustavo Santos Ribeiro;M;32;Fortaleza;CE;5;Junior de Marketing;Junior;Remoto;2021-02-22;5208.0;Desligado;2024-06-13;Voluntario;Nova oportunidade de mercado
925;Gustavo Martins Pereira;M;32;Florianopolis;SC;4;Junior de Comercial;Junior;Presencial;2021-08-06;4168.49;Ativo;;;
926;Ana Martins Martins;F;26;Salvador;BA;2;Pleno de Dados & Analytics;Pleno;Remoto;2019-03-09;6216.28;Ativo;;;
927;Natalia Santos Silva;F;50;Goiania;GO;7;Junior de Suporte Tecnico;Junior;Hibrido;2023-03-12;4036.65;Desligado;2024-02-06;Voluntario;Mudanca de carreira
928;Ricardo Almeida Pereira;M;41;Campinas;SP;10;Estagiario de Financeiro;Estagiario;Hibrido;2018-04-09;2420.41;Ativo;;;
929;Luciana Fernandes Andrade;F;33;Brasilia;DF;5;Junior de Marketing;Junior;Hibrido;2020-09-05;5199.09;Ativo;;;
930;Bruno Gomes Almeida;M;39;Belo Horizonte;MG;3;Estagiario de Produto;Estagiario;Hibrido;2021-11-27;1887.71;Ativo;;;
931;Rafael Ferreira Andrade;M;33;Florianopolis;SC;7;Senior de Suporte Tecnico;Senior;Hibrido;2018-10-06;13249.22;Ativo;;;
932;Marcelo Santos Carvalho;M;41;Porto Alegre;RS;12;Senior de Administrativo;Senior;Presencial;2020-05-14;14852.93;Ativo;;;
933;Fernanda Ferreira Vieira;F;28;Porto Alegre;RS;9;Senior de Recursos Humanos;Senior;Presencial;2022-11-25;11277.54;Desligado;2024-01-13;Voluntario;Nova oportunidade de mercado
934;Priscila Nascimento Rodrigues;F;35;Sao Paulo;SP;10;Coordenador de Financeiro;Coordenador;Hibrido;2018-03-04;12036.77;Ativo;;;
935;Thiago Barbosa Santos;M;26;Campinas;SP;7;Estagiario de Suporte Tecnico;Estagiario;Hibrido;2024-07-20;2482.02;Ativo;;;
936;Debora Vieira Fernandes;F;32;Recife;PE;11;Senior de Juridico;Senior;Presencial;2022-06-01;10495.78;Ativo;;;
937;Thiago Soares Pereira;M;19;Belo Horizonte;MG;1;Junior de Engenharia de Software;Junior;Hibrido;2022-09-13;5268.84;Ativo;;;
938;Leonardo Ferreira Carvalho;M;39;Florianopolis;SC;5;Senior de Marketing;Senior;Remoto;2021-10-03;12008.38;Ativo;;;
939;Juliana Ribeiro Pereira;F;23;Curitiba;PR;4;Pleno de Comercial;Pleno;Hibrido;2020-07-26;7152.46;Ativo;;;
940;Aline Ribeiro Gomes;F;28;Curitiba;PR;3;Junior de Produto;Junior;Hibrido;2020-08-21;5046.3;Ativo;;;
941;Natalia Rocha Silva;F;33;Rio de Janeiro;RJ;12;Junior de Administrativo;Junior;Hibrido;2023-12-03;4212.73;Ativo;;;
942;Priscila Pereira Rocha;F;19;Brasilia;DF;5;Senior de Marketing;Senior;Remoto;2019-06-26;10204.1;Ativo;;;
943;Pedro Dias Costa;M;30;Salvador;BA;10;Estagiario de Financeiro;Estagiario;Presencial;2018-03-22;2361.52;Desligado;2024-05-05;Voluntario;Nova oportunidade de mercado
944;Patricia Fernandes Andrade;F;28;Porto Alegre;RS;8;Estagiario de Operacoes;Estagiario;Remoto;2018-09-22;1846.49;Desligado;2024-03-03;Voluntario;Nova oportunidade de mercado
945;Tatiane Soares Almeida;F;25;Fortaleza;CE;11;Senior de Juridico;Senior;Hibrido;2021-04-08;10797.1;Ativo;;;
946;Rodrigo Rocha Alves;M;36;Recife;PE;10;Pleno de Financeiro;Pleno;Hibrido;2019-03-30;6845.12;Ativo;;;
947;Gabriel Ferreira Fernandes;M;48;Florianopolis;SC;9;Pleno de Recursos Humanos;Pleno;Remoto;2023-10-06;7966.14;Ativo;;;
948;Lucas Alves Dias;M;38;Campinas;SP;1;Pleno de Engenharia de Software;Pleno;Presencial;2024-06-04;8004.64;Ativo;;;
949;Andre Souza Alves;M;31;Florianopolis;SC;10;Junior de Financeiro;Junior;Hibrido;2023-02-19;5432.64;Ativo;;;
950;Juliana Andrade Dias;F;27;Belo Horizonte;MG;10;Junior de Financeiro;Junior;Remoto;2019-03-06;5210.67;Ativo;;;
951;Eduardo Nascimento Costa;M;19;Sao Paulo;SP;9;Estagiario de Recursos Humanos;Estagiario;Hibrido;2021-12-11;2071.67;Ativo;;;
952;Lucas Santos Ferreira;M;29;Porto Alegre;RS;10;Senior de Financeiro;Senior;Hibrido;2022-10-18;14628.73;Ativo;;;
953;Fernando Pereira Lima;M;39;Salvador;BA;9;Especialista de Recursos Humanos;Especialista;Hibrido;2024-07-21;18016.04;Ativo;;;
954;Priscila Rocha Martins;F;38;Salvador;BA;5;Senior de Marketing;Senior;Remoto;2024-10-26;10527.28;Ativo;;;
955;Maria Martins Dias;F;33;Rio de Janeiro;RJ;12;Especialista de Administrativo;Especialista;Hibrido;2022-04-18;17629.3;Ativo;;;
956;Ricardo Oliveira Andrade;M;32;Brasilia;DF;9;Pleno de Recursos Humanos;Pleno;Remoto;2024-04-20;6218.49;Ativo;;;
957;Lucas Ribeiro Soares;M;28;Rio de Janeiro;RJ;7;Pleno de Suporte Tecnico;Pleno;Presencial;2024-06-11;7893.61;Ativo;;;
958;Carolina Barbosa Oliveira;F;38;Porto Alegre;RS;9;Pleno de Recursos Humanos;Pleno;Remoto;2019-12-10;8562.34;Ativo;;;
959;Renata Martins Dias;F;30;Sao Paulo;SP;7;Junior de Suporte Tecnico;Junior;Remoto;2023-12-20;4122.49;Ativo;;;
960;Larissa Fernandes Pereira;F;36;Belo Horizonte;MG;4;Senior de Comercial;Senior;Hibrido;2021-09-25;12609.94;Desligado;2024-06-06;Voluntario;Motivos pessoais/familiares
961;Fernanda Gomes Dias;F;30;Goiania;GO;12;Especialista de Administrativo;Especialista;Hibrido;2020-08-21;14784.06;Ativo;;;
962;Maria Fernandes Fernandes;F;35;Belo Horizonte;MG;10;Junior de Financeiro;Junior;Remoto;2021-03-02;3535.13;Ativo;;;
963;Pedro Silva Vieira;M;41;Brasilia;DF;5;Pleno de Marketing;Pleno;Hibrido;2020-10-18;8567.91;Ativo;;;
964;Natalia Fernandes Oliveira;F;36;Porto Alegre;RS;5;Pleno de Marketing;Pleno;Hibrido;2019-11-05;7278.92;Ativo;;;
965;Diego Alves Carvalho;M;37;Campinas;SP;8;Especialista de Operacoes;Especialista;Hibrido;2024-08-20;15756.63;Ativo;;;
966;Rafael Ferreira Pereira;M;34;Brasilia;DF;10;Pleno de Financeiro;Pleno;Hibrido;2020-04-09;8710.39;Ativo;;;
967;Amanda Souza Ferreira;F;30;Campinas;SP;4;Senior de Comercial;Senior;Remoto;2019-07-28;14520.93;Ativo;;;
968;Gustavo Almeida Rocha;M;34;Florianopolis;SC;1;Pleno de Engenharia de Software;Pleno;Remoto;2021-10-04;6229.57;Ativo;;;
969;Rodrigo Dias Oliveira;M;37;Porto Alegre;RS;10;Pleno de Financeiro;Pleno;Remoto;2019-09-25;6544.08;Ativo;;;
970;Bruno Andrade Vieira;M;20;Fortaleza;CE;11;Estagiario de Juridico;Estagiario;Presencial;2022-01-03;2487.79;Ativo;;;
971;Bruna Rodrigues Dias;F;27;Campinas;SP;8;Especialista de Operacoes;Especialista;Hibrido;2023-06-05;13202.93;Ativo;;;
972;Gabriel Gomes Barbosa;M;25;Rio de Janeiro;RJ;9;Pleno de Recursos Humanos;Pleno;Hibrido;2022-02-05;8787.21;Ativo;;;
973;Thiago Lopes Almeida;M;20;Recife;PE;5;Especialista de Marketing;Especialista;Hibrido;2021-10-15;17986.81;Desligado;2024-11-30;Voluntario;Continuidade dos estudos
974;Luciana Rodrigues Vieira;F;49;Brasilia;DF;9;Senior de Recursos Humanos;Senior;Hibrido;2024-01-16;11173.0;Desligado;2024-11-20;Voluntario;Mudanca de carreira
975;Vanessa Ferreira Silva;F;37;Recife;PE;12;Especialista de Administrativo;Especialista;Hibrido;2022-02-19;13315.93;Ativo;;;
976;Felipe Nascimento Andrade;M;44;Campinas;SP;9;Pleno de Recursos Humanos;Pleno;Hibrido;2024-08-03;6793.69;Ativo;;;
977;Patricia Ribeiro Rodrigues;F;32;Campinas;SP;10;Pleno de Financeiro;Pleno;Presencial;2020-06-25;8708.74;Ativo;;;
978;Debora Almeida Almeida;F;37;Recife;PE;5;Junior de Marketing;Junior;Remoto;2022-03-11;3710.63;Ativo;;;
979;Debora Fernandes Souza;F;33;Belo Horizonte;MG;2;Pleno de Dados & Analytics;Pleno;Hibrido;2024-02-15;6863.97;Ativo;;;
980;Guilherme Rodrigues Fernandes;M;28;Curitiba;PR;10;Estagiario de Financeiro;Estagiario;Hibrido;2020-01-23;1823.49;Ativo;;;
981;Juliana Andrade Oliveira;F;24;Sao Paulo;SP;7;Coordenador de Suporte Tecnico;Coordenador;Remoto;2021-12-28;17416.44;Ativo;;;
982;Fernando Vieira Martins;M;47;Brasilia;DF;1;Junior de Engenharia de Software;Junior;Remoto;2024-09-10;4498.53;Ativo;;;
983;Pedro Fernandes Lima;M;29;Florianopolis;SC;6;Especialista de Customer Success;Especialista;Hibrido;2018-02-09;14320.57;Desligado;2024-07-08;Voluntario;Continuidade dos estudos
984;Fernanda Ribeiro Martins;F;36;Curitiba;PR;4;Senior de Comercial;Senior;Hibrido;2022-04-21;12885.27;Desligado;2024-11-19;Voluntario;Continuidade dos estudos
985;Fernanda Almeida Soares;F;30;Florianopolis;SC;6;Estagiario de Customer Success;Estagiario;Hibrido;2022-05-14;2334.11;Desligado;2024-12-11;Voluntario;Nova oportunidade de mercado
986;Bruna Soares Silva;F;32;Campinas;SP;10;Coordenador de Financeiro;Coordenador;Presencial;2018-01-03;14965.65;Ativo;;;
987;Ricardo Dias Ferreira;M;24;Florianopolis;SC;7;Pleno de Suporte Tecnico;Pleno;Remoto;2020-11-18;6592.45;Desligado;2024-09-20;Voluntario;Insatisfacao salarial
988;Larissa Ferreira Vieira;F;24;Brasilia;DF;4;Junior de Comercial;Junior;Hibrido;2022-07-17;4331.63;Ativo;;;
989;Vinicius Ribeiro Santos;M;45;Curitiba;PR;1;Pleno de Engenharia de Software;Pleno;Remoto;2020-03-14;8367.36;Ativo;;;
990;Beatriz Oliveira Lima;F;35;Recife;PE;10;Pleno de Financeiro;Pleno;Presencial;2021-05-18;6987.5;Desligado;2024-09-15;Voluntario;Insatisfacao salarial
991;Bruno Soares Ribeiro;M;38;Salvador;BA;7;Junior de Suporte Tecnico;Junior;Hibrido;2023-04-25;4011.28;Ativo;;;
992;Priscila Santos Santos;F;32;Campinas;SP;6;Junior de Customer Success;Junior;Remoto;2024-01-23;4757.72;Ativo;;;
993;Camila Nascimento Soares;F;32;Campinas;SP;9;Especialista de Recursos Humanos;Especialista;Hibrido;2021-08-25;14811.89;Ativo;;;
994;Patricia Vieira Fernandes;F;35;Brasilia;DF;10;Pleno de Financeiro;Pleno;Hibrido;2019-09-17;6424.57;Ativo;;;
995;Marcelo Rocha Martins;M;42;Recife;PE;11;Senior de Juridico;Senior;Hibrido;2018-09-17;11872.95;Ativo;;;
996;Leonardo Lima Martins;M;20;Curitiba;PR;4;Junior de Comercial;Junior;Remoto;2024-05-16;3770.92;Ativo;;;
997;Bruna Ribeiro Lopes;F;29;Fortaleza;CE;8;Junior de Operacoes;Junior;Hibrido;2024-02-13;4094.23;Ativo;;;
998;Leonardo Rodrigues Almeida;M;22;Belo Horizonte;MG;3;Pleno de Produto;Pleno;Remoto;2020-05-23;6233.18;Ativo;;;
999;Lucas Soares Rocha;M;31;Porto Alegre;RS;3;Junior de Produto;Junior;Remoto;2023-10-22;4865.67;Ativo;;;
1000;Matheus Ferreira Ferreira;M;36;Recife;PE;12;Junior de Administrativo;Junior;Remoto;2022-11-08;4541.97;Ativo;;;
1001;Felipe Carvalho Costa;M;46;Goiania;GO;10;Pleno de Financeiro;Pleno;Hibrido;2020-08-15;8654.43;Ativo;;;
1002;Vinicius Dias Lopes;M;51;Fortaleza;CE;3;Senior de Produto;Senior;Remoto;2018-03-02;9840.24;Ativo;;;
1003;Fernando Ferreira Rocha;M;36;Salvador;BA;11;Senior de Juridico;Senior;Presencial;2020-06-20;10838.17;Ativo;;;
1004;Felipe Santos Rodrigues;M;25;Brasilia;DF;9;Coordenador de Recursos Humanos;Coordenador;Presencial;2022-11-21;16722.61;Desligado;2024-05-26;Voluntario;Continuidade dos estudos
1005;Matheus Rocha Soares;M;22;Sao Paulo;SP;5;Senior de Marketing;Senior;Hibrido;2024-03-20;13268.55;Ativo;;;
1006;Pedro Ferreira Lima;M;25;Belo Horizonte;MG;12;Junior de Administrativo;Junior;Remoto;2019-10-15;3726.44;Ativo;;;
1007;Daniela Vieira Rocha;F;31;Sao Paulo;SP;6;Junior de Customer Success;Junior;Hibrido;2018-03-10;3645.11;Ativo;;;
1008;Juliana Alves Almeida;F;35;Brasilia;DF;1;Senior de Engenharia de Software;Senior;Hibrido;2022-02-14;14539.49;Ativo;;;
1009;Debora Ferreira Pereira;F;30;Salvador;BA;1;Pleno de Engenharia de Software;Pleno;Remoto;2021-09-25;6618.66;Ativo;;;
1010;Fernando Ferreira Barbosa;M;34;Campinas;SP;6;Especialista de Customer Success;Especialista;Remoto;2023-04-25;14468.86;Ativo;;;
1011;Larissa Andrade Dias;F;36;Recife;PE;4;Junior de Comercial;Junior;Hibrido;2022-07-08;5322.54;Ativo;;;
1012;Daniela Vieira Oliveira;F;19;Curitiba;PR;3;Senior de Produto;Senior;Remoto;2021-04-11;14812.73;Ativo;;;
1013;Renata Rodrigues Souza;F;39;Sao Paulo;SP;12;Pleno de Administrativo;Pleno;Hibrido;2022-05-07;8205.92;Ativo;;;
1014;Leonardo Soares Dias;M;27;Salvador;BA;12;Estagiario de Administrativo;Estagiario;Remoto;2020-03-10;2366.47;Desligado;2024-06-25;Voluntario;Insatisfacao salarial
1015;Rafael Lopes Barbosa;M;19;Brasilia;DF;8;Junior de Operacoes;Junior;Hibrido;2020-12-01;4105.42;Desligado;2024-12-08;Voluntario;Nova oportunidade de mercado
1016;Lucas Lopes Dias;M;22;Belo Horizonte;MG;8;Senior de Operacoes;Senior;Remoto;2018-10-15;13510.8;Ativo;;;
1017;Andre Soares Carvalho;M;21;Recife;PE;1;Senior de Engenharia de Software;Senior;Hibrido;2021-07-15;12455.47;Ativo;;;
1018;Leonardo Carvalho Pereira;M;19;Fortaleza;CE;4;Senior de Comercial;Senior;Remoto;2023-10-03;11260.69;Ativo;;;
1019;Bruna Vieira Andrade;F;40;Goiania;GO;12;Junior de Administrativo;Junior;Hibrido;2020-06-08;5240.81;Ativo;;;
1020;Andre Rodrigues Lima;M;39;Fortaleza;CE;9;Junior de Recursos Humanos;Junior;Hibrido;2020-03-06;4015.74;Ativo;;;
1021;Lucas Gomes Barbosa;M;37;Florianopolis;SC;2;Junior de Dados & Analytics;Junior;Remoto;2018-09-07;4478.66;Desligado;2024-02-26;Involuntario;Reestruturacao da area
1022;Amanda Silva Nascimento;F;19;Goiania;GO;11;Pleno de Juridico;Pleno;Hibrido;2024-08-13;8456.49;Desligado;2024-11-17;Involuntario;Baixo desempenho
1023;Leonardo Silva Martins;M;24;Campinas;SP;2;Gerente de Dados & Analytics;Gerente;Presencial;2022-02-20;24451.03;Ativo;;;
1024;Thiago Carvalho Ribeiro;M;32;Rio de Janeiro;RJ;2;Especialista de Dados & Analytics;Especialista;Presencial;2024-06-29;18571.64;Ativo;;;
1025;Andre Rocha Vieira;M;22;Porto Alegre;RS;10;Pleno de Financeiro;Pleno;Hibrido;2023-12-01;9484.42;Ativo;;;
1026;Natalia Carvalho Vieira;F;32;Recife;PE;5;Pleno de Marketing;Pleno;Hibrido;2023-09-25;8899.13;Ativo;;;
1027;Renata Alves Carvalho;F;32;Florianopolis;SC;9;Junior de Recursos Humanos;Junior;Presencial;2018-03-11;3963.03;Ativo;;;
1028;Larissa Ribeiro Fernandes;F;19;Florianopolis;SC;4;Senior de Comercial;Senior;Hibrido;2020-08-02;9721.36;Desligado;2024-01-27;Voluntario;Motivos pessoais/familiares
1029;Carolina Vieira Ribeiro;F;45;Goiania;GO;9;Pleno de Recursos Humanos;Pleno;Remoto;2022-05-27;9124.91;Ativo;;;
1030;Fernanda Dias Souza;F;34;Goiania;GO;1;Senior de Engenharia de Software;Senior;Hibrido;2023-08-07;9702.37;Ativo;;;
1031;Eduardo Nascimento Ferreira;M;39;Rio de Janeiro;RJ;5;Junior de Marketing;Junior;Hibrido;2024-08-24;3981.02;Ativo;;;
1032;Leonardo Martins Costa;M;29;Florianopolis;SC;9;Senior de Recursos Humanos;Senior;Remoto;2022-12-25;13224.38;Ativo;;;
1033;Rafael Martins Rocha;M;35;Sao Paulo;SP;4;Senior de Comercial;Senior;Remoto;2022-07-24;14736.32;Ativo;;;
1034;Matheus Lopes Barbosa;M;37;Salvador;BA;1;Junior de Engenharia de Software;Junior;Hibrido;2018-08-30;5140.44;Ativo;;;
1035;Lucas Lima Pereira;M;28;Recife;PE;12;Senior de Administrativo;Senior;Hibrido;2020-02-07;13047.95;Desligado;2024-10-31;Voluntario;Nova oportunidade de mercado
1036;Marcelo Martins Barbosa;M;19;Campinas;SP;2;Especialista de Dados & Analytics;Especialista;Hibrido;2019-10-24;16561.1;Ativo;;;
1037;Daniela Santos Ferreira;F;25;Campinas;SP;6;Coordenador de Customer Success;Coordenador;Presencial;2021-09-21;13183.73;Ativo;;;
1038;Priscila Silva Alves;F;43;Campinas;SP;1;Pleno de Engenharia de Software;Pleno;Hibrido;2019-03-08;8199.64;Ativo;;;
1039;Amanda Santos Barbosa;F;23;Florianopolis;SC;9;Especialista de Recursos Humanos;Especialista;Remoto;2024-08-12;15979.74;Ativo;;;
1040;Ricardo Ferreira Dias;M;20;Sao Paulo;SP;3;Junior de Produto;Junior;Remoto;2024-09-12;4980.61;Ativo;;;
1041;Beatriz Rocha Silva;F;36;Belo Horizonte;MG;1;Junior de Engenharia de Software;Junior;Hibrido;2020-11-23;5110.56;Ativo;;;
1042;Guilherme Martins Ribeiro;M;30;Campinas;SP;10;Senior de Financeiro;Senior;Hibrido;2024-01-06;10653.56;Ativo;;;
1043;Renata Vieira Alves;F;26;Florianopolis;SC;8;Pleno de Operacoes;Pleno;Hibrido;2024-06-12;9098.49;Ativo;;;
1044;Lucas Oliveira Fernandes;M;42;Porto Alegre;RS;11;Pleno de Juridico;Pleno;Presencial;2020-12-31;7649.79;Ativo;;;
1045;Bruna Lima Pereira;F;31;Brasilia;DF;2;Estagiario de Dados & Analytics;Estagiario;Remoto;2019-01-17;2141.57;Ativo;;;
1046;Eduardo Martins Vieira;M;21;Sao Paulo;SP;10;Senior de Financeiro;Senior;Hibrido;2021-11-28;13649.91;Ativo;;;
1047;Larissa Carvalho Soares;F;32;Rio de Janeiro;RJ;3;Junior de Produto;Junior;Remoto;2021-02-13;4436.58;Ativo;;;
1048;Leonardo Gomes Costa;M;33;Rio de Janeiro;RJ;11;Pleno de Juridico;Pleno;Hibrido;2019-03-01;7516.12;Ativo;;;
1049;Natalia Vieira Lima;F;30;Goiania;GO;8;Especialista de Operacoes;Especialista;Remoto;2022-02-05;13808.05;Ativo;;;
1050;Renata Vieira Lopes;F;30;Curitiba;PR;6;Gerente de Customer Success;Gerente;Hibrido;2018-08-13;19559.26;Ativo;;;
1051;Priscila Dias Almeida;F;35;Brasilia;DF;4;Junior de Comercial;Junior;Remoto;2021-05-29;4262.3;Ativo;;;
1052;Vinicius Souza Lima;M;34;Rio de Janeiro;RJ;10;Junior de Financeiro;Junior;Remoto;2021-12-21;3884.26;Ativo;;;
1053;Beatriz Dias Nascimento;F;20;Curitiba;PR;10;Coordenador de Financeiro;Coordenador;Hibrido;2022-06-06;16298.87;Ativo;;;
1054;Vanessa Ribeiro Soares;F;32;Florianopolis;SC;1;Pleno de Engenharia de Software;Pleno;Hibrido;2024-10-27;7550.47;Ativo;;;
1055;Guilherme Pereira Gomes;M;19;Rio de Janeiro;RJ;10;Junior de Financeiro;Junior;Hibrido;2021-11-02;5260.74;Ativo;;;
1056;Aline Oliveira Fernandes;F;30;Belo Horizonte;MG;9;Pleno de Recursos Humanos;Pleno;Hibrido;2023-08-01;8902.9;Ativo;;;
1057;Aline Ribeiro Alves;F;27;Brasilia;DF;8;Pleno de Operacoes;Pleno;Remoto;2021-10-04;9199.73;Ativo;;;
1058;Larissa Andrade Dias;F;25;Curitiba;PR;11;Coordenador de Juridico;Coordenador;Hibrido;2024-10-16;16758.37;Ativo;;;
1059;Amanda Pereira Andrade;F;41;Curitiba;PR;11;Coordenador de Juridico;Coordenador;Hibrido;2020-02-26;15439.72;Ativo;;;
1060;Amanda Pereira Alves;F;20;Curitiba;PR;3;Pleno de Produto;Pleno;Hibrido;2021-02-28;6396.89;Ativo;;;
1061;Fernanda Souza Souza;F;26;Rio de Janeiro;RJ;7;Junior de Suporte Tecnico;Junior;Hibrido;2021-12-05;4855.23;Ativo;;;
1062;Daniela Silva Fernandes;F;27;Sao Paulo;SP;11;Senior de Juridico;Senior;Remoto;2022-07-23;14879.19;Ativo;;;
1063;Bruna Barbosa Costa;F;32;Fortaleza;CE;12;Pleno de Administrativo;Pleno;Hibrido;2022-12-09;7081.22;Ativo;;;
1064;Debora Ferreira Soares;F;34;Porto Alegre;RS;8;Coordenador de Operacoes;Coordenador;Hibrido;2021-11-09;12843.63;Ativo;;;
1065;Beatriz Vieira Rodrigues;F;35;Sao Paulo;SP;10;Junior de Financeiro;Junior;Remoto;2023-08-24;4496.65;Ativo;;;
1066;Debora Fernandes Santos;F;38;Florianopolis;SC;7;Pleno de Suporte Tecnico;Pleno;Hibrido;2020-11-02;8344.25;Ativo;;;
1067;Renata Dias Ferreira;F;37;Fortaleza;CE;5;Senior de Marketing;Senior;Hibrido;2019-06-29;14404.85;Ativo;;;
1068;Leonardo Almeida Costa;M;32;Goiania;GO;4;Junior de Comercial;Junior;Presencial;2019-06-22;4334.68;Ativo;;;
1069;Joao Dias Alves;M;25;Salvador;BA;8;Pleno de Operacoes;Pleno;Hibrido;2024-02-10;6876.17;Ativo;;;
1070;Thiago Ribeiro Barbosa;M;28;Porto Alegre;RS;2;Pleno de Dados & Analytics;Pleno;Hibrido;2018-07-10;9114.0;Ativo;;;
1071;Gustavo Lima Pereira;M;33;Porto Alegre;RS;10;Junior de Financeiro;Junior;Remoto;2023-08-05;3910.19;Ativo;;;
1072;Daniela Costa Ribeiro;F;35;Belo Horizonte;MG;7;Senior de Suporte Tecnico;Senior;Remoto;2020-03-28;10854.03;Ativo;;;
1073;Vanessa Alves Carvalho;F;38;Goiania;GO;9;Pleno de Recursos Humanos;Pleno;Hibrido;2018-11-17;6446.57;Ativo;;;
1074;Bruna Martins Lima;F;44;Fortaleza;CE;9;Junior de Recursos Humanos;Junior;Hibrido;2018-12-14;3748.85;Ativo;;;
1075;Fernando Rodrigues Vieira;M;31;Campinas;SP;8;Junior de Operacoes;Junior;Remoto;2019-09-03;5123.12;Ativo;;;
1076;Gabriel Andrade Lima;M;27;Curitiba;PR;2;Senior de Dados & Analytics;Senior;Presencial;2023-03-23;10877.2;Ativo;;;
1077;Renata Alves Rodrigues;F;37;Goiania;GO;1;Pleno de Engenharia de Software;Pleno;Hibrido;2023-06-27;8662.81;Ativo;;;
1078;Vinicius Silva Ferreira;M;29;Salvador;BA;5;Senior de Marketing;Senior;Hibrido;2018-05-10;13079.86;Ativo;;;
1079;Fernanda Rocha Soares;F;31;Florianopolis;SC;2;Junior de Dados & Analytics;Junior;Presencial;2021-03-29;3842.86;Ativo;;;
1080;Debora Gomes Lima;F;20;Florianopolis;SC;4;Senior de Comercial;Senior;Presencial;2020-02-08;10049.65;Ativo;;;
1081;Marcelo Souza Nascimento;M;19;Belo Horizonte;MG;11;Estagiario de Juridico;Estagiario;Presencial;2020-02-03;2414.49;Ativo;;;
1082;Bruno Lima Lopes;M;30;Campinas;SP;12;Pleno de Administrativo;Pleno;Remoto;2018-05-13;8205.99;Ativo;;;
1083;Eduardo Andrade Costa;M;39;Porto Alegre;RS;9;Senior de Recursos Humanos;Senior;Remoto;2018-12-22;9659.72;Ativo;;;
1084;Bruna Fernandes Fernandes;F;30;Porto Alegre;RS;1;Junior de Engenharia de Software;Junior;Remoto;2023-12-31;5265.85;Ativo;;;
1085;Maria Carvalho Souza;F;24;Recife;PE;4;Junior de Comercial;Junior;Presencial;2023-12-03;5371.75;Ativo;;;
1086;Fernando Vieira Rocha;M;33;Campinas;SP;4;Junior de Comercial;Junior;Remoto;2021-01-30;4449.29;Desligado;2024-06-26;Voluntario;Continuidade dos estudos
1087;Rodrigo Ribeiro Costa;M;34;Campinas;SP;3;Pleno de Produto;Pleno;Hibrido;2019-11-22;8133.32;Ativo;;;
1088;Priscila Oliveira Martins;F;30;Brasilia;DF;6;Pleno de Customer Success;Pleno;Hibrido;2020-03-10;8317.74;Ativo;;;
1089;Priscila Rocha Rodrigues;F;29;Belo Horizonte;MG;6;Senior de Customer Success;Senior;Presencial;2019-06-17;14179.43;Ativo;;;
1090;Vanessa Rocha Barbosa;F;33;Brasilia;DF;10;Senior de Financeiro;Senior;Hibrido;2021-04-15;11316.47;Ativo;;;
1091;Juliana Oliveira Ferreira;F;38;Recife;PE;1;Junior de Engenharia de Software;Junior;Remoto;2021-11-14;5035.5;Ativo;;;
1092;Thiago Costa Rocha;M;29;Porto Alegre;RS;6;Estagiario de Customer Success;Estagiario;Remoto;2020-03-25;1942.3;Ativo;;;
1093;Daniela Rocha Martins;F;34;Porto Alegre;RS;5;Junior de Marketing;Junior;Remoto;2024-11-17;3814.68;Ativo;;;
1094;Bruna Andrade Vieira;F;33;Florianopolis;SC;11;Junior de Juridico;Junior;Remoto;2020-10-21;5169.73;Ativo;;;
1095;Vanessa Ferreira Ferreira;F;35;Sao Paulo;SP;1;Junior de Engenharia de Software;Junior;Hibrido;2021-12-29;4415.63;Ativo;;;
1096;Felipe Dias Lima;M;31;Goiania;GO;7;Coordenador de Suporte Tecnico;Coordenador;Hibrido;2020-04-04;14174.78;Ativo;;;
1097;Bruno Ferreira Martins;M;38;Rio de Janeiro;RJ;7;Coordenador de Suporte Tecnico;Coordenador;Hibrido;2018-07-06;13904.5;Ativo;;;
1098;Lucas Lopes Fernandes;M;20;Sao Paulo;SP;7;Pleno de Suporte Tecnico;Pleno;Hibrido;2024-08-30;8277.01;Ativo;;;
1099;Marcelo Soares Oliveira;M;43;Rio de Janeiro;RJ;6;Junior de Customer Success;Junior;Presencial;2019-07-06;5071.2;Ativo;;;
1100;Daniela Rodrigues Oliveira;F;19;Campinas;SP;3;Pleno de Produto;Pleno;Presencial;2018-06-20;9259.29;Ativo;;;
1101;Carolina Pereira Pereira;F;26;Goiania;GO;7;Pleno de Suporte Tecnico;Pleno;Remoto;2020-07-22;7697.89;Desligado;2024-11-18;Aposentadoria;Aposentadoria
1102;Priscila Rocha Rodrigues;F;35;Belo Horizonte;MG;5;Pleno de Marketing;Pleno;Remoto;2023-10-09;8447.18;Desligado;2024-04-07;Voluntario;Continuidade dos estudos
1103;Joao Santos Dias;M;33;Recife;PE;10;Junior de Financeiro;Junior;Remoto;2021-02-11;5448.35;Desligado;2024-09-01;Voluntario;Mudanca de carreira
1104;Priscila Fernandes Lima;F;28;Florianopolis;SC;5;Pleno de Marketing;Pleno;Remoto;2024-10-28;8358.09;Ativo;;;
1105;Fernanda Nascimento Fernandes;F;38;Belo Horizonte;MG;6;Senior de Customer Success;Senior;Remoto;2019-05-22;13461.78;Ativo;;;
1106;Luciana Carvalho Soares;F;25;Campinas;SP;7;Pleno de Suporte Tecnico;Pleno;Remoto;2020-03-17;8211.61;Desligado;2024-07-20;Voluntario;Continuidade dos estudos
1107;Bruna Lopes Fernandes;F;28;Curitiba;PR;5;Coordenador de Marketing;Coordenador;Remoto;2019-12-20;13503.43;Ativo;;;
1108;Eduardo Gomes Ribeiro;M;22;Salvador;BA;9;Pleno de Recursos Humanos;Pleno;Hibrido;2020-03-24;7689.86;Ativo;;;
1109;Fernanda Gomes Silva;F;36;Sao Paulo;SP;10;Pleno de Financeiro;Pleno;Hibrido;2018-06-02;8536.48;Ativo;;;
1110;Diego Gomes Lopes;M;25;Florianopolis;SC;11;Estagiario de Juridico;Estagiario;Presencial;2024-07-25;2028.03;Desligado;2024-09-27;Aposentadoria;Aposentadoria
1111;Debora Gomes Silva;F;51;Salvador;BA;3;Pleno de Produto;Pleno;Remoto;2022-06-01;7028.31;Ativo;;;
1112;Daniela Pereira Silva;F;30;Florianopolis;SC;10;Junior de Financeiro;Junior;Hibrido;2023-02-02;4517.16;Ativo;;;
1113;Amanda Carvalho Fernandes;F;22;Salvador;BA;3;Especialista de Produto;Especialista;Remoto;2020-06-22;16241.96;Ativo;;;
1114;Beatriz Ferreira Nascimento;F;35;Goiania;GO;11;Senior de Juridico;Senior;Remoto;2020-08-15;14143.83;Ativo;;;
1115;Renata Pereira Lima;F;27;Rio de Janeiro;RJ;11;Senior de Juridico;Senior;Presencial;2023-08-24;11095.28;Ativo;;;
1116;Beatriz Soares Barbosa;F;25;Goiania;GO;7;Gerente de Suporte Tecnico;Gerente;Presencial;2023-06-15;26541.96;Ativo;;;
1117;Carolina Rocha Andrade;F;27;Florianopolis;SC;1;Senior de Engenharia de Software;Senior;Remoto;2022-06-14;13603.51;Ativo;;;
1118;Vanessa Alves Oliveira;F;27;Belo Horizonte;MG;4;Pleno de Comercial;Pleno;Presencial;2024-03-14;8816.58;Ativo;;;
1119;Rodrigo Souza Rocha;M;32;Fortaleza;CE;9;Junior de Recursos Humanos;Junior;Remoto;2023-01-29;5408.71;Desligado;2024-11-22;Voluntario;Continuidade dos estudos
1120;Patricia Nascimento Barbosa;F;38;Fortaleza;CE;7;Especialista de Suporte Tecnico;Especialista;Remoto;2023-12-13;15390.95;Ativo;;;
1121;Thiago Silva Rodrigues;M;19;Sao Paulo;SP;8;Senior de Operacoes;Senior;Hibrido;2018-11-24;10128.62;Ativo;;;
1122;Rafael Souza Gomes;M;33;Porto Alegre;RS;1;Senior de Engenharia de Software;Senior;Remoto;2021-04-19;10217.87;Ativo;;;
1123;Eduardo Andrade Silva;M;38;Curitiba;PR;7;Pleno de Suporte Tecnico;Pleno;Hibrido;2024-05-29;7859.89;Ativo;;;
1124;Matheus Silva Lopes;M;40;Curitiba;PR;9;Coordenador de Recursos Humanos;Coordenador;Hibrido;2018-03-07;16067.99;Ativo;;;
1125;Vanessa Gomes Lopes;F;30;Recife;PE;12;Junior de Administrativo;Junior;Hibrido;2023-05-09;3552.06;Ativo;;;
1126;Ana Costa Oliveira;F;43;Belo Horizonte;MG;6;Junior de Customer Success;Junior;Hibrido;2020-08-14;3719.25;Ativo;;;
1127;Guilherme Martins Oliveira;M;33;Florianopolis;SC;5;Pleno de Marketing;Pleno;Hibrido;2024-11-04;7844.45;Ativo;;;
1128;Larissa Alves Lima;F;41;Salvador;BA;1;Pleno de Engenharia de Software;Pleno;Hibrido;2020-01-01;8090.77;Ativo;;;
1129;Gabriel Nascimento Pereira;M;42;Salvador;BA;9;Junior de Recursos Humanos;Junior;Hibrido;2019-06-17;4318.15;Ativo;;;
1130;Beatriz Andrade Santos;F;33;Curitiba;PR;2;Junior de Dados & Analytics;Junior;Hibrido;2024-02-06;5209.67;Desligado;2024-10-03;Voluntario;Motivos pessoais/familiares
1131;Leonardo Dias Alves;M;27;Fortaleza;CE;5;Junior de Marketing;Junior;Remoto;2024-05-18;5018.18;Ativo;;;
1132;Carolina Costa Ferreira;F;42;Campinas;SP;1;Senior de Engenharia de Software;Senior;Remoto;2021-04-05;14547.88;Ativo;;;
1133;Gustavo Soares Souza;M;28;Porto Alegre;RS;2;Especialista de Dados & Analytics;Especialista;Remoto;2019-11-05;18021.42;Ativo;;;
1134;Carolina Alves Ribeiro;F;33;Sao Paulo;SP;5;Pleno de Marketing;Pleno;Hibrido;2018-09-02;6876.75;Ativo;;;
1135;Gabriel Pereira Rocha;M;36;Salvador;BA;8;Senior de Operacoes;Senior;Hibrido;2024-01-29;11375.9;Ativo;;;
1136;Maria Ferreira Lima;F;33;Brasilia;DF;1;Junior de Engenharia de Software;Junior;Hibrido;2019-11-29;3744.47;Ativo;;;
1137;Marcelo Pereira Silva;M;19;Sao Paulo;SP;10;Senior de Financeiro;Senior;Presencial;2018-06-13;13421.27;Ativo;;;
1138;Daniela Rodrigues Ribeiro;F;20;Rio de Janeiro;RJ;1;Pleno de Engenharia de Software;Pleno;Hibrido;2023-01-20;6903.15;Ativo;;;
1139;Rafael Lopes Oliveira;M;24;Campinas;SP;8;Pleno de Operacoes;Pleno;Hibrido;2020-01-24;8114.84;Desligado;2024-01-12;Voluntario;Continuidade dos estudos
1140;Ana Santos Ribeiro;F;31;Campinas;SP;6;Especialista de Customer Success;Especialista;Hibrido;2021-06-02;15750.81;Desligado;2024-12-25;Voluntario;Insatisfacao salarial
1141;Matheus Lopes Pereira;M;34;Recife;PE;1;Pleno de Engenharia de Software;Pleno;Hibrido;2018-01-25;9176.71;Desligado;2024-03-22;Voluntario;Continuidade dos estudos
1142;Priscila Andrade Alves;F;20;Sao Paulo;SP;3;Junior de Produto;Junior;Hibrido;2021-11-20;3826.91;Ativo;;;
1143;Bruna Andrade Rodrigues;F;44;Porto Alegre;RS;12;Pleno de Administrativo;Pleno;Hibrido;2018-12-27;8190.29;Desligado;2024-08-16;Voluntario;Nova oportunidade de mercado
1144;Priscila Fernandes Gomes;F;31;Florianopolis;SC;10;Senior de Financeiro;Senior;Hibrido;2021-12-24;11745.06;Ativo;;;
1145;Amanda Vieira Ferreira;F;34;Florianopolis;SC;12;Estagiario de Administrativo;Estagiario;Hibrido;2019-12-30;2492.33;Ativo;;;
1146;Aline Andrade Almeida;F;33;Porto Alegre;RS;6;Senior de Customer Success;Senior;Remoto;2020-04-30;13582.22;Desligado;2024-04-12;Voluntario;Continuidade dos estudos
1147;Lucas Soares Rodrigues;M;29;Fortaleza;CE;10;Senior de Financeiro;Senior;Hibrido;2019-07-14;11842.85;Ativo;;;
1148;Patricia Fernandes Ribeiro;F;27;Fortaleza;CE;10;Estagiario de Financeiro;Estagiario;Presencial;2020-01-11;2081.89;Ativo;;;
1149;Leonardo Martins Andrade;M;33;Belo Horizonte;MG;3;Junior de Produto;Junior;Hibrido;2023-02-23;5460.0;Ativo;;;
1150;Ricardo Ribeiro Barbosa;M;27;Curitiba;PR;7;Pleno de Suporte Tecnico;Pleno;Remoto;2024-09-03;9116.09;Ativo;;;
1151;Juliana Dias Fernandes;F;37;Salvador;BA;7;Pleno de Suporte Tecnico;Pleno;Hibrido;2021-10-07;9464.73;Ativo;;;
1152;Leonardo Dias Lopes;M;25;Florianopolis;SC;5;Senior de Marketing;Senior;Hibrido;2024-01-21;13601.63;Ativo;;;
1153;Ricardo Gomes Costa;M;34;Salvador;BA;10;Junior de Financeiro;Junior;Hibrido;2023-02-03;4624.03;Desligado;2024-04-04;Voluntario;Mudanca de carreira
1154;Gabriel Soares Dias;M;29;Rio de Janeiro;RJ;3;Estagiario de Produto;Estagiario;Hibrido;2019-03-17;2307.5;Ativo;;;
1155;Matheus Ferreira Santos;M;39;Curitiba;PR;6;Junior de Customer Success;Junior;Hibrido;2019-07-02;4722.5;Desligado;2024-08-14;Involuntario;Baixo desempenho
1156;Amanda Souza Santos;F;28;Brasilia;DF;7;Junior de Suporte Tecnico;Junior;Presencial;2023-03-26;3986.89;Ativo;;;
1157;Debora Soares Barbosa;F;39;Goiania;GO;9;Pleno de Recursos Humanos;Pleno;Hibrido;2023-11-24;7367.24;Ativo;;;
1158;Ana Ribeiro Pereira;F;33;Brasilia;DF;9;Senior de Recursos Humanos;Senior;Hibrido;2022-07-14;12582.68;Ativo;;;
1159;Joao Alves Rocha;M;19;Fortaleza;CE;10;Pleno de Financeiro;Pleno;Remoto;2024-02-23;7773.49;Ativo;;;
1160;Eduardo Rocha Santos;M;27;Recife;PE;8;Pleno de Operacoes;Pleno;Remoto;2024-07-13;7510.44;Desligado;2024-12-31;Voluntario;Motivos pessoais/familiares
1161;Ana Barbosa Lima;F;25;Florianopolis;SC;4;Pleno de Comercial;Pleno;Hibrido;2018-06-19;7538.75;Desligado;2024-03-13;Voluntario;Nova oportunidade de mercado
1162;Rodrigo Oliveira Alves;M;31;Florianopolis;SC;1;Pleno de Engenharia de Software;Pleno;Remoto;2023-11-20;6176.27;Ativo;;;
1163;Gabriel Andrade Pereira;M;21;Florianopolis;SC;11;Junior de Juridico;Junior;Hibrido;2024-04-15;4867.53;Ativo;;;
1164;Amanda Alves Soares;F;47;Campinas;SP;12;Pleno de Administrativo;Pleno;Hibrido;2022-01-13;6520.41;Ativo;;;
1165;Fernando Rocha Ferreira;M;27;Florianopolis;SC;11;Pleno de Juridico;Pleno;Hibrido;2024-02-29;7908.61;Ativo;;;
1166;Camila Rocha Vieira;F;29;Recife;PE;3;Junior de Produto;Junior;Hibrido;2024-07-15;4534.1;Ativo;;;
1167;Vanessa Souza Ferreira;F;29;Belo Horizonte;MG;5;Coordenador de Marketing;Coordenador;Remoto;2021-06-19;14713.89;Ativo;;;
1168;Tatiane Costa Dias;F;34;Belo Horizonte;MG;2;Senior de Dados & Analytics;Senior;Hibrido;2020-11-05;9752.56;Ativo;;;
1169;Bruna Costa Fernandes;F;28;Recife;PE;10;Senior de Financeiro;Senior;Remoto;2024-06-11;11405.12;Ativo;;;
1170;Vanessa Rocha Carvalho;F;43;Goiania;GO;1;Senior de Engenharia de Software;Senior;Remoto;2022-05-18;13327.28;Ativo;;;
1171;Daniela Pereira Vieira;F;26;Florianopolis;SC;7;Pleno de Suporte Tecnico;Pleno;Remoto;2020-09-01;7454.19;Ativo;;;
1172;Marcelo Fernandes Andrade;M;34;Porto Alegre;RS;9;Especialista de Recursos Humanos;Especialista;Hibrido;2019-05-05;13217.11;Ativo;;;
1173;Priscila Almeida Martins;F;43;Sao Paulo;SP;8;Junior de Operacoes;Junior;Hibrido;2022-11-20;3895.16;Ativo;;;
1174;Rodrigo Barbosa Silva;M;28;Florianopolis;SC;6;Pleno de Customer Success;Pleno;Remoto;2020-08-26;7224.75;Desligado;2024-09-24;Involuntario;Baixo desempenho
1175;Maria Gomes Pereira;F;26;Curitiba;PR;3;Pleno de Produto;Pleno;Hibrido;2020-02-25;9116.63;Ativo;;;
1176;Maria Nascimento Lima;F;40;Florianopolis;SC;5;Pleno de Marketing;Pleno;Presencial;2020-08-11;8624.57;Ativo;;;
1177;Gabriel Santos Almeida;M;23;Recife;PE;9;Estagiario de Recursos Humanos;Estagiario;Presencial;2019-08-24;2334.48;Ativo;;;
1178;Matheus Lima Ribeiro;M;29;Brasilia;DF;1;Pleno de Engenharia de Software;Pleno;Remoto;2018-12-12;8235.0;Ativo;;;
1179;Felipe Lima Gomes;M;23;Rio de Janeiro;RJ;1;Senior de Engenharia de Software;Senior;Hibrido;2024-01-30;11867.16;Ativo;;;
1180;Luciana Alves Andrade;F;31;Rio de Janeiro;RJ;7;Senior de Suporte Tecnico;Senior;Hibrido;2024-09-07;12601.58;Ativo;;;
1181;Debora Ferreira Lopes;F;25;Goiania;GO;7;Pleno de Suporte Tecnico;Pleno;Remoto;2020-01-05;7553.77;Ativo;;;
1182;Ricardo Rocha Gomes;M;40;Sao Paulo;SP;1;Pleno de Engenharia de Software;Pleno;Hibrido;2018-11-20;9058.73;Desligado;2024-06-12;Voluntario;Continuidade dos estudos
1183;Juliana Santos Costa;F;39;Recife;PE;9;Senior de Recursos Humanos;Senior;Remoto;2018-04-20;10851.92;Ativo;;;
1184;Vanessa Souza Pereira;F;28;Goiania;GO;1;Senior de Engenharia de Software;Senior;Hibrido;2023-10-31;10427.86;Ativo;;;
1185;Marcelo Santos Gomes;M;31;Florianopolis;SC;1;Senior de Engenharia de Software;Senior;Remoto;2019-06-21;10325.13;Desligado;2024-08-13;Aposentadoria;Aposentadoria
1186;Thiago Fernandes Vieira;M;38;Belo Horizonte;MG;4;Senior de Comercial;Senior;Hibrido;2019-08-27;12866.26;Ativo;;;
1187;Tatiane Nascimento Pereira;F;19;Belo Horizonte;MG;10;Pleno de Financeiro;Pleno;Remoto;2018-10-09;9236.1;Ativo;;;
1188;Marcelo Almeida Barbosa;M;39;Brasilia;DF;1;Junior de Engenharia de Software;Junior;Remoto;2022-05-13;5422.56;Ativo;;;
1189;Felipe Carvalho Gomes;M;29;Salvador;BA;6;Junior de Customer Success;Junior;Hibrido;2021-08-22;5470.72;Ativo;;;
1190;Matheus Costa Oliveira;M;23;Fortaleza;CE;11;Especialista de Juridico;Especialista;Hibrido;2020-10-14;17354.07;Desligado;2024-07-05;Voluntario;Continuidade dos estudos
1191;Gustavo Martins Lima;M;35;Rio de Janeiro;RJ;12;Junior de Administrativo;Junior;Hibrido;2023-01-04;3809.62;Ativo;;;
1192;Tatiane Carvalho Nascimento;F;27;Belo Horizonte;MG;8;Pleno de Operacoes;Pleno;Remoto;2022-06-04;8983.83;Ativo;;;
1193;Vinicius Fernandes Alves;M;48;Fortaleza;CE;4;Pleno de Comercial;Pleno;Hibrido;2021-04-04;6739.39;Ativo;;;
1194;Luciana Alves Fernandes;F;35;Brasilia;DF;6;Junior de Customer Success;Junior;Presencial;2022-01-07;3598.56;Ativo;;;
1195;Felipe Oliveira Lima;M;38;Salvador;BA;7;Junior de Suporte Tecnico;Junior;Hibrido;2018-08-31;4712.25;Ativo;;;
1196;Luciana Oliveira Souza;F;30;Campinas;SP;7;Senior de Suporte Tecnico;Senior;Hibrido;2024-10-01;12213.11;Ativo;;;
1197;Vanessa Ribeiro Ribeiro;F;25;Curitiba;PR;6;Pleno de Customer Success;Pleno;Remoto;2023-10-11;6106.11;Ativo;;;
1198;Bruna Barbosa Rocha;F;29;Sao Paulo;SP;1;Senior de Engenharia de Software;Senior;Remoto;2023-06-06;12917.86;Ativo;;;
1199;Larissa Ribeiro Barbosa;F;31;Fortaleza;CE;9;Junior de Recursos Humanos;Junior;Remoto;2023-10-20;4289.92;Ativo;;;
1200;Eduardo Santos Pereira;M;41;Curitiba;PR;7;Senior de Suporte Tecnico;Senior;Presencial;2018-05-21;9938.88;Desligado;2024-07-29;Involuntario;Reducao de quadro
1201;Fernanda Andrade Oliveira;F;32;Rio de Janeiro;RJ;12;Junior de Administrativo;Junior;Hibrido;2020-03-04;4095.33;Ativo;;;
1202;Felipe Barbosa Rodrigues;M;34;Porto Alegre;RS;3;Pleno de Produto;Pleno;Hibrido;2022-05-31;6184.05;Ativo;;;
1203;Thiago Nascimento Souza;M;32;Porto Alegre;RS;1;Junior de Engenharia de Software;Junior;Remoto;2018-10-08;4548.75;Ativo;;;
1204;Debora Silva Costa;F;37;Curitiba;PR;4;Especialista de Comercial;Especialista;Remoto;2018-06-07;16115.58;Ativo;;;
1205;Bruno Fernandes Soares;M;32;Porto Alegre;RS;4;Especialista de Comercial;Especialista;Remoto;2021-10-18;16892.4;Ativo;;;
1206;Daniela Andrade Rodrigues;F;22;Goiania;GO;2;Junior de Dados & Analytics;Junior;Hibrido;2022-01-25;4496.88;Ativo;;;
1207;Marcelo Vieira Dias;M;38;Florianopolis;SC;1;Junior de Engenharia de Software;Junior;Presencial;2021-09-27;3591.15;Ativo;;;
1208;Guilherme Ferreira Santos;M;33;Porto Alegre;RS;8;Junior de Operacoes;Junior;Remoto;2024-04-06;4863.57;Ativo;;;
1209;Ricardo Lima Santos;M;30;Fortaleza;CE;9;Pleno de Recursos Humanos;Pleno;Remoto;2018-03-21;6277.02;Desligado;2024-07-19;Voluntario;Nova oportunidade de mercado
1210;Marcelo Dias Lima;M;32;Campinas;SP;5;Junior de Marketing;Junior;Hibrido;2024-03-30;4981.63;Desligado;2024-05-17;Voluntario;Mudanca de carreira
1211;Joao Gomes Rocha;M;28;Salvador;BA;9;Gerente de Recursos Humanos;Gerente;Hibrido;2023-09-20;24875.45;Ativo;;;
1212;Marcelo Soares Nascimento;M;34;Rio de Janeiro;RJ;11;Pleno de Juridico;Pleno;Hibrido;2021-11-08;8509.55;Desligado;2024-04-08;Voluntario;Mudanca de carreira
1213;Daniela Fernandes Oliveira;F;33;Belo Horizonte;MG;2;Senior de Dados & Analytics;Senior;Hibrido;2022-07-11;11002.8;Ativo;;;
1214;Leonardo Almeida Fernandes;M;41;Goiania;GO;8;Pleno de Operacoes;Pleno;Presencial;2019-12-22;9273.84;Ativo;;;
1215;Pedro Pereira Soares;M;19;Porto Alegre;RS;11;Junior de Juridico;Junior;Hibrido;2021-02-11;3581.4;Ativo;;;
1216;Debora Martins Andrade;F;26;Belo Horizonte;MG;12;Junior de Administrativo;Junior;Remoto;2022-04-19;3626.45;Ativo;;;
1217;Diego Dias Ribeiro;M;30;Recife;PE;7;Pleno de Suporte Tecnico;Pleno;Hibrido;2024-01-07;6652.46;Ativo;;;
1218;Beatriz Soares Lima;F;23;Sao Paulo;SP;6;Especialista de Customer Success;Especialista;Remoto;2018-07-20;15883.47;Ativo;;;
1219;Renata Silva Fernandes;F;37;Porto Alegre;RS;9;Coordenador de Recursos Humanos;Coordenador;Hibrido;2021-07-01;12364.69;Ativo;;;
1220;Matheus Costa Martins;M;43;Campinas;SP;1;Especialista de Engenharia de Software;Especialista;Hibrido;2020-01-20;14767.71;Ativo;;;
1221;Lucas Andrade Martins;M;31;Florianopolis;SC;9;Senior de Recursos Humanos;Senior;Presencial;2021-02-08;13231.98;Ativo;;;
1222;Andre Pereira Vieira;M;26;Belo Horizonte;MG;9;Senior de Recursos Humanos;Senior;Hibrido;2020-01-06;12851.14;Ativo;;;
1223;Carolina Barbosa Costa;F;27;Fortaleza;CE;11;Junior de Juridico;Junior;Remoto;2022-03-23;4704.42;Ativo;;;
1224;Bruno Rocha Rodrigues;M;30;Brasilia;DF;6;Pleno de Customer Success;Pleno;Presencial;2022-06-07;8511.66;Ativo;;;
1225;Matheus Gomes Nascimento;M;35;Goiania;GO;10;Junior de Financeiro;Junior;Remoto;2021-05-24;5360.61;Ativo;;;
1226;Andre Rodrigues Rocha;M;27;Brasilia;DF;3;Estagiario de Produto;Estagiario;Hibrido;2021-12-30;2447.1;Ativo;;;
1227;Thiago Oliveira Fernandes;M;26;Florianopolis;SC;5;Pleno de Marketing;Pleno;Remoto;2020-02-08;8874.39;Ativo;;;
1228;Rafael Costa Rodrigues;M;26;Goiania;GO;2;Estagiario de Dados & Analytics;Estagiario;Hibrido;2020-01-02;2469.32;Ativo;;;
1229;Thiago Carvalho Carvalho;M;31;Porto Alegre;RS;6;Junior de Customer Success;Junior;Remoto;2024-04-23;5006.12;Ativo;;;
1230;Patricia Rodrigues Alves;F;41;Rio de Janeiro;RJ;11;Junior de Juridico;Junior;Hibrido;2018-01-05;3814.17;Ativo;;;
1231;Rafael Silva Barbosa;M;26;Brasilia;DF;7;Pleno de Suporte Tecnico;Pleno;Remoto;2019-07-18;8828.74;Ativo;;;
1232;Daniela Vieira Barbosa;F;37;Curitiba;PR;11;Senior de Juridico;Senior;Hibrido;2021-01-16;14484.63;Ativo;;;
1233;Felipe Dias Silva;M;28;Recife;PE;2;Pleno de Dados & Analytics;Pleno;Hibrido;2023-10-01;8752.56;Ativo;;;
1234;Vinicius Rodrigues Soares;M;26;Brasilia;DF;6;Junior de Customer Success;Junior;Remoto;2020-06-19;3844.91;Ativo;;;
1235;Bruna Ferreira Martins;F;19;Fortaleza;CE;8;Senior de Operacoes;Senior;Hibrido;2019-05-13;11551.12;Ativo;;;
1236;Fernanda Ferreira Alves;F;42;Curitiba;PR;5;Pleno de Marketing;Pleno;Hibrido;2020-01-10;6242.73;Ativo;;;
1237;Andre Silva Lima;M;30;Salvador;BA;3;Pleno de Produto;Pleno;Presencial;2020-08-10;8207.64;Ativo;;;
1238;Bruno Alves Oliveira;M;25;Belo Horizonte;MG;2;Senior de Dados & Analytics;Senior;Hibrido;2023-12-17;11600.12;Ativo;;;
1239;Daniela Lopes Nascimento;F;30;Recife;PE;4;Pleno de Comercial;Pleno;Hibrido;2023-08-09;9161.03;Ativo;;;
1240;Beatriz Carvalho Martins;F;31;Sao Paulo;SP;11;Pleno de Juridico;Pleno;Hibrido;2019-06-06;6885.04;Ativo;;;
1241;Aline Martins Barbosa;F;25;Goiania;GO;11;Estagiario de Juridico;Estagiario;Remoto;2023-03-12;2478.58;Ativo;;;
1242;Leonardo Souza Almeida;M;38;Fortaleza;CE;8;Junior de Operacoes;Junior;Remoto;2022-01-21;4673.46;Ativo;;;
1243;Felipe Soares Fernandes;M;30;Salvador;BA;11;Junior de Juridico;Junior;Remoto;2019-08-10;4503.8;Ativo;;;
1244;Gustavo Martins Soares;M;27;Campinas;SP;7;Especialista de Suporte Tecnico;Especialista;Remoto;2023-03-17;17905.5;Ativo;;;
1245;Bruno Gomes Almeida;M;27;Salvador;BA;4;Coordenador de Comercial;Coordenador;Hibrido;2021-12-03;15906.91;Ativo;;;
1246;Carolina Almeida Ferreira;F;32;Salvador;BA;9;Junior de Recursos Humanos;Junior;Presencial;2024-07-13;5040.82;Ativo;;;
1247;Daniela Santos Nascimento;F;19;Florianopolis;SC;6;Estagiario de Customer Success;Estagiario;Remoto;2022-10-20;2304.04;Desligado;2024-09-07;Voluntario;Insatisfacao salarial
1248;Priscila Oliveira Andrade;F;30;Florianopolis;SC;10;Junior de Financeiro;Junior;Hibrido;2019-12-08;4035.99;Ativo;;;
1249;Rafael Vieira Nascimento;M;35;Florianopolis;SC;7;Estagiario de Suporte Tecnico;Estagiario;Hibrido;2023-01-24;1913.26;Ativo;;;
1250;Marcelo Carvalho Costa;M;40;Fortaleza;CE;9;Junior de Recursos Humanos;Junior;Hibrido;2018-12-21;3682.99;Ativo;;;
1251;Rafael Almeida Vieira;M;32;Goiania;GO;10;Junior de Financeiro;Junior;Hibrido;2021-06-04;4666.24;Ativo;;;
1252;Eduardo Oliveira Lima;M;27;Recife;PE;8;Pleno de Operacoes;Pleno;Remoto;2021-06-12;8405.11;Desligado;2024-02-22;Involuntario;Reducao de quadro
1253;Gabriel Oliveira Souza;M;44;Goiania;GO;6;Pleno de Customer Success;Pleno;Hibrido;2022-06-16;9447.94;Desligado;2024-01-24;Involuntario;Reestruturacao da area
1254;Juliana Soares Nascimento;F;22;Salvador;BA;3;Senior de Produto;Senior;Hibrido;2023-12-19;12507.6;Ativo;;;
1255;Marcelo Fernandes Martins;M;37;Sao Paulo;SP;5;Junior de Marketing;Junior;Remoto;2021-02-13;5061.65;Ativo;;;
1256;Thiago Vieira Dias;M;27;Belo Horizonte;MG;3;Gerente de Produto;Gerente;Remoto;2021-06-21;20979.19;Ativo;;;
1257;Matheus Ferreira Nascimento;M;26;Sao Paulo;SP;7;Estagiario de Suporte Tecnico;Estagiario;Presencial;2022-10-10;2052.01;Desligado;2024-08-03;Involuntario;Reestruturacao da area
1258;Carolina Andrade Almeida;F;42;Porto Alegre;RS;11;Especialista de Juridico;Especialista;Presencial;2018-01-21;18589.64;Ativo;;;
1259;Gabriel Rodrigues Alves;M;19;Sao Paulo;SP;5;Pleno de Marketing;Pleno;Hibrido;2018-08-14;7847.8;Desligado;2024-11-25;Voluntario;Continuidade dos estudos
1260;Maria Almeida Lopes;F;46;Fortaleza;CE;7;Junior de Suporte Tecnico;Junior;Remoto;2018-05-02;4286.7;Ativo;;;
1261;Ricardo Lopes Pereira;M;38;Curitiba;PR;9;Pleno de Recursos Humanos;Pleno;Presencial;2024-03-10;9171.93;Ativo;;;
1262;Priscila Carvalho Almeida;F;36;Rio de Janeiro;RJ;6;Senior de Customer Success;Senior;Hibrido;2023-12-04;13859.25;Ativo;;;
1263;Felipe Fernandes Lima;M;25;Brasilia;DF;7;Pleno de Suporte Tecnico;Pleno;Presencial;2024-07-08;8466.03;Ativo;;;
1264;Pedro Ferreira Rodrigues;M;30;Sao Paulo;SP;6;Pleno de Customer Success;Pleno;Hibrido;2021-02-05;6436.35;Desligado;2024-09-22;Aposentadoria;Aposentadoria
1265;Ana Rodrigues Santos;F;21;Campinas;SP;7;Junior de Suporte Tecnico;Junior;Hibrido;2019-02-06;5089.66;Ativo;;;
1266;Aline Oliveira Santos;F;34;Rio de Janeiro;RJ;9;Senior de Recursos Humanos;Senior;Remoto;2019-09-11;10305.77;Ativo;;;
1267;Larissa Ferreira Dias;F;34;Porto Alegre;RS;4;Pleno de Comercial;Pleno;Remoto;2024-07-28;7481.34;Desligado;2024-12-31;Voluntario;Continuidade dos estudos
1268;Eduardo Andrade Vieira;M;31;Recife;PE;9;Pleno de Recursos Humanos;Pleno;Hibrido;2022-03-13;6591.5;Ativo;;;
1269;Lucas Gomes Costa;M;24;Recife;PE;4;Pleno de Comercial;Pleno;Hibrido;2024-01-24;6502.87;Desligado;2024-10-04;Involuntario;Baixo desempenho
1270;Natalia Oliveira Gomes;F;32;Fortaleza;CE;5;Pleno de Marketing;Pleno;Hibrido;2024-04-10;6150.78;Desligado;2024-11-08;Voluntario;Insatisfacao salarial
1271;Guilherme Costa Soares;M;32;Salvador;BA;6;Junior de Customer Success;Junior;Remoto;2022-09-20;4640.48;Desligado;2024-08-16;Voluntario;Continuidade dos estudos
1272;Bruno Barbosa Santos;M;39;Rio de Janeiro;RJ;6;Senior de Customer Success;Senior;Hibrido;2019-12-28;13757.02;Ativo;;;
1273;Vinicius Andrade Nascimento;M;28;Brasilia;DF;12;Senior de Administrativo;Senior;Presencial;2023-02-01;11795.38;Desligado;2024-11-17;Voluntario;Mudanca de carreira
1274;Daniela Costa Lima;F;30;Florianopolis;SC;2;Junior de Dados & Analytics;Junior;Hibrido;2023-06-25;3690.19;Ativo;;;
1275;Fernanda Barbosa Vieira;F;29;Fortaleza;CE;2;Junior de Dados & Analytics;Junior;Hibrido;2020-05-16;5011.15;Ativo;;;
1276;Debora Ferreira Barbosa;F;25;Curitiba;PR;5;Junior de Marketing;Junior;Presencial;2024-07-15;3604.71;Ativo;;;
1277;Amanda Silva Souza;F;25;Sao Paulo;SP;2;Pleno de Dados & Analytics;Pleno;Hibrido;2022-06-06;6419.22;Ativo;;;
1278;Camila Andrade Alves;F;38;Brasilia;DF;2;Senior de Dados & Analytics;Senior;Hibrido;2024-09-20;11071.12;Ativo;;;
1279;Vanessa Santos Costa;F;41;Recife;PE;6;Junior de Customer Success;Junior;Presencial;2021-03-25;4055.24;Ativo;;;
1280;Joao Rocha Alves;M;26;Goiania;GO;10;Junior de Financeiro;Junior;Hibrido;2022-05-13;4606.07;Ativo;;;
1281;Patricia Oliveira Gomes;F;47;Porto Alegre;RS;2;Junior de Dados & Analytics;Junior;Remoto;2023-11-14;4443.19;Ativo;;;
1282;Maria Souza Dias;F;31;Recife;PE;5;Junior de Marketing;Junior;Remoto;2019-08-14;4216.65;Ativo;;;
1283;Renata Andrade Vieira;F;31;Brasilia;DF;3;Pleno de Produto;Pleno;Presencial;2018-01-20;9488.89;Desligado;2024-08-10;Voluntario;Nova oportunidade de mercado
1284;Bruno Costa Costa;M;30;Campinas;SP;10;Senior de Financeiro;Senior;Remoto;2024-07-08;11737.08;Ativo;;;
1285;Debora Santos Rocha;F;26;Belo Horizonte;MG;10;Senior de Financeiro;Senior;Hibrido;2018-09-17;11675.68;Desligado;2024-01-21;Voluntario;Motivos pessoais/familiares
1286;Eduardo Fernandes Costa;M;28;Fortaleza;CE;8;Pleno de Operacoes;Pleno;Remoto;2023-05-26;7112.92;Ativo;;;
1287;Ana Soares Gomes;F;41;Brasilia;DF;9;Especialista de Recursos Humanos;Especialista;Remoto;2022-12-14;16527.92;Ativo;;;
1288;Natalia Fernandes Silva;F;24;Curitiba;PR;3;Junior de Produto;Junior;Remoto;2024-05-14;3537.11;Ativo;;;
1289;Bruna Oliveira Rodrigues;F;28;Porto Alegre;RS;2;Junior de Dados & Analytics;Junior;Hibrido;2022-06-24;4148.47;Desligado;2024-06-27;Voluntario;Nova oportunidade de mercado
1290;Renata Rocha Fernandes;F;23;Belo Horizonte;MG;7;Pleno de Suporte Tecnico;Pleno;Presencial;2022-06-16;9375.61;Ativo;;;
1291;Larissa Barbosa Souza;F;40;Porto Alegre;RS;4;Senior de Comercial;Senior;Hibrido;2020-07-18;12423.07;Ativo;;;
1292;Ana Lima Carvalho;F;45;Rio de Janeiro;RJ;8;Junior de Operacoes;Junior;Hibrido;2021-05-26;3936.43;Ativo;;;
1293;Beatriz Ribeiro Almeida;F;30;Porto Alegre;RS;2;Pleno de Dados & Analytics;Pleno;Remoto;2023-03-13;6549.42;Ativo;;;
1294;Leonardo Gomes Ferreira;M;29;Rio de Janeiro;RJ;10;Pleno de Financeiro;Pleno;Presencial;2022-11-25;7588.1;Desligado;2024-04-18;Involuntario;Reestruturacao da area
1295;Bruno Oliveira Almeida;M;32;Florianopolis;SC;6;Pleno de Customer Success;Pleno;Presencial;2019-11-19;8508.54;Ativo;;;
1296;Vinicius Soares Rodrigues;M;29;Curitiba;PR;5;Junior de Marketing;Junior;Remoto;2024-02-24;5252.28;Ativo;;;
1297;Debora Andrade Soares;F;31;Porto Alegre;RS;9;Pleno de Recursos Humanos;Pleno;Remoto;2022-08-10;8363.86;Ativo;;;
1298;Fernanda Souza Soares;F;26;Campinas;SP;1;Pleno de Engenharia de Software;Pleno;Hibrido;2018-06-04;9085.77;Ativo;;;
1299;Bruno Andrade Santos;M;38;Fortaleza;CE;3;Junior de Produto;Junior;Remoto;2018-12-14;4614.56;Ativo;;;
1300;Tatiane Souza Silva;F;35;Porto Alegre;RS;12;Senior de Administrativo;Senior;Remoto;2020-11-18;14881.27;Ativo;;;
1301;Ricardo Oliveira Costa;M;34;Fortaleza;CE;6;Especialista de Customer Success;Especialista;Remoto;2020-09-09;15094.72;Ativo;;;
1302;Gabriel Soares Dias;M;30;Goiania;GO;3;Junior de Produto;Junior;Hibrido;2022-01-04;3532.37;Ativo;;;
1303;Maria Vieira Gomes;F;31;Campinas;SP;6;Junior de Customer Success;Junior;Presencial;2021-03-09;5278.82;Ativo;;;
1304;Thiago Alves Alves;M;28;Porto Alegre;RS;3;Pleno de Produto;Pleno;Remoto;2024-11-17;6635.75;Ativo;;;
1305;Natalia Costa Almeida;F;31;Campinas;SP;9;Junior de Recursos Humanos;Junior;Hibrido;2023-10-08;4170.39;Ativo;;;
1306;Guilherme Rodrigues Ferreira;M;44;Porto Alegre;RS;4;Junior de Comercial;Junior;Hibrido;2022-12-08;4137.85;Desligado;2024-04-25;Involuntario;Baixo desempenho
1307;Ricardo Fernandes Soares;M;40;Rio de Janeiro;RJ;3;Pleno de Produto;Pleno;Hibrido;2020-12-28;6494.75;Ativo;;;
1308;Gustavo Ribeiro Fernandes;M;38;Recife;PE;5;Especialista de Marketing;Especialista;Hibrido;2024-10-31;13356.65;Ativo;;;
1309;Fernanda Nascimento Gomes;F;22;Brasilia;DF;2;Junior de Dados & Analytics;Junior;Hibrido;2018-10-09;5441.11;Ativo;;;
1310;Rafael Oliveira Gomes;M;32;Brasilia;DF;12;Pleno de Administrativo;Pleno;Remoto;2022-08-15;6750.94;Ativo;;;
1311;Natalia Almeida Santos;F;27;Belo Horizonte;MG;8;Pleno de Operacoes;Pleno;Hibrido;2019-06-13;6327.55;Ativo;;;
1312;Vinicius Dias Santos;M;28;Rio de Janeiro;RJ;8;Junior de Operacoes;Junior;Hibrido;2024-02-03;3632.82;Ativo;;;
1313;Ana Oliveira Carvalho;F;31;Salvador;BA;9;Junior de Recursos Humanos;Junior;Hibrido;2018-06-19;3923.23;Ativo;;;
1314;Ricardo Vieira Rocha;M;32;Goiania;GO;8;Junior de Operacoes;Junior;Hibrido;2018-07-22;4316.84;Ativo;;;
1315;Daniela Ribeiro Gomes;F;42;Recife;PE;3;Senior de Produto;Senior;Hibrido;2020-05-23;13193.43;Desligado;2024-09-19;Aposentadoria;Aposentadoria
1316;Gustavo Oliveira Almeida;M;33;Brasilia;DF;9;Pleno de Recursos Humanos;Pleno;Hibrido;2021-10-29;6779.05;Ativo;;;
1317;Lucas Nascimento Almeida;M;32;Rio de Janeiro;RJ;12;Pleno de Administrativo;Pleno;Hibrido;2018-08-04;7234.16;Ativo;;;
1318;Carolina Dias Rocha;F;19;Goiania;GO;11;Junior de Juridico;Junior;Remoto;2020-09-24;4333.98;Ativo;;;
1319;Debora Pereira Pereira;F;26;Belo Horizonte;MG;10;Senior de Financeiro;Senior;Hibrido;2020-12-26;12255.11;Ativo;;;
1320;Bruna Martins Ferreira;F;39;Goiania;GO;10;Senior de Financeiro;Senior;Presencial;2023-03-12;12278.37;Ativo;;;
1321;Aline Almeida Lopes;F;35;Sao Paulo;SP;12;Junior de Administrativo;Junior;Remoto;2021-06-05;4463.16;Ativo;;;
1322;Vinicius Souza Ribeiro;M;29;Fortaleza;CE;8;Pleno de Operacoes;Pleno;Presencial;2019-07-08;7070.41;Ativo;;;
1323;Larissa Gomes Ribeiro;F;29;Brasilia;DF;1;Pleno de Engenharia de Software;Pleno;Remoto;2023-01-23;6046.07;Ativo;;;
1324;Leonardo Souza Martins;M;32;Goiania;GO;7;Pleno de Suporte Tecnico;Pleno;Hibrido;2018-06-10;8289.41;Ativo;;;
1325;Thiago Fernandes Rocha;M;45;Rio de Janeiro;RJ;9;Estagiario de Recursos Humanos;Estagiario;Hibrido;2019-06-17;1820.12;Ativo;;;
1326;Natalia Almeida Martins;F;37;Brasilia;DF;9;Pleno de Recursos Humanos;Pleno;Presencial;2023-03-10;6465.8;Desligado;2024-10-06;Involuntario;Reestruturacao da area
1327;Ricardo Pereira Fernandes;M;25;Belo Horizonte;MG;3;Junior de Produto;Junior;Hibrido;2019-05-01;4158.03;Ativo;;;
1328;Renata Oliveira Costa;F;47;Curitiba;PR;2;Senior de Dados & Analytics;Senior;Hibrido;2022-10-19;14720.12;Ativo;;;
1329;Vanessa Vieira Costa;F;34;Florianopolis;SC;7;Pleno de Suporte Tecnico;Pleno;Hibrido;2020-12-30;8951.76;Ativo;;;
1330;Rafael Dias Dias;M;31;Rio de Janeiro;RJ;8;Senior de Operacoes;Senior;Remoto;2020-01-28;9651.89;Desligado;2024-02-11;Voluntario;Continuidade dos estudos
1331;Camila Vieira Barbosa;F;26;Fortaleza;CE;12;Pleno de Administrativo;Pleno;Hibrido;2022-05-04;8566.6;Ativo;;;
1332;Natalia Souza Almeida;F;27;Belo Horizonte;MG;8;Senior de Operacoes;Senior;Hibrido;2020-05-15;11674.09;Desligado;2024-05-01;Voluntario;Mudanca de carreira
1333;Juliana Barbosa Souza;F;31;Campinas;SP;7;Pleno de Suporte Tecnico;Pleno;Remoto;2021-07-14;7158.52;Desligado;2024-11-22;Voluntario;Continuidade dos estudos
1334;Aline Lopes Rocha;F;33;Campinas;SP;5;Pleno de Marketing;Pleno;Presencial;2018-05-07;7531.78;Ativo;;;
1335;Lucas Alves Rodrigues;M;32;Brasilia;DF;5;Coordenador de Marketing;Coordenador;Remoto;2018-10-22;16681.22;Ativo;;;
1336;Matheus Dias Rodrigues;M;40;Fortaleza;CE;10;Junior de Financeiro;Junior;Hibrido;2022-11-08;4949.83;Ativo;;;
1337;Renata Barbosa Vieira;F;24;Fortaleza;CE;3;Junior de Produto;Junior;Remoto;2023-03-05;4938.33;Ativo;;;
1338;Bruno Dias Costa;M;31;Porto Alegre;RS;9;Junior de Recursos Humanos;Junior;Hibrido;2022-01-14;3788.6;Ativo;;;
1339;Vanessa Nascimento Ribeiro;F;31;Rio de Janeiro;RJ;2;Junior de Dados & Analytics;Junior;Hibrido;2023-05-09;4709.13;Ativo;;;
1340;Ricardo Soares Martins;M;19;Belo Horizonte;MG;3;Pleno de Produto;Pleno;Remoto;2018-10-07;9358.44;Ativo;;;
1341;Ana Ribeiro Fernandes;F;30;Sao Paulo;SP;12;Junior de Administrativo;Junior;Remoto;2024-04-24;4267.48;Desligado;2024-05-14;Voluntario;Nova oportunidade de mercado
1342;Camila Gomes Silva;F;35;Curitiba;PR;2;Pleno de Dados & Analytics;Pleno;Hibrido;2024-07-10;9363.94;Ativo;;;
1343;Luciana Martins Rocha;F;24;Recife;PE;4;Pleno de Comercial;Pleno;Hibrido;2021-07-01;8981.43;Ativo;;;
1344;Renata Martins Carvalho;F;32;Florianopolis;SC;8;Junior de Operacoes;Junior;Remoto;2018-12-24;3716.89;Ativo;;;
1345;Rafael Lopes Rodrigues;M;37;Curitiba;PR;8;Junior de Operacoes;Junior;Hibrido;2022-09-10;4991.22;Ativo;;;
1346;Bruna Carvalho Rodrigues;F;19;Porto Alegre;RS;8;Senior de Operacoes;Senior;Presencial;2023-08-11;13348.32;Desligado;2024-09-17;Voluntario;Insatisfacao salarial
1347;Joao Oliveira Rocha;M;31;Sao Paulo;SP;3;Junior de Produto;Junior;Remoto;2021-03-30;4781.9;Ativo;;;
1348;Vinicius Dias Carvalho;M;30;Belo Horizonte;MG;6;Pleno de Customer Success;Pleno;Remoto;2018-05-08;6590.12;Ativo;;;
1349;Matheus Rocha Carvalho;M;26;Fortaleza;CE;11;Estagiario de Juridico;Estagiario;Hibrido;2024-07-25;2020.71;Ativo;;;
1350;Daniela Ferreira Almeida;F;29;Florianopolis;SC;7;Junior de Suporte Tecnico;Junior;Hibrido;2023-12-27;5159.74;Desligado;2024-10-27;Voluntario;Motivos pessoais/familiares
1351;Renata Ribeiro Pereira;F;31;Belo Horizonte;MG;9;Senior de Recursos Humanos;Senior;Hibrido;2022-01-06;14822.83;Ativo;;;
1352;Daniela Silva Vieira;F;31;Fortaleza;CE;1;Especialista de Engenharia de Software;Especialista;Remoto;2020-07-24;16771.63;Ativo;;;
1353;Leonardo Lima Carvalho;M;31;Florianopolis;SC;9;Junior de Recursos Humanos;Junior;Remoto;2021-02-26;5437.4;Ativo;;;
1354;Ana Santos Vieira;F;28;Fortaleza;CE;3;Junior de Produto;Junior;Remoto;2024-04-06;5260.15;Desligado;2024-05-25;Involuntario;Reducao de quadro
1355;Camila Vieira Lopes;F;45;Goiania;GO;10;Pleno de Financeiro;Pleno;Hibrido;2024-09-30;8739.57;Ativo;;;
1356;Matheus Andrade Andrade;M;37;Florianopolis;SC;8;Junior de Operacoes;Junior;Hibrido;2019-04-25;4603.55;Ativo;;;
1357;Priscila Soares Oliveira;F;19;Florianopolis;SC;7;Especialista de Suporte Tecnico;Especialista;Hibrido;2023-05-04;15119.13;Desligado;2024-04-02;Voluntario;Continuidade dos estudos
1358;Felipe Lopes Rocha;M;31;Goiania;GO;5;Pleno de Marketing;Pleno;Remoto;2022-08-24;8664.6;Ativo;;;
1359;Gustavo Vieira Gomes;M;31;Brasilia;DF;6;Pleno de Customer Success;Pleno;Presencial;2022-06-15;7972.96;Ativo;;;
1360;Thiago Fernandes Silva;M;42;Fortaleza;CE;1;Pleno de Engenharia de Software;Pleno;Remoto;2019-05-06;8599.46;Ativo;;;
1361;Tatiane Lopes Vieira;F;28;Goiania;GO;11;Especialista de Juridico;Especialista;Remoto;2024-04-13;17575.92;Ativo;;;
1362;Vanessa Ribeiro Gomes;F;34;Porto Alegre;RS;2;Estagiario de Dados & Analytics;Estagiario;Remoto;2021-06-17;2302.48;Ativo;;;
1363;Pedro Nascimento Barbosa;M;24;Goiania;GO;11;Pleno de Juridico;Pleno;Hibrido;2019-03-06;6669.71;Desligado;2024-03-18;Voluntario;Mudanca de carreira
1364;Ana Rocha Lopes;F;38;Brasilia;DF;9;Pleno de Recursos Humanos;Pleno;Hibrido;2018-01-02;8495.64;Ativo;;;
1365;Fernando Santos Dias;M;31;Porto Alegre;RS;6;Junior de Customer Success;Junior;Presencial;2023-08-09;3545.33;Ativo;;;
1366;Rodrigo Lopes Oliveira;M;32;Belo Horizonte;MG;10;Junior de Financeiro;Junior;Hibrido;2023-01-08;5020.09;Ativo;;;
1367;Guilherme Lima Rodrigues;M;37;Brasilia;DF;12;Junior de Administrativo;Junior;Remoto;2024-05-02;3827.1;Desligado;2024-11-21;Aposentadoria;Aposentadoria
1368;Patricia Silva Andrade;F;38;Rio de Janeiro;RJ;7;Especialista de Suporte Tecnico;Especialista;Hibrido;2020-10-08;15002.99;Ativo;;;
1369;Fernando Andrade Rodrigues;M;37;Campinas;SP;6;Pleno de Customer Success;Pleno;Hibrido;2019-01-11;7430.84;Desligado;2024-12-20;Involuntario;Reestruturacao da area
1370;Larissa Lima Nascimento;F;32;Curitiba;PR;9;Pleno de Recursos Humanos;Pleno;Presencial;2021-02-05;8951.14;Desligado;2024-03-09;Voluntario;Motivos pessoais/familiares
1371;Leonardo Santos Costa;M;29;Rio de Janeiro;RJ;4;Coordenador de Comercial;Coordenador;Hibrido;2023-11-24;12647.19;Ativo;;;
1372;Ricardo Rodrigues Lopes;M;23;Salvador;BA;8;Estagiario de Operacoes;Estagiario;Hibrido;2019-07-16;2359.27;Ativo;;;
1373;Beatriz Dias Almeida;F;37;Goiania;GO;8;Junior de Operacoes;Junior;Hibrido;2024-10-14;4208.26;Ativo;;;
1374;Bruno Vieira Andrade;M;23;Recife;PE;9;Junior de Recursos Humanos;Junior;Remoto;2019-01-21;4613.21;Desligado;2024-03-31;Aposentadoria;Aposentadoria
1375;Guilherme Souza Santos;M;34;Belo Horizonte;MG;12;Especialista de Administrativo;Especialista;Presencial;2021-07-28;15474.89;Ativo;;;
1376;Renata Lopes Gomes;F;40;Fortaleza;CE;7;Pleno de Suporte Tecnico;Pleno;Hibrido;2020-01-01;6440.8;Ativo;;;
1377;Marcelo Dias Nascimento;M;44;Salvador;BA;5;Junior de Marketing;Junior;Hibrido;2023-09-05;3759.27;Ativo;;;
1378;Patricia Rodrigues Soares;F;33;Salvador;BA;5;Pleno de Marketing;Pleno;Hibrido;2022-12-11;7827.85;Ativo;;;
1379;Rodrigo Almeida Martins;M;28;Campinas;SP;9;Junior de Recursos Humanos;Junior;Remoto;2024-10-24;4854.08;Ativo;;;
1380;Tatiane Dias Santos;F;37;Rio de Janeiro;RJ;1;Junior de Engenharia de Software;Junior;Hibrido;2020-12-19;5230.74;Ativo;;;
1381;Vanessa Barbosa Rocha;F;36;Porto Alegre;RS;11;Estagiario de Juridico;Estagiario;Remoto;2023-04-06;2055.03;Ativo;;;
1382;Patricia Lima Souza;F;31;Porto Alegre;RS;6;Junior de Customer Success;Junior;Remoto;2021-05-01;4627.32;Ativo;;;
1383;Priscila Dias Andrade;F;33;Curitiba;PR;11;Junior de Juridico;Junior;Remoto;2018-12-27;4752.78;Ativo;;;
1384;Leonardo Costa Dias;M;35;Goiania;GO;2;Senior de Dados & Analytics;Senior;Remoto;2018-04-21;12380.65;Ativo;;;
1385;Thiago Fernandes Silva;M;30;Campinas;SP;2;Estagiario de Dados & Analytics;Estagiario;Hibrido;2024-09-03;2085.5;Ativo;;;
1386;Lucas Silva Carvalho;M;31;Rio de Janeiro;RJ;12;Junior de Administrativo;Junior;Remoto;2018-07-30;4498.99;Ativo;;;
1387;Eduardo Ribeiro Pereira;M;28;Goiania;GO;6;Junior de Customer Success;Junior;Remoto;2023-09-14;5291.77;Ativo;;;
1388;Patricia Alves Santos;F;36;Sao Paulo;SP;1;Gerente de Engenharia de Software;Gerente;Presencial;2020-09-25;22765.88;Desligado;2024-03-22;Involuntario;Reducao de quadro
1389;Pedro Barbosa Dias;M;32;Curitiba;PR;7;Pleno de Suporte Tecnico;Pleno;Hibrido;2022-02-25;6468.2;Desligado;2024-05-07;Voluntario;Continuidade dos estudos
1390;Gabriel Oliveira Barbosa;M;29;Belo Horizonte;MG;12;Especialista de Administrativo;Especialista;Hibrido;2023-04-18;18011.35;Ativo;;;
1391;Luciana Ferreira Souza;F;35;Goiania;GO;6;Pleno de Customer Success;Pleno;Hibrido;2023-05-08;9353.4;Ativo;;;
1392;Guilherme Gomes Almeida;M;30;Campinas;SP;6;Pleno de Customer Success;Pleno;Remoto;2022-01-27;7003.23;Desligado;2024-11-25;Voluntario;Nova oportunidade de mercado
1393;Patricia Carvalho Nascimento;F;34;Campinas;SP;5;Gerente de Marketing;Gerente;Remoto;2023-04-26;23955.51;Ativo;;;
1394;Patricia Ferreira Oliveira;F;19;Porto Alegre;RS;8;Especialista de Operacoes;Especialista;Presencial;2019-10-25;16154.93;Ativo;;;
1395;Marcelo Martins Costa;M;54;Sao Paulo;SP;8;Pleno de Operacoes;Pleno;Presencial;2018-08-05;8344.3;Ativo;;;
1396;Patricia Ferreira Almeida;F;25;Rio de Janeiro;RJ;6;Pleno de Customer Success;Pleno;Hibrido;2019-07-12;8033.88;Ativo;;;
1397;Amanda Barbosa Martins;F;37;Belo Horizonte;MG;5;Pleno de Marketing;Pleno;Hibrido;2018-03-03;6846.42;Ativo;;;
1398;Camila Rodrigues Fernandes;F;31;Salvador;BA;5;Especialista de Marketing;Especialista;Hibrido;2022-04-20;14689.62;Ativo;;;
1399;Ricardo Rocha Souza;M;29;Fortaleza;CE;10;Pleno de Financeiro;Pleno;Presencial;2018-12-17;8352.84;Ativo;;;
1400;Camila Santos Oliveira;F;31;Rio de Janeiro;RJ;9;Pleno de Recursos Humanos;Pleno;Hibrido;2021-08-30;6730.12;Ativo;;;
1401;Priscila Silva Lopes;F;23;Belo Horizonte;MG;7;Junior de Suporte Tecnico;Junior;Hibrido;2021-01-01;3738.81;Ativo;;;
1402;Pedro Dias Martins;M;42;Porto Alegre;RS;10;Especialista de Financeiro;Especialista;Hibrido;2020-07-01;17112.03;Ativo;;;
1403;Thiago Martins Vieira;M;36;Sao Paulo;SP;9;Pleno de Recursos Humanos;Pleno;Hibrido;2018-06-26;8503.8;Ativo;;;
1404;Debora Carvalho Martins;F;42;Goiania;GO;1;Pleno de Engenharia de Software;Pleno;Hibrido;2019-08-09;6186.65;Ativo;;;
1405;Gustavo Pereira Silva;M;27;Salvador;BA;12;Senior de Administrativo;Senior;Hibrido;2018-10-27;11358.98;Ativo;;;
1406;Camila Vieira Fernandes;F;34;Recife;PE;1;Pleno de Engenharia de Software;Pleno;Presencial;2023-11-07;7686.62;Ativo;;;
1407;Carolina Martins Santos;F;27;Campinas;SP;6;Especialista de Customer Success;Especialista;Hibrido;2022-12-12;14997.64;Ativo;;;
1408;Diego Fernandes Costa;M;36;Rio de Janeiro;RJ;11;Pleno de Juridico;Pleno;Remoto;2019-06-01;8541.85;Desligado;2024-07-18;Involuntario;Reestruturacao da area
1409;Amanda Ferreira Fernandes;F;30;Sao Paulo;SP;1;Senior de Engenharia de Software;Senior;Remoto;2019-12-31;10450.15;Ativo;;;
1410;Amanda Gomes Nascimento;F;37;Salvador;BA;12;Junior de Administrativo;Junior;Remoto;2022-09-29;3867.9;Ativo;;;
1411;Diego Lopes Oliveira;M;25;Campinas;SP;4;Junior de Comercial;Junior;Hibrido;2024-01-24;4110.46;Ativo;;;
1412;Amanda Rodrigues Santos;F;30;Curitiba;PR;8;Senior de Operacoes;Senior;Remoto;2022-09-25;10834.34;Ativo;;;
1413;Fernando Pereira Lopes;M;35;Salvador;BA;11;Estagiario de Juridico;Estagiario;Hibrido;2022-07-10;2018.68;Ativo;;;
1414;Gustavo Rocha Gomes;M;31;Fortaleza;CE;3;Senior de Produto;Senior;Remoto;2024-05-20;10933.0;Desligado;2024-07-02;Voluntario;Continuidade dos estudos
1415;Maria Santos Costa;F;40;Sao Paulo;SP;10;Junior de Financeiro;Junior;Remoto;2019-10-07;4792.94;Ativo;;;
1416;Ana Martins Souza;F;29;Curitiba;PR;11;Pleno de Juridico;Pleno;Remoto;2022-03-22;8902.31;Ativo;;;
1417;Natalia Rodrigues Andrade;F;26;Brasilia;DF;1;Junior de Engenharia de Software;Junior;Hibrido;2019-11-11;4487.15;Ativo;;;
1418;Lucas Santos Andrade;M;19;Belo Horizonte;MG;10;Pleno de Financeiro;Pleno;Hibrido;2021-05-13;7033.08;Ativo;;;
1419;Maria Lopes Barbosa;F;27;Sao Paulo;SP;6;Pleno de Customer Success;Pleno;Hibrido;2018-05-13;9372.43;Ativo;;;
1420;Matheus Silva Ferreira;M;28;Campinas;SP;10;Especialista de Financeiro;Especialista;Hibrido;2020-07-27;14749.51;Ativo;;;
1421;Rodrigo Souza Almeida;M;33;Brasilia;DF;4;Junior de Comercial;Junior;Remoto;2024-04-04;4678.08;Ativo;;;
1422;Fernando Oliveira Souza;M;29;Rio de Janeiro;RJ;2;Senior de Dados & Analytics;Senior;Hibrido;2021-08-18;10421.42;Ativo;;;
1423;Daniela Barbosa Pereira;F;41;Rio de Janeiro;RJ;10;Pleno de Financeiro;Pleno;Remoto;2022-05-02;6866.78;Desligado;2024-08-10;Voluntario;Insatisfacao salarial
1424;Aline Andrade Dias;F;37;Salvador;BA;6;Senior de Customer Success;Senior;Hibrido;2023-07-28;14616.82;Ativo;;;
1425;Camila Dias Vieira;F;36;Florianopolis;SC;12;Senior de Administrativo;Senior;Hibrido;2021-10-05;14046.5;Ativo;;;
1426;Thiago Alves Santos;M;30;Brasilia;DF;4;Senior de Comercial;Senior;Hibrido;2022-01-27;10739.31;Ativo;;;
1427;Thiago Oliveira Souza;M;30;Porto Alegre;RS;12;Senior de Administrativo;Senior;Remoto;2023-01-27;14751.15;Ativo;;;
1428;Andre Ferreira Nascimento;M;35;Recife;PE;12;Pleno de Administrativo;Pleno;Remoto;2022-04-19;7579.77;Ativo;;;
1429;Eduardo Pereira Vieira;M;31;Sao Paulo;SP;6;Gerente de Customer Success;Gerente;Remoto;2023-11-19;25476.72;Desligado;2024-01-06;Voluntario;Insatisfacao salarial
1430;Ricardo Martins Ferreira;M;44;Sao Paulo;SP;8;Pleno de Operacoes;Pleno;Remoto;2023-07-23;6506.98;Ativo;;;
1431;Juliana Silva Silva;F;20;Belo Horizonte;MG;2;Junior de Dados & Analytics;Junior;Hibrido;2019-07-06;5184.93;Ativo;;;
1432;Fernando Gomes Carvalho;M;24;Goiania;GO;10;Pleno de Financeiro;Pleno;Hibrido;2023-09-04;9098.94;Ativo;;;
1433;Fernanda Alves Rodrigues;F;29;Campinas;SP;3;Pleno de Produto;Pleno;Remoto;2021-01-05;9423.34;Ativo;;;
1434;Tatiane Almeida Carvalho;F;27;Curitiba;PR;6;Pleno de Customer Success;Pleno;Presencial;2023-05-06;6448.09;Ativo;;;
1435;Ricardo Nascimento Santos;M;32;Brasilia;DF;8;Junior de Operacoes;Junior;Remoto;2020-03-23;4747.73;Ativo;;;
1436;Vinicius Barbosa Oliveira;M;19;Campinas;SP;11;Pleno de Juridico;Pleno;Hibrido;2023-03-29;8624.94;Ativo;;;
1437;Bruna Carvalho Silva;F;19;Florianopolis;SC;7;Estagiario de Suporte Tecnico;Estagiario;Hibrido;2019-03-11;2012.59;Ativo;;;
1438;Bruno Souza Soares;M;25;Rio de Janeiro;RJ;2;Pleno de Dados & Analytics;Pleno;Hibrido;2020-03-18;6115.02;Ativo;;;
1439;Natalia Soares Pereira;F;33;Fortaleza;CE;4;Junior de Comercial;Junior;Hibrido;2019-01-14;4498.11;Desligado;2024-08-30;Voluntario;Insatisfacao salarial
1440;Ana Alves Souza;F;35;Belo Horizonte;MG;8;Pleno de Operacoes;Pleno;Hibrido;2019-12-04;7761.56;Ativo;;;
1441;Debora Ferreira Ferreira;F;32;Campinas;SP;12;Senior de Administrativo;Senior;Presencial;2023-07-22;13837.4;Ativo;;;
1442;Pedro Rocha Ribeiro;M;25;Porto Alegre;RS;6;Senior de Customer Success;Senior;Hibrido;2020-01-11;14559.42;Ativo;;;
1443;Andre Lima Costa;M;44;Brasilia;DF;1;Pleno de Engenharia de Software;Pleno;Hibrido;2022-10-25;8752.03;Ativo;;;
1444;Ana Souza Andrade;F;21;Sao Paulo;SP;9;Pleno de Recursos Humanos;Pleno;Presencial;2024-07-21;7975.29;Desligado;2024-08-12;Voluntario;Continuidade dos estudos
1445;Rafael Silva Lopes;M;26;Florianopolis;SC;7;Pleno de Suporte Tecnico;Pleno;Presencial;2023-09-24;6459.29;Ativo;;;
1446;Lucas Pereira Andrade;M;34;Fortaleza;CE;10;Pleno de Financeiro;Pleno;Hibrido;2022-10-23;6273.43;Ativo;;;
1447;Vanessa Alves Andrade;F;32;Campinas;SP;2;Senior de Dados & Analytics;Senior;Hibrido;2018-07-08;11206.82;Ativo;;;
1448;Beatriz Souza Costa;F;35;Curitiba;PR;6;Senior de Customer Success;Senior;Remoto;2024-05-24;13085.95;Ativo;;;
1449;Felipe Andrade Carvalho;M;39;Curitiba;PR;1;Pleno de Engenharia de Software;Pleno;Hibrido;2020-01-30;8147.59;Ativo;;;
1450;Beatriz Oliveira Lopes;F;31;Brasilia;DF;4;Gerente de Comercial;Gerente;Hibrido;2019-01-13;18720.27;Ativo;;;
1451;Ana Carvalho Rodrigues;F;36;Curitiba;PR;7;Estagiario de Suporte Tecnico;Estagiario;Remoto;2022-08-07;2225.7;Ativo;;;
1452;Larissa Martins Ribeiro;F;33;Belo Horizonte;MG;4;Pleno de Comercial;Pleno;Hibrido;2023-12-31;7706.31;Ativo;;;
1453;Amanda Rocha Ribeiro;F;36;Porto Alegre;RS;10;Senior de Financeiro;Senior;Remoto;2024-10-01;11916.93;Ativo;;;
1454;Thiago Rodrigues Santos;M;39;Goiania;GO;11;Senior de Juridico;Senior;Hibrido;2019-08-25;10491.06;Ativo;;;
1455;Guilherme Rodrigues Souza;M;29;Fortaleza;CE;7;Coordenador de Suporte Tecnico;Coordenador;Remoto;2019-09-05;16674.82;Ativo;;;
1456;Vanessa Ferreira Costa;F;38;Curitiba;PR;7;Junior de Suporte Tecnico;Junior;Remoto;2018-06-27;4380.27;Ativo;;;
1457;Daniela Ferreira Rocha;F;34;Brasilia;DF;4;Pleno de Comercial;Pleno;Hibrido;2020-10-18;7624.79;Ativo;;;
1458;Fernando Fernandes Pereira;M;51;Rio de Janeiro;RJ;11;Especialista de Juridico;Especialista;Hibrido;2019-07-08;16839.38;Ativo;;;
1459;Tatiane Lopes Alves;F;29;Brasilia;DF;6;Junior de Customer Success;Junior;Remoto;2023-11-28;4917.46;Desligado;2024-11-03;Voluntario;Motivos pessoais/familiares
1460;Patricia Silva Andrade;F;35;Salvador;BA;10;Senior de Financeiro;Senior;Remoto;2020-08-28;11320.38;Ativo;;;
1461;Felipe Costa Carvalho;M;37;Brasilia;DF;9;Junior de Recursos Humanos;Junior;Remoto;2022-02-12;3744.82;Ativo;;;
1462;Fernando Rodrigues Vieira;M;29;Sao Paulo;SP;6;Estagiario de Customer Success;Estagiario;Presencial;2024-10-13;2185.82;Ativo;;;
1463;Ana Santos Lopes;F;27;Goiania;GO;12;Junior de Administrativo;Junior;Hibrido;2022-02-28;4200.43;Ativo;;;
1464;Andre Soares Martins;M;31;Fortaleza;CE;1;Junior de Engenharia de Software;Junior;Presencial;2018-12-05;4147.45;Ativo;;;
1465;Eduardo Lopes Pereira;M;32;Rio de Janeiro;RJ;9;Junior de Recursos Humanos;Junior;Remoto;2022-09-23;4406.35;Desligado;2024-06-20;Voluntario;Continuidade dos estudos
1466;Andre Alves Rodrigues;M;37;Recife;PE;6;Estagiario de Customer Success;Estagiario;Hibrido;2019-11-19;2039.83;Ativo;;;
1467;Beatriz Rocha Oliveira;F;31;Sao Paulo;SP;8;Senior de Operacoes;Senior;Hibrido;2024-05-08;11819.89;Ativo;;;
1468;Carolina Ferreira Nascimento;F;28;Fortaleza;CE;8;Senior de Operacoes;Senior;Hibrido;2021-03-17;10251.79;Ativo;;;
1469;Eduardo Almeida Rodrigues;M;20;Goiania;GO;9;Especialista de Recursos Humanos;Especialista;Remoto;2020-04-21;13562.79;Ativo;;;
1470;Larissa Ribeiro Rocha;F;19;Fortaleza;CE;6;Junior de Customer Success;Junior;Remoto;2023-07-13;3909.92;Desligado;2024-04-05;Voluntario;Nova oportunidade de mercado
1471;Marcelo Nascimento Costa;M;33;Florianopolis;SC;9;Senior de Recursos Humanos;Senior;Hibrido;2024-02-04;12016.51;Ativo;;;
1472;Rodrigo Carvalho Lima;M;34;Goiania;GO;7;Pleno de Suporte Tecnico;Pleno;Hibrido;2023-11-01;8411.47;Ativo;;;
1473;Lucas Barbosa Costa;M;36;Goiania;GO;12;Especialista de Administrativo;Especialista;Remoto;2020-03-13;15902.14;Ativo;;;
1474;Leonardo Dias Ribeiro;M;28;Sao Paulo;SP;8;Pleno de Operacoes;Pleno;Remoto;2020-01-02;6088.52;Ativo;;;
1475;Marcelo Ribeiro Almeida;M;26;Brasilia;DF;12;Pleno de Administrativo;Pleno;Hibrido;2024-01-16;7648.89;Ativo;;;
1476;Diego Ribeiro Ferreira;M;31;Campinas;SP;6;Senior de Customer Success;Senior;Hibrido;2024-10-02;14004.22;Ativo;;;
1477;Gustavo Nascimento Alves;M;31;Belo Horizonte;MG;7;Pleno de Suporte Tecnico;Pleno;Remoto;2024-02-24;8199.35;Ativo;;;
1478;Beatriz Fernandes Souza;F;37;Campinas;SP;5;Estagiario de Marketing;Estagiario;Remoto;2020-10-21;2309.47;Ativo;;;
1479;Luciana Nascimento Alves;F;26;Goiania;GO;3;Pleno de Produto;Pleno;Remoto;2020-05-07;8012.34;Ativo;;;
1480;Thiago Ribeiro Lima;M;27;Florianopolis;SC;2;Pleno de Dados & Analytics;Pleno;Remoto;2021-06-10;8740.23;Ativo;;;
1481;Patricia Santos Oliveira;F;28;Recife;PE;7;Pleno de Suporte Tecnico;Pleno;Presencial;2021-05-23;7874.07;Ativo;;;
1482;Priscila Lopes Soares;F;36;Florianopolis;SC;3;Especialista de Produto;Especialista;Hibrido;2019-01-20;17046.38;Ativo;;;
1483;Vinicius Nascimento Fernandes;M;24;Campinas;SP;8;Junior de Operacoes;Junior;Presencial;2021-01-09;4087.49;Ativo;;;
1484;Priscila Barbosa Ribeiro;F;29;Campinas;SP;5;Coordenador de Marketing;Coordenador;Presencial;2024-07-10;17694.77;Ativo;;;
1485;Bruno Almeida Oliveira;M;38;Rio de Janeiro;RJ;8;Estagiario de Operacoes;Estagiario;Hibrido;2020-11-14;2415.27;Ativo;;;
1486;Larissa Gomes Oliveira;F;35;Rio de Janeiro;RJ;5;Junior de Marketing;Junior;Remoto;2024-09-21;4982.6;Ativo;;;
1487;Guilherme Souza Nascimento;M;32;Belo Horizonte;MG;10;Pleno de Financeiro;Pleno;Remoto;2019-01-17;7005.0;Ativo;;;
1488;Fernanda Alves Soares;F;22;Campinas;SP;3;Junior de Produto;Junior;Remoto;2020-03-09;4546.08;Ativo;;;
1489;Rodrigo Carvalho Dias;M;19;Florianopolis;SC;5;Pleno de Marketing;Pleno;Hibrido;2019-01-27;9219.47;Ativo;;;
1490;Vinicius Ribeiro Carvalho;M;35;Fortaleza;CE;12;Junior de Administrativo;Junior;Hibrido;2021-12-29;3568.03;Ativo;;;
1491;Rodrigo Alves Oliveira;M;36;Sao Paulo;SP;11;Pleno de Juridico;Pleno;Hibrido;2018-04-07;9351.73;Ativo;;;
1492;Leonardo Rocha Costa;M;32;Salvador;BA;1;Estagiario de Engenharia de Software;Estagiario;Hibrido;2021-08-12;2308.16;Ativo;;;
1493;Aline Lopes Vieira;F;38;Campinas;SP;4;Pleno de Comercial;Pleno;Remoto;2020-01-08;9133.77;Ativo;;;
1494;Priscila Gomes Vieira;F;39;Belo Horizonte;MG;3;Especialista de Produto;Especialista;Hibrido;2020-08-19;15112.7;Ativo;;;
1495;Larissa Lima Pereira;F;21;Fortaleza;CE;8;Senior de Operacoes;Senior;Presencial;2018-05-26;14654.34;Ativo;;;
1496;Carolina Santos Rodrigues;F;50;Recife;PE;7;Estagiario de Suporte Tecnico;Estagiario;Remoto;2020-03-06;2347.54;Ativo;;;
1497;Priscila Ferreira Barbosa;F;42;Belo Horizonte;MG;9;Junior de Recursos Humanos;Junior;Remoto;2021-04-21;5315.73;Ativo;;;
1498;Larissa Ferreira Nascimento;F;24;Goiania;GO;11;Junior de Juridico;Junior;Hibrido;2024-05-24;4435.66;Desligado;2024-11-11;Voluntario;Insatisfacao salarial
1499;Felipe Souza Santos;M;21;Recife;PE;6;Senior de Customer Success;Senior;Hibrido;2020-04-24;10647.85;Ativo;;;
1500;Eduardo Lima Ribeiro;M;38;Belo Horizonte;MG;12;Coordenador de Administrativo;Coordenador;Remoto;2019-07-12;17643.18;Ativo;;;
1501;Gustavo Nascimento Santos;M;26;Campinas;SP;10;Senior de Financeiro;Senior;Hibrido;2020-12-19;11029.61;Ativo;;;
1502;Bruna Rodrigues Ribeiro;F;26;Fortaleza;CE;7;Pleno de Suporte Tecnico;Pleno;Presencial;2023-02-10;6437.95;Ativo;;;
1503;Gustavo Gomes Souza;M;39;Sao Paulo;SP;10;Especialista de Financeiro;Especialista;Presencial;2020-10-09;14177.85;Ativo;;;
1504;Debora Rodrigues Almeida;F;24;Recife;PE;3;Especialista de Produto;Especialista;Presencial;2018-01-15;16294.77;Ativo;;;
1505;Joao Andrade Fernandes;M;38;Florianopolis;SC;2;Estagiario de Dados & Analytics;Estagiario;Remoto;2022-10-08;2147.38;Ativo;;;
1506;Carolina Lopes Gomes;F;27;Brasilia;DF;10;Junior de Financeiro;Junior;Hibrido;2020-02-01;4287.03;Ativo;;;
1507;Fernando Andrade Almeida;M;32;Recife;PE;2;Senior de Dados & Analytics;Senior;Remoto;2019-11-18;13162.21;Ativo;;;
1508;Vinicius Santos Rodrigues;M;46;Campinas;SP;11;Pleno de Juridico;Pleno;Remoto;2019-01-01;6906.88;Ativo;;;
1509;Rodrigo Silva Martins;M;29;Brasilia;DF;9;Pleno de Recursos Humanos;Pleno;Presencial;2022-10-14;7765.3;Ativo;;;
1510;Eduardo Ribeiro Oliveira;M;28;Recife;PE;7;Senior de Suporte Tecnico;Senior;Remoto;2024-04-24;10275.93;Desligado;2024-10-28;Voluntario;Nova oportunidade de mercado
1511;Fernando Soares Pereira;M;31;Porto Alegre;RS;7;Pleno de Suporte Tecnico;Pleno;Presencial;2020-08-05;8071.9;Ativo;;;
1512;Joao Oliveira Fernandes;M;46;Fortaleza;CE;10;Pleno de Financeiro;Pleno;Hibrido;2023-04-13;9169.89;Ativo;;;
1513;Leonardo Martins Alves;M;31;Fortaleza;CE;12;Estagiario de Administrativo;Estagiario;Presencial;2018-09-28;2425.7;Ativo;;;
1514;Daniela Barbosa Soares;F;23;Sao Paulo;SP;6;Senior de Customer Success;Senior;Remoto;2018-10-13;11384.64;Ativo;;;
1515;Renata Rodrigues Nascimento;F;47;Salvador;BA;12;Senior de Administrativo;Senior;Hibrido;2021-09-20;14761.72;Ativo;;;
1516;Renata Ribeiro Silva;F;29;Porto Alegre;RS;10;Junior de Financeiro;Junior;Presencial;2022-11-19;3669.54;Desligado;2024-09-14;Voluntario;Mudanca de carreira
1517;Carolina Almeida Fernandes;F;38;Rio de Janeiro;RJ;9;Coordenador de Recursos Humanos;Coordenador;Remoto;2023-07-06;13420.91;Ativo;;;
1518;Eduardo Andrade Carvalho;M;42;Fortaleza;CE;10;Junior de Financeiro;Junior;Hibrido;2024-04-20;3900.1;Desligado;2024-10-12;Voluntario;Mudanca de carreira
1519;Andre Andrade Carvalho;M;47;Belo Horizonte;MG;6;Pleno de Customer Success;Pleno;Hibrido;2023-02-04;8045.45;Ativo;;;
1520;Matheus Alves Gomes;M;29;Fortaleza;CE;2;Junior de Dados & Analytics;Junior;Hibrido;2019-08-15;4751.35;Ativo;;;
1521;Juliana Vieira Martins;F;35;Rio de Janeiro;RJ;9;Junior de Recursos Humanos;Junior;Hibrido;2021-04-27;4171.93;Ativo;;;
1522;Andre Rocha Lima;M;35;Salvador;BA;5;Pleno de Marketing;Pleno;Remoto;2020-09-20;8112.27;Ativo;;;
1523;Gustavo Almeida Nascimento;M;34;Brasilia;DF;6;Junior de Customer Success;Junior;Remoto;2019-07-01;4346.12;Ativo;;;
1524;Bruno Ferreira Martins;M;33;Porto Alegre;RS;10;Senior de Financeiro;Senior;Hibrido;2020-05-27;10546.51;Ativo;;;
1525;Ana Gomes Vieira;F;30;Porto Alegre;RS;5;Senior de Marketing;Senior;Presencial;2022-05-27;10899.34;Ativo;;;
1526;Natalia Andrade Almeida;F;34;Curitiba;PR;12;Junior de Administrativo;Junior;Remoto;2018-05-24;3778.03;Ativo;;;
1527;Joao Rodrigues Lima;M;28;Porto Alegre;RS;12;Junior de Administrativo;Junior;Hibrido;2020-08-03;4549.35;Ativo;;;
1528;Camila Rocha Dias;F;29;Porto Alegre;RS;5;Senior de Marketing;Senior;Hibrido;2019-02-23;12768.5;Ativo;;;
1529;Larissa Lopes Nascimento;F;24;Campinas;SP;1;Pleno de Engenharia de Software;Pleno;Hibrido;2018-01-29;8923.36;Ativo;;;
1530;Joao Souza Lima;M;25;Fortaleza;CE;11;Estagiario de Juridico;Estagiario;Remoto;2019-09-18;1889.02;Ativo;;;
1531;Ricardo Andrade Ribeiro;M;22;Brasilia;DF;10;Coordenador de Financeiro;Coordenador;Hibrido;2019-04-18;15224.93;Ativo;;;
1532;Luciana Carvalho Lima;F;26;Campinas;SP;8;Junior de Operacoes;Junior;Remoto;2023-11-06;4923.44;Ativo;;;
1533;Camila Ribeiro Soares;F;33;Goiania;GO;6;Pleno de Customer Success;Pleno;Remoto;2022-12-10;7118.0;Ativo;;;
1534;Guilherme Ferreira Vieira;M;34;Sao Paulo;SP;6;Junior de Customer Success;Junior;Remoto;2021-10-26;5395.73;Ativo;;;
1535;Thiago Almeida Nascimento;M;41;Belo Horizonte;MG;5;Pleno de Marketing;Pleno;Remoto;2023-08-22;7615.64;Ativo;;;
1536;Larissa Santos Lima;F;36;Recife;PE;3;Pleno de Produto;Pleno;Hibrido;2018-05-17;8401.27;Ativo;;;
1537;Bruna Santos Gomes;F;35;Porto Alegre;RS;9;Junior de Recursos Humanos;Junior;Presencial;2019-06-19;4862.89;Ativo;;;
1538;Leonardo Alves Rocha;M;23;Belo Horizonte;MG;1;Junior de Engenharia de Software;Junior;Hibrido;2021-10-15;4410.96;Ativo;;;
1539;Ricardo Ferreira Fernandes;M;23;Recife;PE;4;Senior de Comercial;Senior;Presencial;2019-03-03;13054.45;Ativo;;;
1540;Carolina Lima Dias;F;39;Goiania;GO;11;Pleno de Juridico;Pleno;Hibrido;2018-10-04;6301.05;Ativo;;;
1541;Camila Fernandes Vieira;F;38;Recife;PE;12;Coordenador de Administrativo;Coordenador;Presencial;2021-11-20;16132.36;Ativo;;;
1542;Joao Rodrigues Soares;M;32;Porto Alegre;RS;10;Pleno de Financeiro;Pleno;Hibrido;2023-02-16;6488.73;Ativo;;;
1543;Debora Carvalho Costa;F;29;Belo Horizonte;MG;2;Especialista de Dados & Analytics;Especialista;Remoto;2023-12-31;16596.6;Ativo;;;
1544;Bruno Rodrigues Soares;M;21;Curitiba;PR;10;Coordenador de Financeiro;Coordenador;Hibrido;2021-07-04;13387.81;Ativo;;;
1545;Gustavo Barbosa Nascimento;M;37;Florianopolis;SC;2;Senior de Dados & Analytics;Senior;Remoto;2022-07-24;13606.58;Ativo;;;
1546;Andre Almeida Oliveira;M;19;Rio de Janeiro;RJ;8;Estagiario de Operacoes;Estagiario;Remoto;2024-09-02;1846.19;Ativo;;;
1547;Joao Lopes Ribeiro;M;19;Porto Alegre;RS;3;Senior de Produto;Senior;Remoto;2019-09-13;14653.86;Ativo;;;
1548;Fernanda Almeida Barbosa;F;32;Florianopolis;SC;8;Especialista de Operacoes;Especialista;Presencial;2020-02-29;14077.26;Desligado;2024-10-28;Voluntario;Mudanca de carreira
1549;Rodrigo Silva Andrade;M;28;Rio de Janeiro;RJ;12;Junior de Administrativo;Junior;Presencial;2018-10-03;3786.96;Desligado;2024-12-09;Voluntario;Insatisfacao salarial
1550;Matheus Nascimento Pereira;M;37;Porto Alegre;RS;10;Especialista de Financeiro;Especialista;Remoto;2020-09-23;13287.39;Ativo;;;
1551;Bruno Rodrigues Oliveira;M;28;Salvador;BA;10;Senior de Financeiro;Senior;Remoto;2022-09-01;13998.38;Ativo;;;
1552;Lucas Silva Lopes;M;32;Salvador;BA;10;Junior de Financeiro;Junior;Hibrido;2020-01-29;4919.6;Ativo;;;
1553;Bruno Souza Santos;M;38;Campinas;SP;4;Senior de Comercial;Senior;Hibrido;2024-07-05;10065.38;Ativo;;;
1554;Vinicius Souza Lima;M;23;Sao Paulo;SP;12;Junior de Administrativo;Junior;Remoto;2022-06-26;3535.11;Ativo;;;
1555;Rodrigo Dias Silva;M;34;Rio de Janeiro;RJ;11;Pleno de Juridico;Pleno;Remoto;2022-11-11;7473.92;Ativo;;;
1556;Ricardo Alves Vieira;M;23;Curitiba;PR;7;Pleno de Suporte Tecnico;Pleno;Hibrido;2022-11-29;9044.97;Ativo;;;
1557;Diego Silva Oliveira;M;32;Belo Horizonte;MG;7;Senior de Suporte Tecnico;Senior;Remoto;2023-08-08;9537.51;Ativo;;;
1558;Luciana Ribeiro Ribeiro;F;26;Belo Horizonte;MG;10;Pleno de Financeiro;Pleno;Hibrido;2022-08-17;6657.98;Ativo;;;
1559;Leonardo Vieira Oliveira;M;25;Rio de Janeiro;RJ;7;Senior de Suporte Tecnico;Senior;Hibrido;2018-01-26;9978.86;Ativo;;;
1560;Leonardo Alves Nascimento;M;20;Curitiba;PR;9;Especialista de Recursos Humanos;Especialista;Hibrido;2023-10-27;18570.7;Ativo;;;
1561;Larissa Fernandes Silva;F;25;Goiania;GO;6;Junior de Customer Success;Junior;Hibrido;2019-12-30;4742.29;Ativo;;;
1562;Bruno Soares Nascimento;M;36;Fortaleza;CE;2;Senior de Dados & Analytics;Senior;Hibrido;2019-05-19;11065.34;Ativo;;;
1563;Luciana Ferreira Almeida;F;38;Campinas;SP;9;Senior de Recursos Humanos;Senior;Hibrido;2021-03-21;14456.9;Ativo;;;
1564;Rafael Ribeiro Martins;M;32;Salvador;BA;11;Coordenador de Juridico;Coordenador;Remoto;2021-03-05;12052.76;Ativo;;;
1565;Leonardo Pereira Carvalho;M;33;Rio de Janeiro;RJ;7;Pleno de Suporte Tecnico;Pleno;Hibrido;2022-12-19;6173.92;Ativo;;;
1566;Camila Almeida Souza;F;32;Florianopolis;SC;10;Gerente de Financeiro;Gerente;Hibrido;2018-09-18;20917.45;Ativo;;;
1567;Vinicius Ribeiro Nascimento;M;32;Porto Alegre;RS;12;Junior de Administrativo;Junior;Remoto;2024-03-21;4121.58;Ativo;;;
1568;Lucas Costa Lopes;M;27;Rio de Janeiro;RJ;10;Pleno de Financeiro;Pleno;Presencial;2022-11-23;7248.56;Ativo;;;
1569;Carolina Almeida Barbosa;F;32;Goiania;GO;3;Senior de Produto;Senior;Presencial;2021-08-27;10887.99;Ativo;;;
1570;Priscila Pereira Fernandes;F;29;Salvador;BA;9;Senior de Recursos Humanos;Senior;Remoto;2019-10-06;12732.45;Ativo;;;
1571;Vanessa Alves Oliveira;F;35;Fortaleza;CE;10;Senior de Financeiro;Senior;Remoto;2022-06-22;11542.71;Ativo;;;
1572;Larissa Silva Dias;F;36;Fortaleza;CE;3;Junior de Produto;Junior;Remoto;2022-07-28;4143.47;Ativo;;;
1573;Marcelo Almeida Soares;M;26;Campinas;SP;1;Pleno de Engenharia de Software;Pleno;Hibrido;2019-05-08;8896.7;Ativo;;;
1574;Gabriel Rodrigues Martins;M;24;Salvador;BA;12;Pleno de Administrativo;Pleno;Hibrido;2022-03-28;6157.43;Ativo;;;
1575;Rafael Oliveira Ribeiro;M;35;Curitiba;PR;1;Especialista de Engenharia de Software;Especialista;Presencial;2020-05-22;13800.52;Ativo;;;
1576;Amanda Barbosa Martins;F;33;Rio de Janeiro;RJ;2;Senior de Dados & Analytics;Senior;Presencial;2020-12-08;13007.21;Ativo;;;
1577;Andre Andrade Lopes;M;37;Porto Alegre;RS;2;Junior de Dados & Analytics;Junior;Hibrido;2024-10-19;5403.08;Ativo;;;
1578;Renata Ribeiro Lopes;F;37;Campinas;SP;9;Especialista de Recursos Humanos;Especialista;Remoto;2022-07-07;15674.49;Ativo;;;
1579;Debora Soares Lima;F;26;Belo Horizonte;MG;11;Estagiario de Juridico;Estagiario;Hibrido;2023-10-28;2157.45;Ativo;;;
1580;Camila Souza Lima;F;23;Fortaleza;CE;4;Coordenador de Comercial;Coordenador;Hibrido;2020-07-03;13280.22;Ativo;;;
1581;Beatriz Rocha Rodrigues;F;37;Sao Paulo;SP;7;Junior de Suporte Tecnico;Junior;Remoto;2020-07-22;4050.01;Desligado;2024-02-20;Voluntario;Nova oportunidade de mercado
1582;Lucas Lopes Dias;M;31;Sao Paulo;SP;10;Junior de Financeiro;Junior;Remoto;2019-03-11;4876.18;Ativo;;;
1583;Marcelo Barbosa Dias;M;46;Recife;PE;1;Pleno de Engenharia de Software;Pleno;Hibrido;2022-11-07;6498.55;Ativo;;;
1584;Rodrigo Barbosa Barbosa;M;36;Rio de Janeiro;RJ;1;Pleno de Engenharia de Software;Pleno;Remoto;2020-01-08;8063.55;Ativo;;;
1585;Leonardo Lopes Almeida;M;30;Curitiba;PR;10;Pleno de Financeiro;Pleno;Remoto;2023-05-21;8402.52;Ativo;;;
1586;Debora Lopes Soares;F;37;Porto Alegre;RS;7;Especialista de Suporte Tecnico;Especialista;Remoto;2024-10-12;16398.29;Ativo;;;
1587;Natalia Fernandes Silva;F;28;Sao Paulo;SP;7;Pleno de Suporte Tecnico;Pleno;Remoto;2020-01-18;7700.96;Desligado;2024-07-08;Voluntario;Motivos pessoais/familiares
1588;Marcelo Almeida Costa;M;32;Salvador;BA;6;Senior de Customer Success;Senior;Hibrido;2020-08-28;12369.84;Ativo;;;
1589;Priscila Santos Santos;F;37;Belo Horizonte;MG;1;Pleno de Engenharia de Software;Pleno;Remoto;2019-10-26;6797.63;Ativo;;;
1590;Larissa Lopes Carvalho;F;41;Belo Horizonte;MG;3;Pleno de Produto;Pleno;Hibrido;2022-09-29;7324.53;Ativo;;;
1591;Renata Lopes Souza;F;38;Brasilia;DF;8;Junior de Operacoes;Junior;Hibrido;2023-12-15;4257.47;Ativo;;;
1592;Natalia Dias Fernandes;F;27;Brasilia;DF;12;Junior de Administrativo;Junior;Hibrido;2021-04-11;5138.52;Ativo;;;
1593;Debora Fernandes Ferreira;F;31;Florianopolis;SC;11;Pleno de Juridico;Pleno;Hibrido;2020-03-08;7608.99;Ativo;;;
1594;Marcelo Lima Lopes;M;33;Brasilia;DF;12;Coordenador de Administrativo;Coordenador;Hibrido;2024-08-27;17389.93;Ativo;;;
1595;Daniela Dias Ribeiro;F;31;Porto Alegre;RS;7;Pleno de Suporte Tecnico;Pleno;Hibrido;2019-03-13;7076.92;Ativo;;;
1596;Ana Silva Vieira;F;32;Sao Paulo;SP;11;Junior de Juridico;Junior;Remoto;2024-04-18;4734.53;Ativo;;;
1597;Diego Ribeiro Andrade;M;19;Brasilia;DF;4;Junior de Comercial;Junior;Hibrido;2019-12-07;4240.25;Ativo;;;
1598;Thiago Martins Souza;M;33;Salvador;BA;10;Senior de Financeiro;Senior;Hibrido;2024-06-06;12167.66;Ativo;;;
1599;Bruna Carvalho Ribeiro;F;33;Sao Paulo;SP;3;Junior de Produto;Junior;Hibrido;2019-10-28;3870.0;Ativo;;;
1600;Felipe Pereira Rocha;M;33;Porto Alegre;RS;11;Pleno de Juridico;Pleno;Remoto;2023-04-10;6071.52;Desligado;2024-06-03;Voluntario;Continuidade dos estudos
1601;Lucas Gomes Souza;M;31;Recife;PE;2;Estagiario de Dados & Analytics;Estagiario;Remoto;2021-12-29;1937.81;Ativo;;;
1602;Joao Fernandes Costa;M;36;Sao Paulo;SP;8;Especialista de Operacoes;Especialista;Remoto;2024-02-26;13888.53;Ativo;;;
1603;Vanessa Vieira Soares;F;28;Salvador;BA;3;Senior de Produto;Senior;Remoto;2022-04-05;12162.3;Ativo;;;
1604;Maria Nascimento Lopes;F;35;Brasilia;DF;6;Junior de Customer Success;Junior;Remoto;2022-01-23;5025.34;Desligado;2024-01-06;Involuntario;Baixo desempenho
1605;Renata Vieira Martins;F;46;Recife;PE;6;Pleno de Customer Success;Pleno;Hibrido;2019-10-01;8771.64;Ativo;;;
1606;Vinicius Souza Nascimento;M;36;Campinas;SP;4;Senior de Comercial;Senior;Remoto;2024-01-01;12182.65;Ativo;;;
1607;Thiago Lopes Soares;M;33;Campinas;SP;10;Junior de Financeiro;Junior;Hibrido;2022-04-28;4238.32;Ativo;;;
1608;Larissa Barbosa Gomes;F;35;Recife;PE;2;Pleno de Dados & Analytics;Pleno;Hibrido;2021-01-07;6019.74;Ativo;;;
1609;Amanda Lopes Rocha;F;24;Rio de Janeiro;RJ;2;Senior de Dados & Analytics;Senior;Hibrido;2020-12-07;9580.43;Ativo;;;
1610;Rodrigo Lima Santos;M;23;Porto Alegre;RS;12;Pleno de Administrativo;Pleno;Hibrido;2022-07-15;7380.83;Ativo;;;
1611;Beatriz Barbosa Andrade;F;19;Rio de Janeiro;RJ;6;Pleno de Customer Success;Pleno;Remoto;2021-08-19;7577.54;Ativo;;;
1612;Fernando Costa Lima;M;28;Rio de Janeiro;RJ;4;Coordenador de Comercial;Coordenador;Hibrido;2019-08-15;13695.26;Desligado;2024-05-12;Voluntario;Continuidade dos estudos
1613;Vanessa Alves Ribeiro;F;37;Rio de Janeiro;RJ;9;Especialista de Recursos Humanos;Especialista;Hibrido;2022-03-12;15323.11;Ativo;;;
1614;Tatiane Gomes Carvalho;F;36;Campinas;SP;8;Junior de Operacoes;Junior;Hibrido;2019-12-24;3793.05;Ativo;;;
1615;Amanda Carvalho Martins;F;30;Porto Alegre;RS;6;Junior de Customer Success;Junior;Remoto;2024-07-28;5279.48;Desligado;2024-12-28;Voluntario;Continuidade dos estudos
1616;Natalia Ferreira Silva;F;37;Campinas;SP;10;Senior de Financeiro;Senior;Remoto;2021-04-17;14692.71;Ativo;;;
1617;Fernando Lopes Alves;M;22;Campinas;SP;5;Senior de Marketing;Senior;Hibrido;2023-07-08;12875.23;Desligado;2024-07-26;Voluntario;Motivos pessoais/familiares
1618;Natalia Barbosa Carvalho;F;23;Brasilia;DF;6;Senior de Customer Success;Senior;Hibrido;2024-06-26;12739.36;Ativo;;;
1619;Leonardo Alves Ribeiro;M;32;Fortaleza;CE;1;Estagiario de Engenharia de Software;Estagiario;Hibrido;2024-08-21;2210.23;Ativo;;;
1620;Felipe Rodrigues Andrade;M;34;Campinas;SP;6;Junior de Customer Success;Junior;Hibrido;2022-12-10;4440.89;Ativo;;;
1621;Vanessa Carvalho Costa;F;27;Rio de Janeiro;RJ;8;Senior de Operacoes;Senior;Presencial;2024-08-01;14272.29;Ativo;;;
1622;Andre Lima Gomes;M;37;Campinas;SP;12;Junior de Administrativo;Junior;Remoto;2020-09-18;5487.24;Desligado;2024-04-26;Voluntario;Insatisfacao salarial
1623;Daniela Pereira Martins;F;21;Curitiba;PR;5;Senior de Marketing;Senior;Remoto;2022-12-13;9901.4;Ativo;;;
1624;Matheus Alves Silva;M;40;Curitiba;PR;9;Pleno de Recursos Humanos;Pleno;Hibrido;2022-12-25;8222.31;Ativo;;;
1625;Priscila Lopes Fernandes;F;38;Salvador;BA;12;Coordenador de Administrativo;Coordenador;Remoto;2021-10-09;17237.33;Ativo;;;
1626;Ana Alves Ferreira;F;28;Porto Alegre;RS;10;Pleno de Financeiro;Pleno;Remoto;2022-03-04;7013.76;Ativo;;;
1627;Joao Lima Lima;M;24;Campinas;SP;5;Junior de Marketing;Junior;Remoto;2022-08-17;5053.75;Ativo;;;
1628;Pedro Andrade Lopes;M;19;Sao Paulo;SP;9;Pleno de Recursos Humanos;Pleno;Presencial;2023-08-29;6138.58;Ativo;;;
1629;Lucas Costa Barbosa;M;41;Porto Alegre;RS;2;Estagiario de Dados & Analytics;Estagiario;Hibrido;2021-10-30;1857.65;Ativo;;;
1630;Andre Ribeiro Dias;M;44;Campinas;SP;8;Coordenador de Operacoes;Coordenador;Hibrido;2018-06-24;13442.69;Ativo;;;
1631;Marcelo Andrade Rodrigues;M;22;Curitiba;PR;5;Pleno de Marketing;Pleno;Remoto;2018-12-05;7397.46;Ativo;;;
1632;Fernando Andrade Soares;M;39;Rio de Janeiro;RJ;2;Estagiario de Dados & Analytics;Estagiario;Hibrido;2022-08-04;2481.38;Ativo;;;
1633;Debora Oliveira Pereira;F;31;Brasilia;DF;9;Junior de Recursos Humanos;Junior;Presencial;2021-07-23;4413.8;Ativo;;;
1634;Thiago Costa Vieira;M;27;Goiania;GO;7;Coordenador de Suporte Tecnico;Coordenador;Hibrido;2021-11-24;16684.73;Ativo;;;
1635;Beatriz Carvalho Alves;F;19;Belo Horizonte;MG;2;Especialista de Dados & Analytics;Especialista;Hibrido;2019-02-08;15727.02;Ativo;;;
1636;Rafael Alves Lima;M;30;Fortaleza;CE;8;Junior de Operacoes;Junior;Hibrido;2022-08-26;3782.37;Ativo;;;
1637;Patricia Vieira Santos;F;44;Fortaleza;CE;5;Senior de Marketing;Senior;Presencial;2019-06-28;9853.78;Ativo;;;
1638;Camila Costa Fernandes;F;42;Salvador;BA;3;Pleno de Produto;Pleno;Remoto;2021-08-29;6137.26;Ativo;;;
1639;Beatriz Lima Rodrigues;F;44;Recife;PE;3;Pleno de Produto;Pleno;Hibrido;2024-02-18;7656.75;Ativo;;;
1640;Bruna Gomes Silva;F;38;Campinas;SP;2;Pleno de Dados & Analytics;Pleno;Presencial;2020-04-21;7618.63;Ativo;;;
1641;Pedro Nascimento Dias;M;43;Curitiba;PR;8;Estagiario de Operacoes;Estagiario;Remoto;2020-03-03;2149.28;Ativo;;;
1642;Natalia Martins Gomes;F;26;Campinas;SP;1;Pleno de Engenharia de Software;Pleno;Remoto;2020-12-31;7480.56;Ativo;;;
1643;Camila Fernandes Pereira;F;26;Fortaleza;CE;4;Junior de Comercial;Junior;Hibrido;2023-12-07;5054.68;Ativo;;;
1644;Maria Martins Lima;F;36;Porto Alegre;RS;2;Junior de Dados & Analytics;Junior;Hibrido;2022-07-08;4445.84;Ativo;;;
1645;Felipe Gomes Alves;M;32;Belo Horizonte;MG;11;Pleno de Juridico;Pleno;Hibrido;2023-02-11;8964.75;Ativo;;;
1646;Aline Rocha Carvalho;F;23;Sao Paulo;SP;10;Coordenador de Financeiro;Coordenador;Remoto;2023-08-31;17210.38;Ativo;;;
1647;Juliana Lopes Lopes;F;36;Goiania;GO;11;Senior de Juridico;Senior;Hibrido;2019-01-04;13084.09;Ativo;;;
1648;Aline Nascimento Carvalho;F;28;Rio de Janeiro;RJ;7;Pleno de Suporte Tecnico;Pleno;Hibrido;2021-01-04;8892.02;Ativo;;;
1649;Guilherme Soares Oliveira;M;40;Recife;PE;11;Pleno de Juridico;Pleno;Presencial;2023-05-22;9037.73;Ativo;;;
1650;Daniela Andrade Fernandes;F;39;Goiania;GO;4;Senior de Comercial;Senior;Remoto;2020-01-15;10822.06;Desligado;2024-08-19;Voluntario;Mudanca de carreira
1651;Maria Santos Rocha;F;36;Campinas;SP;3;Pleno de Produto;Pleno;Remoto;2020-11-01;7180.61;Ativo;;;
1652;Eduardo Rocha Rodrigues;M;33;Sao Paulo;SP;11;Pleno de Juridico;Pleno;Hibrido;2021-09-15;6290.61;Ativo;;;
1653;Amanda Rocha Gomes;F;37;Recife;PE;4;Especialista de Comercial;Especialista;Remoto;2018-10-28;13788.68;Ativo;;;
1654;Gabriel Ferreira Pereira;M;28;Florianopolis;SC;7;Junior de Suporte Tecnico;Junior;Remoto;2020-09-02;4172.26;Ativo;;;
1655;Ricardo Dias Carvalho;M;22;Recife;PE;2;Coordenador de Dados & Analytics;Coordenador;Remoto;2018-04-25;15538.37;Ativo;;;
1656;Debora Andrade Rodrigues;F;41;Porto Alegre;RS;12;Especialista de Administrativo;Especialista;Hibrido;2023-10-24;14738.51;Ativo;;;
1657;Fernando Costa Gomes;M;33;Curitiba;PR;8;Estagiario de Operacoes;Estagiario;Remoto;2018-11-16;2080.86;Ativo;;;
1658;Andre Ribeiro Ferreira;M;21;Salvador;BA;3;Junior de Produto;Junior;Hibrido;2021-06-27;4742.71;Ativo;;;
1659;Luciana Pereira Silva;F;38;Sao Paulo;SP;11;Junior de Juridico;Junior;Remoto;2020-12-30;4004.09;Ativo;;;
1660;Lucas Almeida Alves;M;30;Porto Alegre;RS;1;Junior de Engenharia de Software;Junior;Presencial;2022-09-28;5384.9;Ativo;;;
1661;Pedro Martins Barbosa;M;38;Salvador;BA;2;Senior de Dados & Analytics;Senior;Hibrido;2020-01-19;13611.83;Ativo;;;
1662;Fernanda Oliveira Ribeiro;F;37;Belo Horizonte;MG;9;Junior de Recursos Humanos;Junior;Hibrido;2021-05-10;4092.29;Ativo;;;
1663;Joao Nascimento Soares;M;46;Salvador;BA;6;Pleno de Customer Success;Pleno;Presencial;2018-12-25;6216.35;Ativo;;;
1664;Debora Souza Pereira;F;27;Goiania;GO;4;Senior de Comercial;Senior;Remoto;2020-02-09;9549.67;Ativo;;;
1665;Bruno Lima Gomes;M;30;Goiania;GO;3;Pleno de Produto;Pleno;Remoto;2019-07-21;6163.21;Ativo;;;
1666;Renata Rodrigues Carvalho;F;28;Curitiba;PR;7;Junior de Suporte Tecnico;Junior;Hibrido;2020-09-26;5003.78;Ativo;;;
1667;Rodrigo Andrade Dias;M;35;Curitiba;PR;8;Pleno de Operacoes;Pleno;Remoto;2019-12-26;7877.23;Ativo;;;
1668;Larissa Carvalho Rodrigues;F;35;Sao Paulo;SP;5;Pleno de Marketing;Pleno;Remoto;2022-11-26;6169.27;Ativo;;;
1669;Patricia Pereira Barbosa;F;23;Fortaleza;CE;1;Pleno de Engenharia de Software;Pleno;Hibrido;2024-09-29;6776.21;Ativo;;;
1670;Diego Vieira Dias;M;26;Campinas;SP;12;Senior de Administrativo;Senior;Presencial;2020-09-20;12157.01;Ativo;;;
1671;Juliana Silva Lopes;F;34;Belo Horizonte;MG;6;Senior de Customer Success;Senior;Remoto;2020-02-08;11220.86;Ativo;;;
1672;Renata Dias Alves;F;19;Goiania;GO;7;Junior de Suporte Tecnico;Junior;Remoto;2019-02-03;4414.93;Ativo;;;
1673;Vanessa Andrade Barbosa;F;28;Porto Alegre;RS;6;Pleno de Customer Success;Pleno;Hibrido;2023-01-08;9270.98;Ativo;;;
1674;Gabriel Fernandes Santos;M;22;Sao Paulo;SP;11;Pleno de Juridico;Pleno;Hibrido;2020-08-02;7116.6;Ativo;;;
1675;Beatriz Lopes Ribeiro;F;30;Brasilia;DF;6;Coordenador de Customer Success;Coordenador;Hibrido;2018-12-17;14595.08;Desligado;2024-08-02;Voluntario;Continuidade dos estudos
1676;Joao Lima Soares;M;31;Brasilia;DF;6;Pleno de Customer Success;Pleno;Remoto;2020-11-02;8776.25;Ativo;;;
1677;Carolina Martins Dias;F;32;Recife;PE;11;Junior de Juridico;Junior;Remoto;2020-01-24;4710.83;Ativo;;;
1678;Gustavo Santos Vieira;M;33;Belo Horizonte;MG;7;Pleno de Suporte Tecnico;Pleno;Hibrido;2021-11-16;9094.39;Ativo;;;
1679;Larissa Soares Lopes;F;35;Recife;PE;7;Junior de Suporte Tecnico;Junior;Presencial;2019-08-31;4164.47;Ativo;;;
1680;Fernanda Oliveira Costa;F;32;Goiania;GO;8;Pleno de Operacoes;Pleno;Presencial;2021-05-11;8953.48;Ativo;;;
1681;Fernanda Lima Souza;F;28;Recife;PE;1;Junior de Engenharia de Software;Junior;Remoto;2018-05-21;4452.1;Ativo;;;
1682;Matheus Lopes Lima;M;30;Goiania;GO;11;Estagiario de Juridico;Estagiario;Hibrido;2021-10-03;2422.74;Ativo;;;
1683;Vanessa Gomes Lima;F;23;Brasilia;DF;11;Junior de Juridico;Junior;Remoto;2021-02-06;5133.88;Ativo;;;
1684;Tatiane Costa Carvalho;F;33;Belo Horizonte;MG;9;Pleno de Recursos Humanos;Pleno;Hibrido;2018-06-29;6696.29;Ativo;;;
1685;Debora Rodrigues Fernandes;F;32;Campinas;SP;7;Gerente de Suporte Tecnico;Gerente;Hibrido;2019-07-27;25271.03;Ativo;;;
1686;Ana Alves Rodrigues;F;33;Sao Paulo;SP;8;Junior de Operacoes;Junior;Hibrido;2021-05-05;5184.0;Ativo;;;
1687;Rafael Santos Lopes;M;39;Porto Alegre;RS;1;Pleno de Engenharia de Software;Pleno;Remoto;2024-09-06;6389.17;Ativo;;;
1688;Eduardo Carvalho Souza;M;32;Fortaleza;CE;12;Junior de Administrativo;Junior;Remoto;2024-03-12;4571.03;Ativo;;;
1689;Eduardo Ribeiro Nascimento;M;31;Florianopolis;SC;8;Coordenador de Operacoes;Coordenador;Hibrido;2019-02-28;16463.42;Ativo;;;
1690;Priscila Lopes Souza;F;23;Goiania;GO;11;Pleno de Juridico;Pleno;Remoto;2024-03-03;8767.2;Desligado;2024-07-11;Voluntario;Insatisfacao salarial
1691;Diego Oliveira Alves;M;32;Porto Alegre;RS;8;Junior de Operacoes;Junior;Presencial;2023-09-20;4802.68;Ativo;;;
1692;Rafael Andrade Soares;M;31;Porto Alegre;RS;11;Pleno de Juridico;Pleno;Hibrido;2019-07-25;6930.9;Ativo;;;
1693;Fernando Silva Soares;M;37;Brasilia;DF;7;Junior de Suporte Tecnico;Junior;Remoto;2020-08-17;3630.48;Ativo;;;
1694;Andre Oliveira Pereira;M;34;Fortaleza;CE;6;Junior de Customer Success;Junior;Remoto;2023-12-28;4528.08;Ativo;;;
1695;Thiago Silva Gomes;M;35;Campinas;SP;5;Gerente de Marketing;Gerente;Remoto;2018-05-15;20998.02;Ativo;;;
1696;Marcelo Ribeiro Vieira;M;33;Rio de Janeiro;RJ;11;Pleno de Juridico;Pleno;Presencial;2024-02-26;6234.33;Ativo;;;
1697;Fernanda Silva Oliveira;F;33;Fortaleza;CE;4;Pleno de Comercial;Pleno;Remoto;2022-07-12;8256.46;Ativo;;;
1698;Priscila Rocha Lima;F;33;Brasilia;DF;9;Pleno de Recursos Humanos;Pleno;Remoto;2019-05-07;7898.44;Ativo;;;
1699;Thiago Santos Rocha;M;36;Brasilia;DF;10;Junior de Financeiro;Junior;Presencial;2018-04-26;4696.2;Ativo;;;
1700;Aline Andrade Andrade;F;31;Brasilia;DF;4;Pleno de Comercial;Pleno;Hibrido;2022-08-14;9198.71;Ativo;;;
1701;Bruno Santos Rocha;M;43;Porto Alegre;RS;9;Junior de Recursos Humanos;Junior;Remoto;2021-08-01;4303.64;Desligado;2024-12-28;Involuntario;Reestruturacao da area
1702;Lucas Fernandes Barbosa;M;25;Salvador;BA;8;Junior de Operacoes;Junior;Remoto;2021-10-10;3993.97;Ativo;;;
1703;Marcelo Lima Ferreira;M;21;Curitiba;PR;11;Pleno de Juridico;Pleno;Hibrido;2018-02-21;8412.94;Ativo;;;
1704;Juliana Silva Alves;F;31;Belo Horizonte;MG;2;Pleno de Dados & Analytics;Pleno;Remoto;2023-04-02;8837.67;Ativo;;;
1705;Renata Gomes Rocha;F;30;Campinas;SP;10;Junior de Financeiro;Junior;Remoto;2024-07-28;4422.4;Ativo;;;
1706;Gabriel Gomes Lopes;M;27;Salvador;BA;2;Senior de Dados & Analytics;Senior;Remoto;2018-11-14;12741.81;Ativo;;;
1707;Daniela Rodrigues Ribeiro;F;26;Campinas;SP;2;Senior de Dados & Analytics;Senior;Remoto;2018-09-23;11746.56;Ativo;;;
1708;Diego Soares Alves;M;39;Fortaleza;CE;10;Senior de Financeiro;Senior;Remoto;2020-12-14;14933.74;Ativo;;;
1709;Renata Lopes Lima;F;39;Brasilia;DF;12;Pleno de Administrativo;Pleno;Hibrido;2023-01-27;7384.39;Ativo;;;
1710;Juliana Carvalho Ribeiro;F;31;Brasilia;DF;10;Pleno de Financeiro;Pleno;Hibrido;2024-04-30;7960.73;Ativo;;;
1711;Andre Rocha Carvalho;M;35;Rio de Janeiro;RJ;2;Coordenador de Dados & Analytics;Coordenador;Presencial;2024-11-08;16272.99;Ativo;;;
1712;Leonardo Costa Almeida;M;26;Campinas;SP;2;Especialista de Dados & Analytics;Especialista;Remoto;2020-09-30;14960.53;Desligado;2024-05-12;Voluntario;Insatisfacao salarial
1713;Vinicius Soares Rocha;M;29;Campinas;SP;8;Coordenador de Operacoes;Coordenador;Hibrido;2021-04-22;16024.27;Ativo;;;
1714;Rodrigo Almeida Carvalho;M;36;Rio de Janeiro;RJ;4;Junior de Comercial;Junior;Hibrido;2022-11-25;3938.07;Ativo;;;
1715;Carolina Rodrigues Rodrigues;F;25;Campinas;SP;1;Junior de Engenharia de Software;Junior;Hibrido;2023-02-17;3964.6;Desligado;2024-01-19;Voluntario;Mudanca de carreira
1716;Leonardo Carvalho Gomes;M;49;Brasilia;DF;11;Senior de Juridico;Senior;Presencial;2022-08-06;10787.54;Ativo;;;
1717;Gustavo Oliveira Santos;M;32;Florianopolis;SC;11;Senior de Juridico;Senior;Presencial;2024-02-14;14890.77;Ativo;;;
1718;Leonardo Carvalho Carvalho;M;23;Rio de Janeiro;RJ;7;Junior de Suporte Tecnico;Junior;Remoto;2021-07-03;4280.63;Ativo;;;
1719;Luciana Lima Ribeiro;F;22;Porto Alegre;RS;12;Pleno de Administrativo;Pleno;Hibrido;2020-03-16;8180.53;Ativo;;;
1720;Leonardo Silva Souza;M;24;Goiania;GO;2;Especialista de Dados & Analytics;Especialista;Remoto;2023-09-24;13479.03;Ativo;;;
1721;Larissa Ferreira Martins;F;24;Sao Paulo;SP;11;Gerente de Juridico;Gerente;Presencial;2023-09-13;19588.39;Ativo;;;
1722;Andre Nascimento Gomes;M;24;Recife;PE;5;Junior de Marketing;Junior;Hibrido;2018-08-18;3769.99;Ativo;;;
1723;Priscila Barbosa Lima;F;39;Recife;PE;10;Pleno de Financeiro;Pleno;Hibrido;2024-01-04;8390.44;Ativo;;;
1724;Bruno Ferreira Oliveira;M;29;Goiania;GO;4;Junior de Comercial;Junior;Hibrido;2022-03-13;3918.9;Ativo;;;
1725;Camila Carvalho Fernandes;F;33;Sao Paulo;SP;1;Pleno de Engenharia de Software;Pleno;Presencial;2024-01-27;8608.3;Ativo;;;
1726;Marcelo Souza Silva;M;32;Belo Horizonte;MG;3;Senior de Produto;Senior;Hibrido;2020-09-26;13531.03;Ativo;;;
1727;Priscila Nascimento Martins;F;19;Campinas;SP;4;Estagiario de Comercial;Estagiario;Remoto;2020-10-31;2015.81;Ativo;;;
1728;Carolina Barbosa Barbosa;F;34;Recife;PE;9;Pleno de Recursos Humanos;Pleno;Remoto;2024-04-10;8742.57;Ativo;;;
1729;Carolina Oliveira Rodrigues;F;31;Belo Horizonte;MG;8;Pleno de Operacoes;Pleno;Presencial;2022-12-01;7532.03;Ativo;;;
1730;Bruno Souza Silva;M;42;Goiania;GO;3;Pleno de Produto;Pleno;Presencial;2024-05-13;7933.88;Ativo;;;
1731;Joao Alves Lopes;M;31;Campinas;SP;7;Pleno de Suporte Tecnico;Pleno;Hibrido;2019-10-28;6679.85;Ativo;;;
1732;Felipe Carvalho Rocha;M;26;Florianopolis;SC;4;Senior de Comercial;Senior;Hibrido;2023-04-05;14317.35;Ativo;;;
1733;Lucas Gomes Almeida;M;38;Belo Horizonte;MG;6;Estagiario de Customer Success;Estagiario;Hibrido;2019-07-21;2281.46;Ativo;;;
1734;Vanessa Silva Souza;F;33;Belo Horizonte;MG;10;Pleno de Financeiro;Pleno;Presencial;2018-10-13;7870.36;Ativo;;;
1735;Eduardo Lopes Lopes;M;29;Sao Paulo;SP;5;Junior de Marketing;Junior;Presencial;2019-04-26;3914.92;Ativo;;;
1736;Luciana Pereira Alves;F;30;Porto Alegre;RS;8;Junior de Operacoes;Junior;Hibrido;2021-07-08;3821.08;Desligado;2024-02-26;Involuntario;Reducao de quadro
1737;Ana Costa Silva;F;26;Rio de Janeiro;RJ;2;Junior de Dados & Analytics;Junior;Remoto;2021-07-28;4483.42;Desligado;2024-01-29;Involuntario;Reducao de quadro
1738;Vanessa Lopes Andrade;F;32;Brasilia;DF;9;Junior de Recursos Humanos;Junior;Hibrido;2022-06-17;4748.75;Ativo;;;
1739;Ana Lopes Martins;F;33;Fortaleza;CE;12;Senior de Administrativo;Senior;Hibrido;2020-08-12;13090.72;Ativo;;;
1740;Beatriz Nascimento Santos;F;38;Florianopolis;SC;10;Pleno de Financeiro;Pleno;Remoto;2021-10-26;8616.05;Desligado;2024-08-20;Involuntario;Baixo desempenho
1741;Luciana Costa Fernandes;F;30;Rio de Janeiro;RJ;1;Junior de Engenharia de Software;Junior;Remoto;2021-09-30;3596.34;Ativo;;;
1742;Vanessa Lopes Souza;F;20;Fortaleza;CE;1;Junior de Engenharia de Software;Junior;Hibrido;2019-11-22;4964.9;Ativo;;;
1743;Priscila Nascimento Carvalho;F;41;Sao Paulo;SP;11;Especialista de Juridico;Especialista;Remoto;2023-11-27;14967.99;Ativo;;;
1744;Rodrigo Andrade Alves;M;35;Fortaleza;CE;7;Coordenador de Suporte Tecnico;Coordenador;Presencial;2024-10-06;14021.38;Ativo;;;
1745;Priscila Pereira Soares;F;32;Curitiba;PR;2;Pleno de Dados & Analytics;Pleno;Remoto;2024-06-13;7640.42;Ativo;;;
1746;Daniela Nascimento Dias;F;29;Fortaleza;CE;11;Senior de Juridico;Senior;Remoto;2021-12-09;14126.54;Ativo;;;
1747;Rodrigo Andrade Nascimento;M;26;Salvador;BA;6;Junior de Customer Success;Junior;Remoto;2021-04-07;5463.3;Ativo;;;
1748;Bruna Lopes Ferreira;F;30;Brasilia;DF;11;Junior de Juridico;Junior;Remoto;2022-03-12;5276.85;Ativo;;;
1749;Rodrigo Nascimento Andrade;M;37;Rio de Janeiro;RJ;5;Junior de Marketing;Junior;Hibrido;2023-08-25;3808.4;Ativo;;;
1750;Fernanda Ferreira Alves;F;29;Belo Horizonte;MG;8;Pleno de Operacoes;Pleno;Hibrido;2021-08-25;6815.47;Ativo;;;
1751;Camila Carvalho Lopes;F;27;Porto Alegre;RS;1;Pleno de Engenharia de Software;Pleno;Presencial;2018-09-28;6296.27;Ativo;;;
1752;Bruno Fernandes Santos;M;40;Sao Paulo;SP;11;Junior de Juridico;Junior;Hibrido;2019-02-19;4379.12;Ativo;;;
1753;Patricia Ribeiro Dias;F;41;Belo Horizonte;MG;10;Estagiario de Financeiro;Estagiario;Hibrido;2020-10-31;2333.79;Ativo;;;
1754;Leonardo Santos Oliveira;M;34;Recife;PE;12;Senior de Administrativo;Senior;Remoto;2024-01-17;14849.68;Desligado;2024-07-12;Voluntario;Motivos pessoais/familiares
1755;Ricardo Pereira Souza;M;32;Florianopolis;SC;11;Gerente de Juridico;Gerente;Remoto;2023-03-09;27354.48;Ativo;;;
1756;Vinicius Lima Costa;M;25;Recife;PE;8;Estagiario de Operacoes;Estagiario;Remoto;2024-07-22;2016.75;Ativo;;;
1757;Gustavo Lima Rodrigues;M;33;Goiania;GO;10;Junior de Financeiro;Junior;Presencial;2018-08-30;3600.96;Ativo;;;
1758;Pedro Almeida Almeida;M;31;Rio de Janeiro;RJ;12;Junior de Administrativo;Junior;Presencial;2023-05-08;4582.5;Ativo;;;
1759;Ricardo Barbosa Souza;M;19;Florianopolis;SC;1;Estagiario de Engenharia de Software;Estagiario;Remoto;2020-08-17;2205.84;Desligado;2024-09-17;Involuntario;Baixo desempenho
1760;Rafael Rocha Souza;M;28;Curitiba;PR;9;Especialista de Recursos Humanos;Especialista;Remoto;2023-03-19;15798.18;Ativo;;;
1761;Larissa Andrade Gomes;F;35;Goiania;GO;8;Estagiario de Operacoes;Estagiario;Hibrido;2022-01-23;1952.34;Ativo;;;
1762;Tatiane Lopes Andrade;F;33;Rio de Janeiro;RJ;5;Coordenador de Marketing;Coordenador;Hibrido;2023-03-30;14460.83;Ativo;;;
1763;Diego Costa Rodrigues;M;33;Rio de Janeiro;RJ;10;Coordenador de Financeiro;Coordenador;Remoto;2023-06-10;16829.15;Ativo;;;
1764;Eduardo Carvalho Silva;M;41;Curitiba;PR;10;Pleno de Financeiro;Pleno;Presencial;2022-09-08;8934.98;Ativo;;;
1765;Aline Gomes Soares;F;33;Belo Horizonte;MG;3;Pleno de Produto;Pleno;Hibrido;2020-01-23;6514.8;Ativo;;;
1766;Guilherme Ribeiro Nascimento;M;30;Salvador;BA;7;Pleno de Suporte Tecnico;Pleno;Hibrido;2024-03-23;9020.22;Ativo;;;
1767;Beatriz Rodrigues Soares;F;38;Salvador;BA;3;Pleno de Produto;Pleno;Hibrido;2018-04-12;9008.18;Desligado;2024-08-24;Voluntario;Insatisfacao salarial
1768;Andre Carvalho Carvalho;M;36;Fortaleza;CE;8;Especialista de Operacoes;Especialista;Presencial;2022-02-17;14549.22;Desligado;2024-01-13;Voluntario;Continuidade dos estudos
1769;Maria Almeida Rodrigues;F;36;Sao Paulo;SP;8;Junior de Operacoes;Junior;Presencial;2023-02-25;4878.36;Ativo;;;
1770;Lucas Costa Costa;M;27;Salvador;BA;5;Pleno de Marketing;Pleno;Remoto;2019-11-16;7167.13;Ativo;;;
1771;Andre Santos Martins;M;32;Sao Paulo;SP;7;Especialista de Suporte Tecnico;Especialista;Remoto;2018-03-02;15790.26;Ativo;;;
1772;Fernando Santos Rocha;M;30;Goiania;GO;9;Senior de Recursos Humanos;Senior;Remoto;2024-10-26;11925.53;Ativo;;;
1773;Vanessa Martins Dias;F;44;Goiania;GO;6;Coordenador de Customer Success;Coordenador;Hibrido;2018-12-25;15578.0;Ativo;;;
1774;Aline Ribeiro Silva;F;26;Porto Alegre;RS;1;Junior de Engenharia de Software;Junior;Hibrido;2022-07-31;4562.45;Ativo;;;
1775;Marcelo Almeida Rocha;M;40;Curitiba;PR;6;Pleno de Customer Success;Pleno;Hibrido;2021-11-15;7282.07;Ativo;;;
1776;Bruna Rocha Martins;F;35;Curitiba;PR;1;Senior de Engenharia de Software;Senior;Remoto;2018-10-25;13776.88;Ativo;;;
1777;Juliana Santos Fernandes;F;24;Recife;PE;4;Pleno de Comercial;Pleno;Remoto;2022-01-17;8195.28;Desligado;2024-01-13;Voluntario;Motivos pessoais/familiares
1778;Leonardo Fernandes Gomes;M;21;Curitiba;PR;10;Pleno de Financeiro;Pleno;Presencial;2018-01-27;6661.95;Ativo;;;
1779;Leonardo Fernandes Gomes;M;30;Florianopolis;SC;4;Especialista de Comercial;Especialista;Remoto;2024-09-17;13872.32;Ativo;;;
1780;Larissa Silva Silva;F;36;Florianopolis;SC;11;Pleno de Juridico;Pleno;Hibrido;2024-11-05;7972.62;Ativo;;;
1781;Beatriz Gomes Andrade;F;34;Salvador;BA;1;Pleno de Engenharia de Software;Pleno;Hibrido;2018-11-27;9276.96;Ativo;;;
1782;Pedro Ribeiro Lima;M;32;Campinas;SP;11;Junior de Juridico;Junior;Hibrido;2021-02-16;3890.21;Ativo;;;
1783;Camila Santos Rocha;F;35;Rio de Janeiro;RJ;10;Junior de Financeiro;Junior;Presencial;2023-11-19;5066.96;Ativo;;;
1784;Carolina Vieira Andrade;F;34;Sao Paulo;SP;9;Pleno de Recursos Humanos;Pleno;Hibrido;2024-04-03;6692.42;Ativo;;;
1785;Aline Pereira Andrade;F;31;Brasilia;DF;1;Pleno de Engenharia de Software;Pleno;Hibrido;2018-03-22;8580.44;Ativo;;;
1786;Diego Gomes Gomes;M;28;Campinas;SP;10;Junior de Financeiro;Junior;Remoto;2022-10-11;3756.5;Ativo;;;
1787;Marcelo Soares Andrade;M;34;Curitiba;PR;11;Junior de Juridico;Junior;Hibrido;2020-02-17;5239.57;Ativo;;;
1788;Thiago Soares Vieira;M;32;Curitiba;PR;2;Junior de Dados & Analytics;Junior;Remoto;2019-01-16;3514.39;Desligado;2024-09-11;Involuntario;Reestruturacao da area
1789;Camila Rodrigues Nascimento;F;45;Salvador;BA;8;Pleno de Operacoes;Pleno;Hibrido;2019-06-27;6568.77;Ativo;;;
1790;Juliana Oliveira Santos;F;28;Salvador;BA;1;Coordenador de Engenharia de Software;Coordenador;Presencial;2022-04-23;16989.52;Ativo;;;
1791;Vinicius Alves Almeida;M;20;Rio de Janeiro;RJ;6;Junior de Customer Success;Junior;Hibrido;2020-06-11;4450.91;Desligado;2024-07-17;Voluntario;Mudanca de carreira
1792;Luciana Fernandes Soares;F;34;Salvador;BA;8;Estagiario de Operacoes;Estagiario;Presencial;2023-05-05;2178.86;Ativo;;;
1793;Luciana Lopes Rocha;F;34;Salvador;BA;2;Pleno de Dados & Analytics;Pleno;Hibrido;2023-05-31;7175.28;Ativo;;;
1794;Debora Andrade Carvalho;F;25;Belo Horizonte;MG;5;Pleno de Marketing;Pleno;Remoto;2021-12-29;6362.88;Ativo;;;
1795;Leonardo Rodrigues Lopes;M;26;Goiania;GO;4;Estagiario de Comercial;Estagiario;Remoto;2022-08-05;1994.55;Desligado;2024-02-20;Voluntario;Motivos pessoais/familiares
1796;Leonardo Soares Souza;M;25;Goiania;GO;8;Senior de Operacoes;Senior;Remoto;2018-07-11;11910.7;Ativo;;;
1797;Eduardo Lopes Santos;M;28;Goiania;GO;12;Junior de Administrativo;Junior;Presencial;2023-04-27;3754.83;Ativo;;;
1798;Gustavo Ribeiro Souza;M;30;Brasilia;DF;10;Senior de Financeiro;Senior;Remoto;2024-01-30;12217.4;Ativo;;;
1799;Camila Souza Ribeiro;F;34;Brasilia;DF;9;Senior de Recursos Humanos;Senior;Remoto;2023-11-03;9565.79;Ativo;;;
1800;Ana Soares Rodrigues;F;31;Rio de Janeiro;RJ;11;Pleno de Juridico;Pleno;Hibrido;2024-08-17;9398.19;Desligado;2024-12-04;Voluntario;Mudanca de carreira
1801;Bruna Gomes Gomes;F;31;Fortaleza;CE;2;Especialista de Dados & Analytics;Especialista;Remoto;2019-07-31;15329.27;Ativo;;;
1802;Matheus Rodrigues Vieira;M;19;Salvador;BA;11;Pleno de Juridico;Pleno;Hibrido;2023-11-21;6258.59;Ativo;;;
1803;Rodrigo Gomes Alves;M;26;Belo Horizonte;MG;9;Pleno de Recursos Humanos;Pleno;Hibrido;2021-12-15;8127.67;Desligado;2024-06-06;Voluntario;Motivos pessoais/familiares
1804;Gabriel Fernandes Ribeiro;M;51;Rio de Janeiro;RJ;4;Especialista de Comercial;Especialista;Presencial;2022-01-12;17732.16;Ativo;;;
1805;Andre Lopes Vieira;M;25;Porto Alegre;RS;6;Especialista de Customer Success;Especialista;Presencial;2023-08-10;16170.89;Desligado;2024-03-14;Voluntario;Continuidade dos estudos
1806;Aline Martins Lopes;F;38;Goiania;GO;12;Pleno de Administrativo;Pleno;Remoto;2021-11-07;9295.75;Ativo;;;
1807;Matheus Soares Rocha;M;45;Fortaleza;CE;1;Junior de Engenharia de Software;Junior;Hibrido;2024-07-02;4599.42;Desligado;2024-10-02;Voluntario;Motivos pessoais/familiares
1808;Fernanda Andrade Costa;F;28;Rio de Janeiro;RJ;12;Pleno de Administrativo;Pleno;Remoto;2018-09-21;9494.73;Ativo;;;
1809;Renata Pereira Martins;F;30;Recife;PE;2;Coordenador de Dados & Analytics;Coordenador;Remoto;2021-11-23;16243.24;Ativo;;;
1810;Eduardo Andrade Lima;M;29;Campinas;SP;9;Gerente de Recursos Humanos;Gerente;Remoto;2021-06-08;27220.1;Ativo;;;
1811;Rafael Nascimento Silva;M;29;Brasilia;DF;6;Estagiario de Customer Success;Estagiario;Hibrido;2020-05-26;2241.64;Ativo;;;
1812;Natalia Rocha Souza;F;26;Campinas;SP;5;Coordenador de Marketing;Coordenador;Remoto;2024-02-11;17242.28;Ativo;;;
1813;Bruno Barbosa Fernandes;M;20;Brasilia;DF;5;Estagiario de Marketing;Estagiario;Hibrido;2022-12-08;2424.2;Ativo;;;
1814;Fernando Soares Alves;M;27;Fortaleza;CE;12;Pleno de Administrativo;Pleno;Presencial;2021-09-21;8954.16;Ativo;;;
1815;Gabriel Dias Fernandes;M;25;Belo Horizonte;MG;11;Senior de Juridico;Senior;Remoto;2019-08-02;14032.48;Ativo;;;
1816;Guilherme Alves Pereira;M;38;Goiania;GO;1;Junior de Engenharia de Software;Junior;Hibrido;2020-02-16;3853.73;Ativo;;;
1817;Juliana Fernandes Barbosa;F;28;Recife;PE;2;Junior de Dados & Analytics;Junior;Hibrido;2021-05-24;4484.9;Ativo;;;
1818;Luciana Santos Lopes;F;35;Sao Paulo;SP;6;Pleno de Customer Success;Pleno;Remoto;2018-01-28;6767.89;Ativo;;;
1819;Vanessa Ferreira Carvalho;F;40;Sao Paulo;SP;1;Pleno de Engenharia de Software;Pleno;Hibrido;2021-05-21;8645.19;Ativo;;;
1820;Renata Lima Oliveira;F;23;Rio de Janeiro;RJ;1;Senior de Engenharia de Software;Senior;Remoto;2019-10-22;12235.88;Ativo;;;
1821;Gustavo Ferreira Gomes;M;36;Belo Horizonte;MG;1;Coordenador de Engenharia de Software;Coordenador;Hibrido;2018-08-29;13008.11;Ativo;;;
1822;Guilherme Oliveira Rodrigues;M;31;Porto Alegre;RS;10;Senior de Financeiro;Senior;Presencial;2022-08-27;10919.44;Ativo;;;
1823;Larissa Santos Barbosa;F;32;Recife;PE;2;Junior de Dados & Analytics;Junior;Presencial;2024-09-01;4882.33;Ativo;;;
1824;Joao Nascimento Santos;M;28;Porto Alegre;RS;9;Pleno de Recursos Humanos;Pleno;Hibrido;2021-04-06;7933.99;Ativo;;;
1825;Camila Costa Rodrigues;F;39;Salvador;BA;6;Junior de Customer Success;Junior;Remoto;2019-06-12;4014.88;Ativo;;;
1826;Patricia Martins Souza;F;37;Sao Paulo;SP;2;Junior de Dados & Analytics;Junior;Remoto;2020-01-13;3865.41;Ativo;;;
1827;Felipe Barbosa Vieira;M;33;Curitiba;PR;11;Senior de Juridico;Senior;Hibrido;2018-12-29;14212.48;Ativo;;;
1828;Tatiane Soares Martins;F;36;Rio de Janeiro;RJ;10;Estagiario de Financeiro;Estagiario;Hibrido;2024-06-29;2322.26;Ativo;;;
1829;Ana Costa Almeida;F;42;Florianopolis;SC;11;Junior de Juridico;Junior;Remoto;2019-06-22;4078.53;Ativo;;;
1830;Juliana Lopes Silva;F;30;Salvador;BA;10;Senior de Financeiro;Senior;Remoto;2021-02-02;10860.39;Ativo;;;
1831;Joao Lima Fernandes;M;19;Brasilia;DF;10;Pleno de Financeiro;Pleno;Hibrido;2024-10-25;8066.72;Ativo;;;
1832;Felipe Fernandes Rocha;M;35;Belo Horizonte;MG;12;Pleno de Administrativo;Pleno;Remoto;2024-11-20;7246.15;Ativo;;;
1833;Luciana Carvalho Almeida;F;39;Rio de Janeiro;RJ;1;Senior de Engenharia de Software;Senior;Presencial;2019-03-07;13285.69;Ativo;;;
1834;Matheus Ribeiro Fernandes;M;37;Belo Horizonte;MG;8;Junior de Operacoes;Junior;Remoto;2019-05-23;4174.68;Ativo;;;
1835;Gustavo Carvalho Fernandes;M;26;Fortaleza;CE;1;Senior de Engenharia de Software;Senior;Remoto;2019-11-09;12834.06;Ativo;;;
1836;Joao Almeida Barbosa;M;37;Porto Alegre;RS;12;Coordenador de Administrativo;Coordenador;Hibrido;2024-03-13;17495.12;Desligado;2024-05-08;Voluntario;Insatisfacao salarial
1837;Pedro Lopes Lima;M;26;Brasilia;DF;9;Senior de Recursos Humanos;Senior;Presencial;2021-05-26;14961.3;Ativo;;;
1838;Renata Ribeiro Rocha;F;22;Curitiba;PR;7;Senior de Suporte Tecnico;Senior;Remoto;2023-12-06;10313.96;Ativo;;;
1839;Ana Ferreira Andrade;F;41;Florianopolis;SC;3;Coordenador de Produto;Coordenador;Hibrido;2021-01-01;15098.67;Ativo;;;
1840;Rodrigo Oliveira Martins;M;29;Goiania;GO;2;Junior de Dados & Analytics;Junior;Hibrido;2019-01-01;4639.72;Ativo;;;
1841;Matheus Andrade Fernandes;M;26;Porto Alegre;RS;12;Especialista de Administrativo;Especialista;Hibrido;2019-07-07;17604.25;Ativo;;;
1842;Amanda Barbosa Soares;F;28;Recife;PE;5;Junior de Marketing;Junior;Presencial;2018-06-05;4293.72;Ativo;;;
1843;Patricia Nascimento Almeida;F;23;Porto Alegre;RS;7;Pleno de Suporte Tecnico;Pleno;Remoto;2022-10-09;7818.15;Ativo;;;
1844;Thiago Costa Alves;M;35;Fortaleza;CE;3;Junior de Produto;Junior;Hibrido;2021-07-03;4108.58;Ativo;;;
1845;Maria Nascimento Rodrigues;F;25;Campinas;SP;12;Junior de Administrativo;Junior;Remoto;2019-12-16;4159.51;Ativo;;;
1846;Ricardo Lopes Silva;M;45;Sao Paulo;SP;12;Gerente de Administrativo;Gerente;Presencial;2022-02-10;26143.33;Ativo;;;
1847;Andre Fernandes Nascimento;M;34;Goiania;GO;4;Pleno de Comercial;Pleno;Hibrido;2019-01-13;9092.2;Ativo;;;
1848;Renata Fernandes Oliveira;F;42;Campinas;SP;5;Junior de Marketing;Junior;Remoto;2019-06-26;5452.95;Desligado;2024-12-18;Voluntario;Nova oportunidade de mercado
1849;Eduardo Dias Souza;M;21;Recife;PE;3;Pleno de Produto;Pleno;Remoto;2022-09-15;6101.06;Ativo;;;
1850;Daniela Ribeiro Martins;F;36;Belo Horizonte;MG;1;Pleno de Engenharia de Software;Pleno;Hibrido;2021-07-18;7082.23;Ativo;;;
1851;Gabriel Almeida Ribeiro;M;30;Curitiba;PR;1;Pleno de Engenharia de Software;Pleno;Hibrido;2024-02-07;8747.29;Ativo;;;
1852;Maria Pereira Andrade;F;38;Sao Paulo;SP;12;Junior de Administrativo;Junior;Remoto;2019-03-14;5451.77;Ativo;;;
1853;Bruna Alves Oliveira;F;26;Brasilia;DF;9;Especialista de Recursos Humanos;Especialista;Presencial;2019-01-19;15520.45;Ativo;;;
1854;Beatriz Pereira Lopes;F;19;Recife;PE;1;Pleno de Engenharia de Software;Pleno;Hibrido;2024-09-02;8994.7;Ativo;;;
1855;Guilherme Lopes Nascimento;M;26;Goiania;GO;2;Pleno de Dados & Analytics;Pleno;Hibrido;2024-05-17;6154.62;Ativo;;;
1856;Joao Alves Rocha;M;27;Salvador;BA;7;Pleno de Suporte Tecnico;Pleno;Remoto;2018-05-07;7090.63;Desligado;2024-03-17;Aposentadoria;Aposentadoria
1857;Guilherme Vieira Soares;M;24;Fortaleza;CE;6;Senior de Customer Success;Senior;Hibrido;2024-08-27;12011.97;Desligado;2024-12-31;Voluntario;Continuidade dos estudos
1858;Fernando Dias Dias;M;33;Brasilia;DF;6;Senior de Customer Success;Senior;Hibrido;2019-07-19;10872.25;Desligado;2024-03-31;Voluntario;Continuidade dos estudos
1859;Lucas Vieira Rodrigues;M;34;Goiania;GO;11;Pleno de Juridico;Pleno;Hibrido;2023-09-19;7261.46;Ativo;;;
1860;Matheus Lima Vieira;M;30;Curitiba;PR;6;Pleno de Customer Success;Pleno;Hibrido;2023-09-24;9082.68;Ativo;;;
1861;Amanda Dias Silva;F;23;Goiania;GO;3;Pleno de Produto;Pleno;Hibrido;2020-05-01;9355.12;Ativo;;;
1862;Natalia Almeida Silva;F;42;Salvador;BA;4;Pleno de Comercial;Pleno;Hibrido;2019-07-21;8228.86;Ativo;;;
1863;Thiago Carvalho Carvalho;M;27;Porto Alegre;RS;6;Senior de Customer Success;Senior;Hibrido;2021-07-11;14930.12;Ativo;;;
1864;Leonardo Almeida Lopes;M;36;Recife;PE;7;Coordenador de Suporte Tecnico;Coordenador;Hibrido;2019-05-07;17364.67;Ativo;;;
1865;Felipe Santos Lima;M;30;Salvador;BA;8;Senior de Operacoes;Senior;Presencial;2018-07-19;12441.55;Ativo;;;
1866;Aline Silva Martins;F;32;Curitiba;PR;3;Pleno de Produto;Pleno;Remoto;2018-12-17;8872.3;Ativo;;;
1867;Juliana Vieira Silva;F;19;Goiania;GO;4;Pleno de Comercial;Pleno;Hibrido;2021-05-11;9346.33;Ativo;;;
1868;Andre Oliveira Pereira;M;30;Curitiba;PR;3;Gerente de Produto;Gerente;Remoto;2021-05-15;26864.33;Desligado;2024-09-23;Voluntario;Insatisfacao salarial
1869;Carolina Oliveira Rocha;F;19;Campinas;SP;5;Pleno de Marketing;Pleno;Hibrido;2019-01-03;9041.91;Ativo;;;
1870;Joao Lopes Carvalho;M;36;Sao Paulo;SP;1;Pleno de Engenharia de Software;Pleno;Remoto;2020-08-10;6640.13;Ativo;;;
1871;Patricia Pereira Souza;F;20;Fortaleza;CE;5;Junior de Marketing;Junior;Hibrido;2023-10-11;4205.72;Ativo;;;
1872;Thiago Santos Costa;M;34;Florianopolis;SC;6;Junior de Customer Success;Junior;Hibrido;2024-10-17;4311.36;Ativo;;;
1873;Lucas Barbosa Barbosa;M;35;Fortaleza;CE;6;Especialista de Customer Success;Especialista;Remoto;2019-09-09;15332.0;Desligado;2024-08-01;Voluntario;Nova oportunidade de mercado
1874;Luciana Souza Oliveira;F;34;Sao Paulo;SP;3;Especialista de Produto;Especialista;Remoto;2020-08-20;18483.92;Desligado;2024-03-04;Voluntario;Nova oportunidade de mercado
1875;Aline Nascimento Oliveira;F;28;Belo Horizonte;MG;11;Gerente de Juridico;Gerente;Remoto;2020-06-16;18665.43;Ativo;;;
1876;Eduardo Santos Gomes;M;32;Brasilia;DF;7;Junior de Suporte Tecnico;Junior;Hibrido;2020-11-03;4482.53;Ativo;;;
1877;Juliana Souza Dias;F;39;Sao Paulo;SP;5;Junior de Marketing;Junior;Remoto;2018-03-10;4755.63;Desligado;2024-02-27;Voluntario;Continuidade dos estudos
1878;Rodrigo Martins Martins;M;29;Rio de Janeiro;RJ;9;Estagiario de Recursos Humanos;Estagiario;Hibrido;2023-09-14;2329.97;Ativo;;;
1879;Beatriz Barbosa Dias;F;22;Brasilia;DF;7;Coordenador de Suporte Tecnico;Coordenador;Presencial;2019-03-13;17474.25;Ativo;;;
1880;Eduardo Martins Almeida;M;36;Salvador;BA;2;Junior de Dados & Analytics;Junior;Hibrido;2023-05-11;3587.51;Desligado;2024-07-15;Voluntario;Continuidade dos estudos
1881;Thiago Rocha Dias;M;35;Sao Paulo;SP;8;Coordenador de Operacoes;Coordenador;Hibrido;2020-02-16;14496.57;Ativo;;;
1882;Tatiane Costa Vieira;F;27;Curitiba;PR;10;Senior de Financeiro;Senior;Hibrido;2023-05-24;10162.87;Ativo;;;
1883;Gabriel Silva Barbosa;M;31;Goiania;GO;1;Senior de Engenharia de Software;Senior;Remoto;2022-03-28;11231.6;Ativo;;;
1884;Fernando Alves Vieira;M;36;Belo Horizonte;MG;11;Estagiario de Juridico;Estagiario;Presencial;2019-02-13;2308.92;Ativo;;;
1885;Bruna Carvalho Lopes;F;27;Goiania;GO;6;Junior de Customer Success;Junior;Remoto;2019-07-17;4274.22;Desligado;2024-07-01;Voluntario;Continuidade dos estudos
1886;Larissa Pereira Rodrigues;F;29;Sao Paulo;SP;11;Junior de Juridico;Junior;Hibrido;2018-09-20;3690.44;Ativo;;;
1887;Matheus Gomes Vieira;M;35;Salvador;BA;5;Junior de Marketing;Junior;Remoto;2021-10-06;5494.81;Ativo;;;
1888;Carolina Vieira Fernandes;F;32;Belo Horizonte;MG;9;Estagiario de Recursos Humanos;Estagiario;Presencial;2022-01-04;2093.37;Ativo;;;
1889;Vinicius Gomes Barbosa;M;32;Recife;PE;2;Senior de Dados & Analytics;Senior;Presencial;2022-11-19;14913.03;Ativo;;;
1890;Bruna Silva Soares;F;32;Brasilia;DF;6;Pleno de Customer Success;Pleno;Presencial;2019-09-21;8133.07;Ativo;;;
1891;Pedro Pereira Soares;M;43;Florianopolis;SC;9;Junior de Recursos Humanos;Junior;Hibrido;2018-07-09;4154.72;Ativo;;;
1892;Andre Ribeiro Alves;M;32;Curitiba;PR;5;Pleno de Marketing;Pleno;Remoto;2023-04-17;7137.63;Ativo;;;
1893;Lucas Costa Alves;M;29;Campinas;SP;11;Especialista de Juridico;Especialista;Remoto;2018-04-07;14681.04;Ativo;;;
1894;Priscila Barbosa Nascimento;F;33;Recife;PE;8;Junior de Operacoes;Junior;Presencial;2021-04-13;5244.84;Ativo;;;
1895;Daniela Gomes Carvalho;F;25;Recife;PE;7;Junior de Suporte Tecnico;Junior;Hibrido;2023-08-10;4577.26;Desligado;2024-02-04;Voluntario;Insatisfacao salarial
1896;Eduardo Santos Lopes;M;42;Curitiba;PR;6;Pleno de Customer Success;Pleno;Remoto;2023-03-31;7365.4;Desligado;2024-10-07;Involuntario;Baixo desempenho
1897;Felipe Almeida Barbosa;M;19;Curitiba;PR;12;Junior de Administrativo;Junior;Hibrido;2021-01-12;4840.53;Ativo;;;
1898;Vinicius Andrade Costa;M;38;Goiania;GO;6;Junior de Customer Success;Junior;Presencial;2020-05-18;4514.25;Ativo;;;
1899;Amanda Martins Ferreira;F;34;Sao Paulo;SP;10;Pleno de Financeiro;Pleno;Remoto;2019-07-08;7186.77;Ativo;;;
1900;Maria Oliveira Ribeiro;F;23;Sao Paulo;SP;4;Pleno de Comercial;Pleno;Hibrido;2024-06-11;8995.58;Ativo;;;
1901;Matheus Gomes Almeida;M;27;Curitiba;PR;7;Junior de Suporte Tecnico;Junior;Hibrido;2020-07-07;3740.82;Ativo;;;
1902;Ana Silva Alves;F;26;Curitiba;PR;11;Pleno de Juridico;Pleno;Hibrido;2022-06-02;9091.14;Ativo;;;
1903;Larissa Pereira Lima;F;44;Goiania;GO;8;Junior de Operacoes;Junior;Hibrido;2023-02-03;5045.58;Ativo;;;
1904;Thiago Fernandes Pereira;M;34;Belo Horizonte;MG;2;Junior de Dados & Analytics;Junior;Remoto;2021-11-28;4578.46;Ativo;;;
1905;Joao Ferreira Lima;M;30;Rio de Janeiro;RJ;4;Senior de Comercial;Senior;Presencial;2021-12-06;11685.88;Ativo;;;
1906;Matheus Martins Rocha;M;36;Rio de Janeiro;RJ;11;Junior de Juridico;Junior;Hibrido;2019-08-18;3687.22;Ativo;;;
1907;Amanda Gomes Almeida;F;30;Curitiba;PR;2;Senior de Dados & Analytics;Senior;Remoto;2019-07-07;9841.65;Ativo;;;
1908;Bruna Dias Ferreira;F;41;Florianopolis;SC;10;Junior de Financeiro;Junior;Hibrido;2021-08-16;5157.03;Ativo;;;
1909;Juliana Souza Rodrigues;F;41;Belo Horizonte;MG;3;Senior de Produto;Senior;Remoto;2020-09-17;10110.15;Ativo;;;
1910;Bruno Fernandes Martins;M;23;Goiania;GO;7;Pleno de Suporte Tecnico;Pleno;Presencial;2023-03-09;7290.43;Desligado;2024-08-22;Involuntario;Reestruturacao da area
1911;Daniela Carvalho Rocha;F;44;Curitiba;PR;9;Junior de Recursos Humanos;Junior;Hibrido;2024-07-15;3593.27;Ativo;;;
1912;Ricardo Vieira Alves;M;31;Florianopolis;SC;7;Senior de Suporte Tecnico;Senior;Remoto;2023-10-14;11759.2;Desligado;2024-07-12;Voluntario;Mudanca de carreira
1913;Thiago Pereira Santos;M;40;Campinas;SP;1;Junior de Engenharia de Software;Junior;Remoto;2020-04-08;3759.53;Ativo;;;
1914;Fernanda Soares Vieira;F;22;Fortaleza;CE;11;Especialista de Juridico;Especialista;Hibrido;2018-03-25;15007.04;Ativo;;;
1915;Lucas Lopes Dias;M;59;Brasilia;DF;3;Pleno de Produto;Pleno;Remoto;2019-08-03;9019.88;Ativo;;;
1916;Rafael Soares Martins;M;48;Campinas;SP;11;Senior de Juridico;Senior;Presencial;2023-01-29;11546.07;Desligado;2024-09-07;Voluntario;Continuidade dos estudos
1917;Debora Soares Almeida;F;45;Belo Horizonte;MG;4;Junior de Comercial;Junior;Presencial;2024-06-03;3573.21;Desligado;2024-07-19;Voluntario;Mudanca de carreira
1918;Tatiane Nascimento Lopes;F;23;Goiania;GO;11;Junior de Juridico;Junior;Remoto;2022-07-31;4662.91;Ativo;;;
1919;Debora Lima Vieira;F;23;Salvador;BA;8;Estagiario de Operacoes;Estagiario;Hibrido;2020-08-13;2129.82;Ativo;;;
1920;Bruno Pereira Alves;M;39;Fortaleza;CE;3;Junior de Produto;Junior;Hibrido;2023-11-08;3891.99;Ativo;;;
1921;Marcelo Alves Gomes;M;33;Salvador;BA;3;Pleno de Produto;Pleno;Hibrido;2018-10-02;8767.63;Ativo;;;
1922;Luciana Ferreira Ribeiro;F;31;Porto Alegre;RS;7;Senior de Suporte Tecnico;Senior;Hibrido;2023-05-29;13452.89;Ativo;;;
1923;Matheus Oliveira Gomes;M;34;Fortaleza;CE;4;Estagiario de Comercial;Estagiario;Presencial;2020-12-09;2319.61;Ativo;;;
1924;Beatriz Vieira Santos;F;32;Fortaleza;CE;3;Pleno de Produto;Pleno;Remoto;2021-06-08;9118.19;Ativo;;;
1925;Vanessa Almeida Almeida;F;30;Salvador;BA;12;Senior de Administrativo;Senior;Hibrido;2021-03-20;14958.56;Ativo;;;
1926;Bruna Lopes Costa;F;32;Porto Alegre;RS;6;Junior de Customer Success;Junior;Hibrido;2021-01-22;3551.37;Ativo;;;
1927;Maria Ferreira Almeida;F;34;Curitiba;PR;8;Pleno de Operacoes;Pleno;Remoto;2022-10-31;8978.29;Ativo;;;
1928;Juliana Ribeiro Oliveira;F;26;Porto Alegre;RS;8;Junior de Operacoes;Junior;Remoto;2021-08-01;4023.63;Ativo;;;
1929;Guilherme Pereira Souza;M;37;Rio de Janeiro;RJ;5;Pleno de Marketing;Pleno;Remoto;2022-07-24;7331.0;Desligado;2024-06-19;Involuntario;Baixo desempenho
1930;Ana Fernandes Alves;F;42;Recife;PE;3;Junior de Produto;Junior;Remoto;2021-08-19;5428.18;Ativo;;;
1931;Thiago Lima Gomes;M;27;Goiania;GO;11;Senior de Juridico;Senior;Hibrido;2024-08-01;10403.91;Ativo;;;
1932;Amanda Nascimento Barbosa;F;33;Belo Horizonte;MG;12;Pleno de Administrativo;Pleno;Hibrido;2020-12-03;9047.45;Ativo;;;
1933;Maria Gomes Gomes;F;44;Recife;PE;10;Senior de Financeiro;Senior;Hibrido;2021-12-28;13079.43;Ativo;;;
1934;Renata Vieira Rocha;F;33;Sao Paulo;SP;7;Pleno de Suporte Tecnico;Pleno;Hibrido;2021-10-21;8160.56;Ativo;;;
1935;Tatiane Rodrigues Martins;F;37;Curitiba;PR;8;Estagiario de Operacoes;Estagiario;Hibrido;2019-09-27;2259.78;Ativo;;;
1936;Bruno Lopes Pereira;M;20;Florianopolis;SC;6;Especialista de Customer Success;Especialista;Presencial;2020-09-30;13186.04;Ativo;;;
1937;Priscila Costa Oliveira;F;37;Recife;PE;4;Especialista de Comercial;Especialista;Hibrido;2018-12-29;18311.65;Desligado;2024-02-03;Voluntario;Insatisfacao salarial
1938;Vanessa Alves Almeida;F;32;Fortaleza;CE;9;Senior de Recursos Humanos;Senior;Hibrido;2018-01-01;12758.67;Ativo;;;
1939;Diego Rodrigues Vieira;M;35;Belo Horizonte;MG;6;Junior de Customer Success;Junior;Hibrido;2021-08-04;5150.23;Ativo;;;
1940;Maria Lopes Dias;F;38;Recife;PE;6;Pleno de Customer Success;Pleno;Hibrido;2022-02-19;8328.85;Ativo;;;
1941;Beatriz Carvalho Carvalho;F;30;Campinas;SP;9;Senior de Recursos Humanos;Senior;Hibrido;2023-03-02;11426.41;Ativo;;;
1942;Natalia Gomes Costa;F;20;Brasilia;DF;8;Especialista de Operacoes;Especialista;Presencial;2021-12-09;17966.27;Ativo;;;
1943;Fernando Santos Rodrigues;M;42;Belo Horizonte;MG;10;Junior de Financeiro;Junior;Hibrido;2021-07-28;3635.37;Ativo;;;
1944;Luciana Rocha Barbosa;F;34;Brasilia;DF;6;Senior de Customer Success;Senior;Presencial;2019-02-26;12108.33;Ativo;;;
1945;Renata Alves Martins;F;34;Rio de Janeiro;RJ;12;Estagiario de Administrativo;Estagiario;Remoto;2019-06-14;2287.89;Ativo;;;
1946;Amanda Lopes Souza;F;29;Recife;PE;11;Pleno de Juridico;Pleno;Hibrido;2020-04-11;6458.44;Ativo;;;
1947;Carolina Oliveira Ferreira;F;28;Rio de Janeiro;RJ;9;Senior de Recursos Humanos;Senior;Hibrido;2024-01-28;14806.43;Desligado;2024-04-15;Voluntario;Continuidade dos estudos
1948;Pedro Nascimento Barbosa;M;24;Fortaleza;CE;1;Especialista de Engenharia de Software;Especialista;Hibrido;2023-12-07;16966.73;Ativo;;;
1949;Rafael Alves Oliveira;M;21;Salvador;BA;1;Junior de Engenharia de Software;Junior;Remoto;2018-06-17;4177.24;Ativo;;;
1950;Amanda Pereira Gomes;F;24;Campinas;SP;3;Pleno de Produto;Pleno;Presencial;2019-01-20;8460.75;Ativo;;;
1951;Eduardo Santos Ribeiro;M;43;Florianopolis;SC;12;Pleno de Administrativo;Pleno;Hibrido;2020-09-10;8988.05;Ativo;;;
1952;Rafael Costa Carvalho;M;28;Salvador;BA;6;Junior de Customer Success;Junior;Remoto;2022-08-28;5465.79;Ativo;;;
1953;Gabriel Rodrigues Fernandes;M;31;Salvador;BA;12;Senior de Administrativo;Senior;Remoto;2023-07-04;10883.26;Ativo;;;
1954;Juliana Martins Alves;F;36;Belo Horizonte;MG;8;Pleno de Operacoes;Pleno;Hibrido;2022-12-31;8148.3;Ativo;;;
1955;Rodrigo Carvalho Nascimento;M;30;Campinas;SP;5;Coordenador de Marketing;Coordenador;Hibrido;2021-07-04;17262.1;Desligado;2024-03-28;Involuntario;Reestruturacao da area
1956;Ricardo Vieira Gomes;M;41;Brasilia;DF;8;Senior de Operacoes;Senior;Remoto;2021-01-26;10163.22;Ativo;;;
1957;Leonardo Nascimento Dias;M;31;Fortaleza;CE;1;Pleno de Engenharia de Software;Pleno;Remoto;2021-10-31;8275.4;Ativo;;;
1958;Amanda Silva Rodrigues;F;40;Fortaleza;CE;10;Senior de Financeiro;Senior;Hibrido;2022-09-19;14941.07;Ativo;;;
1959;Marcelo Barbosa Pereira;M;30;Florianopolis;SC;10;Junior de Financeiro;Junior;Presencial;2022-10-18;3919.76;Ativo;;;
1960;Luciana Lopes Almeida;F;19;Fortaleza;CE;11;Pleno de Juridico;Pleno;Remoto;2024-02-10;9350.61;Ativo;;;
1961;Lucas Gomes Rocha;M;27;Fortaleza;CE;8;Junior de Operacoes;Junior;Hibrido;2022-09-12;5057.13;Ativo;;;
1962;Carolina Martins Barbosa;F;33;Belo Horizonte;MG;9;Especialista de Recursos Humanos;Especialista;Remoto;2024-07-26;17527.21;Ativo;;;
1963;Beatriz Ferreira Barbosa;F;32;Goiania;GO;8;Junior de Operacoes;Junior;Remoto;2020-10-24;3940.0;Ativo;;;
1964;Priscila Martins Dias;F;26;Belo Horizonte;MG;9;Junior de Recursos Humanos;Junior;Remoto;2018-06-28;4681.34;Desligado;2024-06-18;Involuntario;Reducao de quadro
1965;Marcelo Nascimento Santos;M;34;Curitiba;PR;3;Junior de Produto;Junior;Hibrido;2020-03-30;3587.04;Desligado;2024-10-20;Aposentadoria;Aposentadoria
1966;Guilherme Rocha Fernandes;M;29;Porto Alegre;RS;5;Pleno de Marketing;Pleno;Hibrido;2024-03-20;6859.54;Desligado;2024-12-17;Voluntario;Nova oportunidade de mercado
1967;Vinicius Carvalho Fernandes;M;30;Rio de Janeiro;RJ;2;Pleno de Dados & Analytics;Pleno;Hibrido;2019-12-22;7518.23;Ativo;;;
1968;Juliana Souza Soares;F;24;Recife;PE;5;Estagiario de Marketing;Estagiario;Remoto;2024-11-02;1950.04;Ativo;;;
1969;Priscila Ferreira Lima;F;29;Curitiba;PR;9;Estagiario de Recursos Humanos;Estagiario;Hibrido;2022-02-18;2462.34;Ativo;;;
1970;Eduardo Silva Oliveira;M;30;Campinas;SP;4;Senior de Comercial;Senior;Remoto;2023-11-28;13381.72;Desligado;2024-02-09;Voluntario;Motivos pessoais/familiares
1971;Aline Andrade Martins;F;31;Curitiba;PR;3;Estagiario de Produto;Estagiario;Hibrido;2018-03-01;1892.58;Ativo;;;
1972;Ana Silva Lima;F;36;Rio de Janeiro;RJ;12;Gerente de Administrativo;Gerente;Presencial;2018-09-19;19135.51;Ativo;;;
1973;Thiago Dias Andrade;M;40;Fortaleza;CE;6;Junior de Customer Success;Junior;Hibrido;2020-02-11;4232.09;Ativo;;;
1974;Priscila Oliveira Oliveira;F;43;Florianopolis;SC;5;Senior de Marketing;Senior;Hibrido;2018-05-29;13199.78;Ativo;;;
1975;Eduardo Rodrigues Lopes;M;24;Porto Alegre;RS;4;Pleno de Comercial;Pleno;Hibrido;2022-01-27;8539.76;Desligado;2024-05-27;Voluntario;Insatisfacao salarial
1976;Joao Barbosa Souza;M;29;Belo Horizonte;MG;11;Junior de Juridico;Junior;Hibrido;2022-10-06;5344.31;Ativo;;;
1977;Camila Fernandes Andrade;F;21;Salvador;BA;6;Estagiario de Customer Success;Estagiario;Hibrido;2020-10-17;2460.06;Ativo;;;
1978;Lucas Dias Silva;M;29;Campinas;SP;7;Senior de Suporte Tecnico;Senior;Presencial;2021-11-12;13576.85;Ativo;;;
1979;Fernanda Almeida Ribeiro;F;38;Belo Horizonte;MG;11;Pleno de Juridico;Pleno;Remoto;2021-10-26;7123.44;Ativo;;;
1980;Pedro Dias Fernandes;M;23;Curitiba;PR;12;Estagiario de Administrativo;Estagiario;Remoto;2023-05-10;2034.45;Ativo;;;
1981;Ana Rocha Soares;F;34;Campinas;SP;6;Junior de Customer Success;Junior;Hibrido;2018-10-04;3518.44;Ativo;;;
1982;Marcelo Nascimento Gomes;M;36;Fortaleza;CE;7;Junior de Suporte Tecnico;Junior;Hibrido;2023-06-22;3656.06;Ativo;;;
1983;Ricardo Silva Santos;M;38;Salvador;BA;8;Coordenador de Operacoes;Coordenador;Remoto;2020-01-05;12201.04;Ativo;;;
1984;Felipe Ribeiro Pereira;M;35;Curitiba;PR;2;Pleno de Dados & Analytics;Pleno;Hibrido;2019-10-29;9081.6;Ativo;;;
1985;Joao Carvalho Silva;M;29;Sao Paulo;SP;12;Pleno de Administrativo;Pleno;Remoto;2022-04-25;9295.79;Ativo;;;
1986;Amanda Dias Dias;F;40;Rio de Janeiro;RJ;9;Pleno de Recursos Humanos;Pleno;Remoto;2020-05-23;6762.82;Ativo;;;
1987;Gabriel Dias Ferreira;M;37;Goiania;GO;3;Estagiario de Produto;Estagiario;Hibrido;2018-06-11;2287.45;Ativo;;;
1988;Pedro Carvalho Soares;M;20;Rio de Janeiro;RJ;11;Pleno de Juridico;Pleno;Remoto;2022-11-28;7955.55;Ativo;;;
1989;Aline Fernandes Rocha;F;37;Curitiba;PR;3;Estagiario de Produto;Estagiario;Remoto;2023-11-10;1956.43;Ativo;;;
1990;Gustavo Martins Carvalho;M;26;Rio de Janeiro;RJ;8;Pleno de Operacoes;Pleno;Hibrido;2024-10-01;8442.04;Ativo;;;
1991;Bruno Souza Ribeiro;M;29;Recife;PE;11;Especialista de Juridico;Especialista;Presencial;2019-04-07;18185.65;Ativo;;;
1992;Joao Martins Rocha;M;32;Recife;PE;1;Pleno de Engenharia de Software;Pleno;Hibrido;2023-02-20;7085.56;Ativo;;;
1993;Marcelo Alves Almeida;M;27;Curitiba;PR;6;Pleno de Customer Success;Pleno;Hibrido;2022-07-05;6125.58;Ativo;;;
1994;Guilherme Rocha Barbosa;M;29;Recife;PE;2;Junior de Dados & Analytics;Junior;Presencial;2019-02-02;4665.17;Ativo;;;
1995;Lucas Alves Carvalho;M;20;Porto Alegre;RS;9;Junior de Recursos Humanos;Junior;Hibrido;2018-05-12;4015.07;Ativo;;;
1996;Camila Nascimento Fernandes;F;28;Brasilia;DF;5;Pleno de Marketing;Pleno;Presencial;2022-01-07;6682.37;Ativo;;;
1997;Guilherme Souza Barbosa;M;25;Recife;PE;8;Junior de Operacoes;Junior;Remoto;2022-12-13;4865.52;Ativo;;;
1998;Fernanda Costa Ferreira;F;42;Campinas;SP;9;Pleno de Recursos Humanos;Pleno;Hibrido;2022-09-19;8753.61;Ativo;;;
1999;Debora Oliveira Costa;F;30;Sao Paulo;SP;3;Junior de Produto;Junior;Hibrido;2019-04-27;3968.29;Ativo;;;
2000;Renata Soares Rocha;F;31;Goiania;GO;4;Senior de Comercial;Senior;Hibrido;2022-06-21;12510.63;Ativo;;;
2001;Leonardo Vieira Nascimento;M;29;Sao Paulo;SP;1;Pleno de Engenharia de Software;Pleno;Hibrido;2022-01-29;8655.06;Ativo;;;
2002;Joao Barbosa Souza;M;25;Porto Alegre;RS;1;Junior de Engenharia de Software;Junior;Remoto;2020-04-04;5060.47;Ativo;;;
2003;Andre Pereira Barbosa;M;24;Rio de Janeiro;RJ;8;Especialista de Operacoes;Especialista;Hibrido;2018-12-09;16167.83;Ativo;;;
2004;Matheus Ribeiro Lopes;M;30;Porto Alegre;RS;11;Pleno de Juridico;Pleno;Hibrido;2020-05-22;8246.51;Ativo;;;
2005;Matheus Martins Alves;M;37;Campinas;SP;4;Senior de Comercial;Senior;Presencial;2022-01-30;10260.26;Ativo;;;
2006;Felipe Andrade Barbosa;M;39;Fortaleza;CE;2;Estagiario de Dados & Analytics;Estagiario;Remoto;2021-06-08;2192.18;Ativo;;;
2007;Fernanda Lima Costa;F;34;Campinas;SP;4;Junior de Comercial;Junior;Hibrido;2021-07-10;3552.46;Ativo;;;
2008;Leonardo Carvalho Rocha;M;27;Porto Alegre;RS;4;Especialista de Comercial;Especialista;Hibrido;2023-01-19;17922.57;Ativo;;;
2009;Felipe Andrade Costa;M;33;Recife;PE;11;Especialista de Juridico;Especialista;Presencial;2023-04-29;17363.42;Ativo;;;
2010;Bruno Fernandes Santos;M;29;Campinas;SP;1;Pleno de Engenharia de Software;Pleno;Hibrido;2020-11-17;7330.3;Ativo;;;
2011;Felipe Barbosa Martins;M;38;Florianopolis;SC;2;Pleno de Dados & Analytics;Pleno;Hibrido;2020-10-17;6917.11;Ativo;;;
2012;Larissa Almeida Rocha;F;24;Sao Paulo;SP;12;Especialista de Administrativo;Especialista;Hibrido;2019-05-04;13870.69;Ativo;;;
2013;Vinicius Oliveira Alves;M;33;Sao Paulo;SP;4;Junior de Comercial;Junior;Presencial;2023-06-09;4772.63;Ativo;;;
2014;Bruno Rodrigues Oliveira;M;29;Belo Horizonte;MG;9;Junior de Recursos Humanos;Junior;Hibrido;2023-08-29;5059.49;Ativo;;;
2015;Felipe Soares Oliveira;M;27;Salvador;BA;11;Senior de Juridico;Senior;Remoto;2022-04-23;11592.4;Ativo;;;
2016;Carolina Ferreira Andrade;F;30;Curitiba;PR;2;Especialista de Dados & Analytics;Especialista;Presencial;2019-06-30;15455.57;Ativo;;;
2017;Andre Ferreira Barbosa;M;36;Curitiba;PR;10;Senior de Financeiro;Senior;Hibrido;2023-03-25;14512.21;Ativo;;;
2018;Carolina Vieira Almeida;F;30;Campinas;SP;12;Pleno de Administrativo;Pleno;Hibrido;2021-08-12;6097.27;Ativo;;;
2019;Guilherme Lopes Oliveira;M;36;Recife;PE;4;Estagiario de Comercial;Estagiario;Hibrido;2022-01-17;2129.79;Ativo;;;
2020;Renata Ferreira Lopes;F;27;Fortaleza;CE;1;Coordenador de Engenharia de Software;Coordenador;Remoto;2020-10-21;15892.08;Ativo;;;
2021;Tatiane Barbosa Andrade;F;23;Salvador;BA;3;Especialista de Produto;Especialista;Remoto;2024-04-24;17403.4;Ativo;;;
2022;Vinicius Silva Martins;M;39;Salvador;BA;5;Junior de Marketing;Junior;Hibrido;2021-02-04;3796.34;Ativo;;;
2023;Rodrigo Barbosa Fernandes;M;30;Belo Horizonte;MG;2;Especialista de Dados & Analytics;Especialista;Hibrido;2024-04-02;15150.9;Ativo;;;
2024;Guilherme Martins Almeida;M;37;Porto Alegre;RS;3;Senior de Produto;Senior;Presencial;2024-02-23;10950.42;Ativo;;;
2025;Carolina Martins Fernandes;F;33;Brasilia;DF;5;Junior de Marketing;Junior;Hibrido;2021-04-13;4956.95;Ativo;;;
2026;Juliana Costa Rodrigues;F;30;Goiania;GO;10;Senior de Financeiro;Senior;Hibrido;2021-10-09;11277.3;Ativo;;;
2027;Amanda Rodrigues Alves;F;32;Sao Paulo;SP;2;Especialista de Dados & Analytics;Especialista;Presencial;2020-04-09;17148.44;Ativo;;;
2028;Leonardo Andrade Andrade;M;25;Recife;PE;6;Especialista de Customer Success;Especialista;Remoto;2018-06-20;18042.53;Desligado;2024-11-09;Voluntario;Motivos pessoais/familiares
2029;Vanessa Martins Andrade;F;33;Recife;PE;12;Pleno de Administrativo;Pleno;Hibrido;2022-04-17;8570.81;Ativo;;;
2030;Debora Gomes Rocha;F;23;Brasilia;DF;4;Pleno de Comercial;Pleno;Presencial;2022-09-19;6938.96;Ativo;;;
2031;Andre Santos Souza;M;40;Salvador;BA;11;Junior de Juridico;Junior;Presencial;2018-07-18;4959.87;Ativo;;;
2032;Bruno Carvalho Lima;M;30;Goiania;GO;2;Pleno de Dados & Analytics;Pleno;Hibrido;2018-09-25;8287.72;Ativo;;;
2033;Tatiane Nascimento Lopes;F;36;Campinas;SP;11;Pleno de Juridico;Pleno;Remoto;2024-01-06;6036.36;Ativo;;;
2034;Ana Rocha Martins;F;25;Salvador;BA;6;Gerente de Customer Success;Gerente;Remoto;2023-10-27;20349.93;Ativo;;;
2035;Felipe Lopes Santos;M;38;Recife;PE;7;Pleno de Suporte Tecnico;Pleno;Hibrido;2021-04-21;8071.76;Ativo;;;
2036;Matheus Lima Barbosa;M;30;Fortaleza;CE;6;Pleno de Customer Success;Pleno;Remoto;2019-10-18;6038.25;Ativo;;;
2037;Guilherme Pereira Barbosa;M;27;Brasilia;DF;7;Pleno de Suporte Tecnico;Pleno;Presencial;2020-04-11;6936.29;Ativo;;;
2038;Joao Souza Oliveira;M;29;Campinas;SP;12;Junior de Administrativo;Junior;Hibrido;2018-03-23;5177.24;Ativo;;;
2039;Renata Nascimento Vieira;F;48;Rio de Janeiro;RJ;5;Junior de Marketing;Junior;Presencial;2019-04-25;5486.31;Ativo;;;
2040;Andre Ferreira Carvalho;M;26;Porto Alegre;RS;7;Pleno de Suporte Tecnico;Pleno;Hibrido;2019-02-25;7174.42;Ativo;;;
2041;Tatiane Fernandes Dias;F;36;Salvador;BA;2;Junior de Dados & Analytics;Junior;Hibrido;2022-06-04;4862.88;Ativo;;;
2042;Vanessa Andrade Oliveira;F;26;Rio de Janeiro;RJ;12;Pleno de Administrativo;Pleno;Hibrido;2021-02-09;7302.77;Ativo;;;
2043;Fernanda Lima Andrade;F;32;Curitiba;PR;10;Senior de Financeiro;Senior;Hibrido;2023-02-27;13950.05;Desligado;2024-11-15;Voluntario;Motivos pessoais/familiares
2044;Maria Ferreira Lopes;F;38;Sao Paulo;SP;1;Pleno de Engenharia de Software;Pleno;Remoto;2023-12-20;8581.65;Ativo;;;
2045;Lucas Nascimento Carvalho;M;26;Florianopolis;SC;4;Especialista de Comercial;Especialista;Hibrido;2018-11-17;16007.87;Ativo;;;
2046;Carolina Andrade Carvalho;F;37;Belo Horizonte;MG;10;Pleno de Financeiro;Pleno;Remoto;2020-10-03;9219.18;Ativo;;;
2047;Diego Ferreira Nascimento;M;34;Belo Horizonte;MG;5;Pleno de Marketing;Pleno;Hibrido;2018-02-16;6987.23;Ativo;;;
2048;Vinicius Ferreira Soares;M;30;Rio de Janeiro;RJ;3;Junior de Produto;Junior;Hibrido;2021-01-17;4482.28;Ativo;;;
2049;Luciana Alves Ferreira;F;28;Curitiba;PR;9;Senior de Recursos Humanos;Senior;Hibrido;2018-09-07;13479.48;Ativo;;;
2050;Rafael Alves Lima;M;34;Salvador;BA;2;Pleno de Dados & Analytics;Pleno;Hibrido;2018-01-03;6230.86;Desligado;2024-12-07;Involuntario;Reestruturacao da area
2051;Rafael Oliveira Gomes;M;40;Rio de Janeiro;RJ;1;Senior de Engenharia de Software;Senior;Hibrido;2020-01-21;10999.26;Ativo;;;
2052;Camila Lima Oliveira;F;38;Recife;PE;6;Pleno de Customer Success;Pleno;Hibrido;2022-01-20;8630.66;Ativo;;;
2053;Fernando Pereira Lopes;M;26;Fortaleza;CE;1;Pleno de Engenharia de Software;Pleno;Remoto;2023-10-26;8100.72;Ativo;;;
2054;Joao Santos Lima;M;35;Sao Paulo;SP;11;Pleno de Juridico;Pleno;Hibrido;2022-02-07;7092.65;Ativo;;;
2055;Gabriel Alves Soares;M;37;Sao Paulo;SP;12;Pleno de Administrativo;Pleno;Hibrido;2019-06-24;6021.6;Ativo;;;
2056;Daniela Soares Lima;F;24;Fortaleza;CE;2;Especialista de Dados & Analytics;Especialista;Remoto;2018-12-27;14395.99;Ativo;;;
2057;Aline Barbosa Carvalho;F;35;Recife;PE;6;Junior de Customer Success;Junior;Hibrido;2020-09-17;4822.66;Ativo;;;
2058;Aline Costa Pereira;F;30;Recife;PE;10;Junior de Financeiro;Junior;Presencial;2023-11-09;4054.48;Ativo;;;
2059;Renata Barbosa Santos;F;21;Recife;PE;5;Especialista de Marketing;Especialista;Presencial;2024-04-11;18163.99;Ativo;;;
2060;Camila Silva Almeida;F;27;Goiania;GO;8;Estagiario de Operacoes;Estagiario;Remoto;2022-10-22;2156.21;Ativo;;;
2061;Fernanda Silva Barbosa;F;19;Rio de Janeiro;RJ;3;Pleno de Produto;Pleno;Presencial;2024-06-23;7672.02;Ativo;;;
2062;Beatriz Ribeiro Almeida;F;29;Brasilia;DF;7;Senior de Suporte Tecnico;Senior;Hibrido;2018-02-24;14592.78;Ativo;;;
2063;Tatiane Carvalho Dias;F;30;Curitiba;PR;2;Pleno de Dados & Analytics;Pleno;Hibrido;2022-06-29;8227.42;Ativo;;;
2064;Thiago Silva Rocha;M;21;Recife;PE;7;Junior de Suporte Tecnico;Junior;Hibrido;2019-03-17;5161.33;Desligado;2024-09-12;Involuntario;Baixo desempenho
2065;Priscila Pereira Barbosa;F;35;Fortaleza;CE;12;Pleno de Administrativo;Pleno;Remoto;2024-10-15;7618.49;Ativo;;;
2066;Daniela Oliveira Ribeiro;F;39;Salvador;BA;1;Pleno de Engenharia de Software;Pleno;Hibrido;2022-05-26;8807.11;Ativo;;;
2067;Camila Andrade Martins;F;30;Porto Alegre;RS;2;Senior de Dados & Analytics;Senior;Remoto;2018-07-23;11602.88;Ativo;;;
2068;Matheus Soares Vieira;M;34;Goiania;GO;5;Senior de Marketing;Senior;Remoto;2021-10-21;9932.14;Ativo;;;
2069;Matheus Lopes Oliveira;M;35;Porto Alegre;RS;8;Pleno de Operacoes;Pleno;Hibrido;2020-07-09;7687.26;Ativo;;;
2070;Larissa Almeida Souza;F;33;Fortaleza;CE;8;Junior de Operacoes;Junior;Remoto;2023-07-30;4835.47;Desligado;2024-07-29;Voluntario;Continuidade dos estudos
2071;Felipe Alves Ferreira;M;28;Campinas;SP;7;Pleno de Suporte Tecnico;Pleno;Hibrido;2021-11-02;8401.85;Ativo;;;
2072;Gabriel Carvalho Nascimento;M;25;Sao Paulo;SP;5;Coordenador de Marketing;Coordenador;Remoto;2018-12-17;17448.03;Ativo;;;
2073;Thiago Martins Lima;M;40;Curitiba;PR;8;Junior de Operacoes;Junior;Hibrido;2020-01-05;3747.27;Ativo;;;
2074;Debora Dias Souza;F;27;Campinas;SP;8;Especialista de Operacoes;Especialista;Presencial;2022-12-10;16212.06;Desligado;2024-08-02;Voluntario;Insatisfacao salarial
2075;Juliana Nascimento Costa;F;19;Curitiba;PR;1;Senior de Engenharia de Software;Senior;Hibrido;2022-01-05;9813.35;Ativo;;;
2076;Thiago Martins Nascimento;M;37;Goiania;GO;9;Pleno de Recursos Humanos;Pleno;Presencial;2024-03-23;7563.1;Ativo;;;
2077;Natalia Carvalho Pereira;F;29;Curitiba;PR;6;Senior de Customer Success;Senior;Hibrido;2024-01-11;12883.47;Ativo;;;
2078;Camila Gomes Oliveira;F;36;Rio de Janeiro;RJ;7;Junior de Suporte Tecnico;Junior;Hibrido;2022-05-19;4930.27;Ativo;;;
2079;Thiago Andrade Vieira;M;34;Curitiba;PR;2;Senior de Dados & Analytics;Senior;Presencial;2020-09-25;13599.43;Ativo;;;
2080;Fernando Ribeiro Rodrigues;M;30;Recife;PE;10;Especialista de Financeiro;Especialista;Hibrido;2020-02-09;18442.08;Ativo;;;
2081;Luciana Andrade Silva;F;40;Porto Alegre;RS;10;Junior de Financeiro;Junior;Remoto;2023-04-21;3932.33;Ativo;;;
2082;Fernando Fernandes Alves;M;25;Salvador;BA;10;Especialista de Financeiro;Especialista;Remoto;2018-06-06;15011.72;Ativo;;;
2083;Aline Ribeiro Dias;F;32;Belo Horizonte;MG;9;Senior de Recursos Humanos;Senior;Hibrido;2020-10-01;13082.47;Ativo;;;
2084;Gabriel Martins Silva;M;27;Florianopolis;SC;7;Pleno de Suporte Tecnico;Pleno;Remoto;2021-01-04;7238.85;Ativo;;;
2085;Aline Rodrigues Gomes;F;29;Curitiba;PR;11;Especialista de Juridico;Especialista;Remoto;2018-02-04;18045.07;Ativo;;;
2086;Priscila Rodrigues Barbosa;F;20;Porto Alegre;RS;9;Pleno de Recursos Humanos;Pleno;Hibrido;2022-03-05;6763.97;Ativo;;;
2087;Pedro Barbosa Costa;M;34;Porto Alegre;RS;4;Senior de Comercial;Senior;Hibrido;2020-09-17;13444.32;Desligado;2024-05-11;Involuntario;Reducao de quadro
2088;Guilherme Nascimento Vieira;M;34;Fortaleza;CE;8;Junior de Operacoes;Junior;Remoto;2020-12-09;4564.25;Ativo;;;
2089;Vinicius Gomes Nascimento;M;31;Salvador;BA;9;Junior de Recursos Humanos;Junior;Remoto;2020-05-12;4909.9;Ativo;;;
2090;Thiago Rodrigues Nascimento;M;35;Curitiba;PR;2;Senior de Dados & Analytics;Senior;Hibrido;2022-12-25;10785.4;Ativo;;;
2091;Pedro Ferreira Lopes;M;40;Goiania;GO;12;Pleno de Administrativo;Pleno;Presencial;2019-10-24;8658.15;Ativo;;;
2092;Carolina Dias Ferreira;F;28;Sao Paulo;SP;12;Pleno de Administrativo;Pleno;Hibrido;2018-01-21;6238.17;Ativo;;;
2093;Aline Carvalho Dias;F;29;Fortaleza;CE;1;Senior de Engenharia de Software;Senior;Remoto;2018-11-22;10877.78;Ativo;;;
2094;Renata Martins Oliveira;F;31;Florianopolis;SC;5;Especialista de Marketing;Especialista;Hibrido;2021-11-18;14054.87;Ativo;;;
2095;Carolina Nascimento Alves;F;34;Goiania;GO;4;Senior de Comercial;Senior;Hibrido;2023-02-07;11274.23;Ativo;;;
2096;Camila Rodrigues Costa;F;35;Brasilia;DF;11;Junior de Juridico;Junior;Remoto;2021-09-24;4437.52;Ativo;;;
2097;Rodrigo Almeida Rocha;M;22;Belo Horizonte;MG;4;Estagiario de Comercial;Estagiario;Hibrido;2023-12-06;2217.75;Ativo;;;
2098;Eduardo Nascimento Lopes;M;33;Porto Alegre;RS;11;Junior de Juridico;Junior;Hibrido;2021-02-05;4092.15;Ativo;;;
2099;Bruno Alves Andrade;M;46;Curitiba;PR;6;Pleno de Customer Success;Pleno;Presencial;2023-12-27;6736.89;Ativo;;;
2100;Diego Andrade Vieira;M;39;Rio de Janeiro;RJ;8;Junior de Operacoes;Junior;Hibrido;2024-08-02;4098.02;Ativo;;;
2101;Marcelo Carvalho Dias;M;33;Belo Horizonte;MG;5;Junior de Marketing;Junior;Hibrido;2023-09-13;4557.82;Ativo;;;
2102;Gabriel Ribeiro Lopes;M;33;Belo Horizonte;MG;12;Senior de Administrativo;Senior;Remoto;2020-06-21;10474.01;Ativo;;;
2103;Gabriel Soares Rocha;M;19;Recife;PE;1;Coordenador de Engenharia de Software;Coordenador;Hibrido;2019-06-25;13645.28;Desligado;2024-11-23;Aposentadoria;Aposentadoria
2104;Fernanda Rocha Andrade;F;32;Salvador;BA;4;Especialista de Comercial;Especialista;Remoto;2022-07-06;14835.78;Ativo;;;
2105;Pedro Souza Pereira;M;26;Salvador;BA;10;Estagiario de Financeiro;Estagiario;Hibrido;2024-06-01;2147.67;Desligado;2024-06-16;Involuntario;Reestruturacao da area
2106;Daniela Ferreira Rocha;F;20;Goiania;GO;1;Junior de Engenharia de Software;Junior;Hibrido;2021-03-18;4835.56;Ativo;;;
2107;Juliana Almeida Rocha;F;27;Salvador;BA;2;Pleno de Dados & Analytics;Pleno;Hibrido;2018-10-30;6471.2;Ativo;;;
2108;Priscila Ribeiro Silva;F;36;Rio de Janeiro;RJ;2;Especialista de Dados & Analytics;Especialista;Hibrido;2022-11-20;14272.78;Ativo;;;
2109;Lucas Souza Lopes;M;28;Campinas;SP;8;Senior de Operacoes;Senior;Hibrido;2020-06-22;11813.51;Ativo;;;
2110;Joao Vieira Vieira;M;35;Brasilia;DF;11;Senior de Juridico;Senior;Presencial;2022-08-10;13308.5;Ativo;;;
2111;Patricia Nascimento Andrade;F;32;Rio de Janeiro;RJ;3;Estagiario de Produto;Estagiario;Hibrido;2019-04-19;1980.79;Ativo;;;
2112;Marcelo Lopes Rocha;M;19;Goiania;GO;12;Estagiario de Administrativo;Estagiario;Hibrido;2024-04-10;2242.56;Desligado;2024-12-31;Involuntario;Reestruturacao da area
2113;Gabriel Costa Oliveira;M;25;Goiania;GO;8;Senior de Operacoes;Senior;Remoto;2018-07-16;12679.07;Ativo;;;
2114;Marcelo Nascimento Silva;M;37;Salvador;BA;9;Junior de Recursos Humanos;Junior;Hibrido;2021-10-09;5373.36;Desligado;2024-06-10;Voluntario;Continuidade dos estudos
2115;Juliana Soares Vieira;F;41;Florianopolis;SC;12;Junior de Administrativo;Junior;Hibrido;2020-06-30;4257.13;Ativo;;;
2116;Bruno Dias Souza;M;28;Belo Horizonte;MG;9;Pleno de Recursos Humanos;Pleno;Hibrido;2022-06-10;7976.19;Desligado;2024-05-15;Voluntario;Continuidade dos estudos
2117;Joao Fernandes Almeida;M;32;Recife;PE;5;Gerente de Marketing;Gerente;Hibrido;2023-02-26;19534.78;Ativo;;;
2118;Pedro Rodrigues Vieira;M;29;Curitiba;PR;8;Pleno de Operacoes;Pleno;Presencial;2023-10-22;9289.64;Ativo;;;
2119;Lucas Fernandes Lima;M;36;Sao Paulo;SP;3;Junior de Produto;Junior;Hibrido;2023-10-05;4835.53;Ativo;;;
2120;Gabriel Soares Gomes;M;28;Recife;PE;7;Estagiario de Suporte Tecnico;Estagiario;Remoto;2024-01-30;1842.18;Ativo;;;
2121;Andre Dias Silva;M;34;Curitiba;PR;3;Senior de Produto;Senior;Remoto;2022-09-09;14999.12;Ativo;;;
2122;Ana Soares Gomes;F;36;Campinas;SP;7;Junior de Suporte Tecnico;Junior;Presencial;2024-10-07;4519.72;Ativo;;;
2123;Fernanda Vieira Lopes;F;19;Goiania;GO;11;Junior de Juridico;Junior;Remoto;2022-05-19;4290.09;Ativo;;;
2124;Tatiane Ribeiro Barbosa;F;32;Florianopolis;SC;12;Senior de Administrativo;Senior;Hibrido;2023-08-13;13802.99;Desligado;2024-07-12;Voluntario;Continuidade dos estudos
2125;Gabriel Dias Santos;M;22;Curitiba;PR;1;Senior de Engenharia de Software;Senior;Hibrido;2023-05-02;12096.81;Desligado;2024-08-22;Involuntario;Baixo desempenho
2126;Matheus Gomes Alves;M;36;Belo Horizonte;MG;11;Junior de Juridico;Junior;Remoto;2020-03-21;4537.01;Ativo;;;
2127;Fernando Ribeiro Lima;M;28;Belo Horizonte;MG;1;Senior de Engenharia de Software;Senior;Remoto;2019-09-17;14112.07;Ativo;;;
2128;Juliana Fernandes Lima;F;36;Porto Alegre;RS;3;Pleno de Produto;Pleno;Remoto;2023-01-15;7500.9;Ativo;;;
2129;Larissa Martins Almeida;F;24;Rio de Janeiro;RJ;4;Pleno de Comercial;Pleno;Hibrido;2018-12-02;6525.97;Desligado;2024-01-09;Voluntario;Mudanca de carreira
2130;Fernanda Fernandes Alves;F;27;Rio de Janeiro;RJ;6;Pleno de Customer Success;Pleno;Presencial;2022-02-16;7001.71;Ativo;;;
2131;Amanda Nascimento Ribeiro;F;38;Brasilia;DF;6;Pleno de Customer Success;Pleno;Hibrido;2023-02-20;7671.13;Ativo;;;
2132;Andre Rodrigues Costa;M;34;Salvador;BA;1;Junior de Engenharia de Software;Junior;Hibrido;2023-08-14;5141.54;Ativo;;;
2133;Maria Barbosa Pereira;F;33;Rio de Janeiro;RJ;8;Senior de Operacoes;Senior;Remoto;2023-09-21;13727.56;Desligado;2024-09-04;Voluntario;Mudanca de carreira
2134;Gustavo Souza Dias;M;49;Florianopolis;SC;11;Junior de Juridico;Junior;Presencial;2021-12-07;4269.78;Ativo;;;
2135;Juliana Costa Rocha;F;46;Rio de Janeiro;RJ;10;Junior de Financeiro;Junior;Hibrido;2022-04-17;5056.66;Ativo;;;
2136;Aline Lima Rodrigues;F;29;Curitiba;PR;5;Pleno de Marketing;Pleno;Hibrido;2021-08-15;8013.75;Ativo;;;
2137;Maria Souza Martins;F;26;Curitiba;PR;5;Junior de Marketing;Junior;Remoto;2021-09-14;5354.58;Ativo;;;
2138;Camila Souza Ferreira;F;24;Florianopolis;SC;6;Pleno de Customer Success;Pleno;Hibrido;2021-12-15;8928.57;Ativo;;;
2139;Luciana Lopes Souza;F;23;Florianopolis;SC;7;Pleno de Suporte Tecnico;Pleno;Presencial;2024-02-10;8236.34;Desligado;2024-10-29;Voluntario;Mudanca de carreira
2140;Natalia Lima Barbosa;F;19;Rio de Janeiro;RJ;3;Coordenador de Produto;Coordenador;Remoto;2020-12-15;14333.42;Desligado;2024-07-02;Voluntario;Nova oportunidade de mercado
2141;Thiago Martins Ferreira;M;34;Recife;PE;5;Coordenador de Marketing;Coordenador;Hibrido;2023-05-24;17523.14;Ativo;;;
2142;Debora Vieira Rodrigues;F;35;Porto Alegre;RS;4;Senior de Comercial;Senior;Hibrido;2019-09-28;12404.29;Ativo;;;
2143;Leonardo Nascimento Rodrigues;M;43;Campinas;SP;7;Pleno de Suporte Tecnico;Pleno;Remoto;2018-08-02;7583.04;Ativo;;;
2144;Matheus Martins Vieira;M;44;Goiania;GO;8;Pleno de Operacoes;Pleno;Presencial;2019-01-07;8311.29;Ativo;;;
2145;Ana Andrade Rocha;F;32;Recife;PE;1;Pleno de Engenharia de Software;Pleno;Hibrido;2021-11-25;6589.98;Desligado;2024-11-14;Involuntario;Reducao de quadro
2146;Ricardo Carvalho Nascimento;M;30;Fortaleza;CE;8;Junior de Operacoes;Junior;Remoto;2018-09-13;4848.67;Ativo;;;
2147;Eduardo Ribeiro Almeida;M;31;Florianopolis;SC;4;Junior de Comercial;Junior;Hibrido;2024-06-03;5135.72;Desligado;2024-12-02;Voluntario;Mudanca de carreira
2148;Vanessa Soares Nascimento;F;46;Curitiba;PR;4;Pleno de Comercial;Pleno;Remoto;2024-01-18;8361.98;Ativo;;;
2149;Juliana Gomes Carvalho;F;44;Recife;PE;1;Coordenador de Engenharia de Software;Coordenador;Remoto;2021-09-03;13984.73;Ativo;;;
2150;Lucas Oliveira Andrade;M;35;Curitiba;PR;3;Pleno de Produto;Pleno;Hibrido;2019-02-12;6254.41;Ativo;;;
2151;Rafael Vieira Santos;M;20;Rio de Janeiro;RJ;5;Pleno de Marketing;Pleno;Remoto;2024-03-31;7919.24;Ativo;;;
2152;Natalia Lopes Silva;F;35;Salvador;BA;4;Junior de Comercial;Junior;Hibrido;2024-08-13;3649.48;Ativo;;;
2153;Vinicius Lopes Soares;M;35;Campinas;SP;6;Pleno de Customer Success;Pleno;Hibrido;2022-11-04;7843.7;Ativo;;;
2154;Marcelo Silva Barbosa;M;26;Curitiba;PR;2;Especialista de Dados & Analytics;Especialista;Hibrido;2020-02-26;13706.39;Ativo;;;
2155;Andre Nascimento Fernandes;M;29;Goiania;GO;3;Senior de Produto;Senior;Presencial;2018-12-19;13749.07;Ativo;;;
2156;Beatriz Andrade Dias;F;29;Florianopolis;SC;7;Pleno de Suporte Tecnico;Pleno;Hibrido;2020-04-29;6061.28;Ativo;;;
2157;Ricardo Almeida Ferreira;M;33;Campinas;SP;8;Pleno de Operacoes;Pleno;Presencial;2024-02-03;7141.31;Ativo;;;
2158;Rafael Oliveira Ribeiro;M;29;Belo Horizonte;MG;6;Pleno de Customer Success;Pleno;Hibrido;2024-11-10;9389.94;Ativo;;;
2159;Ana Carvalho Lopes;F;40;Salvador;BA;10;Senior de Financeiro;Senior;Remoto;2020-11-21;10926.29;Ativo;;;
2160;Diego Souza Costa;M;19;Campinas;SP;2;Pleno de Dados & Analytics;Pleno;Remoto;2018-11-24;7203.04;Ativo;;;
2161;Gustavo Souza Gomes;M;33;Porto Alegre;RS;6;Senior de Customer Success;Senior;Hibrido;2018-03-14;10435.85;Ativo;;;
2162;Carolina Lima Alves;F;19;Sao Paulo;SP;11;Senior de Juridico;Senior;Remoto;2023-09-19;12678.33;Ativo;;;
2163;Amanda Gomes Rocha;F;26;Florianopolis;SC;2;Pleno de Dados & Analytics;Pleno;Hibrido;2018-01-25;6216.37;Ativo;;;
2164;Eduardo Barbosa Lopes;M;31;Sao Paulo;SP;8;Junior de Operacoes;Junior;Hibrido;2020-09-02;5494.27;Desligado;2024-09-05;Voluntario;Mudanca de carreira
2165;Ricardo Almeida Costa;M;23;Porto Alegre;RS;12;Pleno de Administrativo;Pleno;Hibrido;2018-11-08;8719.75;Ativo;;;
2166;Camila Silva Ribeiro;F;36;Goiania;GO;6;Pleno de Customer Success;Pleno;Hibrido;2021-10-09;8333.06;Ativo;;;
2167;Marcelo Ribeiro Silva;M;36;Rio de Janeiro;RJ;4;Senior de Comercial;Senior;Hibrido;2022-09-24;10903.45;Ativo;;;
2168;Debora Alves Oliveira;F;41;Florianopolis;SC;7;Junior de Suporte Tecnico;Junior;Presencial;2020-04-21;3545.62;Desligado;2024-03-04;Involuntario;Reducao de quadro
2169;Andre Souza Lopes;M;34;Sao Paulo;SP;6;Senior de Customer Success;Senior;Remoto;2021-07-03;11313.44;Ativo;;;
2170;Guilherme Pereira Lopes;M;32;Salvador;BA;6;Senior de Customer Success;Senior;Hibrido;2023-03-23;11203.68;Ativo;;;
2171;Carolina Ribeiro Carvalho;F;32;Belo Horizonte;MG;8;Pleno de Operacoes;Pleno;Remoto;2024-05-22;7164.12;Ativo;;;
2172;Camila Almeida Dias;F;27;Fortaleza;CE;9;Especialista de Recursos Humanos;Especialista;Remoto;2024-09-01;16281.35;Ativo;;;
2173;Matheus Ribeiro Andrade;M;23;Salvador;BA;1;Pleno de Engenharia de Software;Pleno;Hibrido;2018-04-22;7689.12;Ativo;;;
2174;Diego Nascimento Alves;M;33;Rio de Janeiro;RJ;8;Pleno de Operacoes;Pleno;Presencial;2021-03-14;8957.93;Desligado;2024-10-17;Voluntario;Insatisfacao salarial
2175;Ana Rodrigues Martins;F;47;Salvador;BA;3;Junior de Produto;Junior;Presencial;2024-05-21;5315.13;Ativo;;;
2176;Ana Ferreira Dias;F;39;Curitiba;PR;8;Senior de Operacoes;Senior;Remoto;2018-11-05;9906.41;Ativo;;;
2177;Patricia Souza Carvalho;F;36;Fortaleza;CE;11;Senior de Juridico;Senior;Hibrido;2019-08-13;14770.61;Ativo;;;
2178;Fernanda Costa Martins;F;28;Florianopolis;SC;8;Junior de Operacoes;Junior;Hibrido;2020-05-24;4729.62;Ativo;;;
2179;Fernanda Souza Souza;F;36;Sao Paulo;SP;2;Pleno de Dados & Analytics;Pleno;Hibrido;2023-05-03;6209.33;Ativo;;;
2180;Matheus Ribeiro Soares;M;45;Sao Paulo;SP;7;Senior de Suporte Tecnico;Senior;Remoto;2021-01-08;11421.15;Ativo;;;
2181;Pedro Dias Costa;M;26;Salvador;BA;1;Pleno de Engenharia de Software;Pleno;Hibrido;2018-09-11;6137.16;Ativo;;;
2182;Andre Lopes Gomes;M;46;Porto Alegre;RS;2;Pleno de Dados & Analytics;Pleno;Remoto;2024-11-27;6796.33;Ativo;;;
2183;Juliana Carvalho Pereira;F;20;Brasilia;DF;1;Coordenador de Engenharia de Software;Coordenador;Presencial;2024-08-20;14076.46;Ativo;;;
2184;Leonardo Ferreira Pereira;M;31;Porto Alegre;RS;9;Pleno de Recursos Humanos;Pleno;Remoto;2021-12-20;9020.74;Ativo;;;
2185;Guilherme Nascimento Pereira;M;36;Campinas;SP;3;Senior de Produto;Senior;Presencial;2019-11-24;10788.05;Ativo;;;
2186;Amanda Lopes Nascimento;F;31;Rio de Janeiro;RJ;1;Junior de Engenharia de Software;Junior;Hibrido;2021-11-15;4860.59;Ativo;;;
2187;Bruno Vieira Rocha;M;35;Campinas;SP;12;Estagiario de Administrativo;Estagiario;Hibrido;2019-12-14;2212.79;Ativo;;;
2188;Felipe Souza Rodrigues;M;28;Salvador;BA;3;Pleno de Produto;Pleno;Presencial;2019-12-09;7573.67;Ativo;;;
2189;Guilherme Alves Rodrigues;M;34;Salvador;BA;7;Pleno de Suporte Tecnico;Pleno;Hibrido;2024-04-06;6024.88;Ativo;;;
2190;Ricardo Alves Oliveira;M;26;Sao Paulo;SP;4;Estagiario de Comercial;Estagiario;Presencial;2019-08-08;2240.31;Ativo;;;
2191;Vanessa Soares Gomes;F;21;Goiania;GO;12;Junior de Administrativo;Junior;Remoto;2018-12-26;4841.28;Ativo;;;
2192;Felipe Costa Carvalho;M;33;Fortaleza;CE;12;Junior de Administrativo;Junior;Hibrido;2019-05-15;4253.98;Ativo;;;
2193;Leonardo Carvalho Rocha;M;36;Sao Paulo;SP;8;Pleno de Operacoes;Pleno;Hibrido;2019-09-30;6629.1;Ativo;;;
2194;Camila Lima Ribeiro;F;35;Porto Alegre;RS;10;Pleno de Financeiro;Pleno;Presencial;2024-01-25;9232.24;Ativo;;;
2195;Vanessa Pereira Costa;F;45;Sao Paulo;SP;6;Pleno de Customer Success;Pleno;Hibrido;2021-01-08;6232.62;Ativo;;;
2196;Pedro Silva Santos;M;24;Campinas;SP;6;Senior de Customer Success;Senior;Hibrido;2018-09-28;14380.85;Ativo;;;
2197;Amanda Gomes Lopes;F;34;Porto Alegre;RS;2;Junior de Dados & Analytics;Junior;Presencial;2024-02-28;3557.67;Ativo;;;
2198;Andre Ferreira Lima;M;40;Fortaleza;CE;7;Gerente de Suporte Tecnico;Gerente;Hibrido;2018-07-11;24709.82;Ativo;;;
2199;Aline Gomes Souza;F;39;Rio de Janeiro;RJ;9;Coordenador de Recursos Humanos;Coordenador;Remoto;2019-02-16;16410.95;Ativo;;;
2200;Gustavo Rodrigues Costa;M;35;Recife;PE;9;Pleno de Recursos Humanos;Pleno;Hibrido;2018-11-30;7120.35;Ativo;;;
2201;Luciana Soares Barbosa;F;23;Recife;PE;11;Senior de Juridico;Senior;Hibrido;2019-02-15;9590.95;Ativo;;;
2202;Guilherme Alves Vieira;M;32;Salvador;BA;8;Senior de Operacoes;Senior;Remoto;2019-10-23;14564.2;Ativo;;;
2203;Gabriel Rodrigues Rocha;M;22;Goiania;GO;1;Junior de Engenharia de Software;Junior;Remoto;2022-09-02;3916.61;Ativo;;;
2204;Pedro Vieira Rocha;M;24;Curitiba;PR;2;Junior de Dados & Analytics;Junior;Remoto;2019-02-28;4252.57;Ativo;;;
2205;Eduardo Souza Oliveira;M;20;Florianopolis;SC;5;Senior de Marketing;Senior;Remoto;2020-09-06;12712.13;Ativo;;;
2206;Carolina Andrade Lopes;F;35;Curitiba;PR;10;Pleno de Financeiro;Pleno;Remoto;2019-01-09;7553.16;Ativo;;;
2207;Pedro Rodrigues Alves;M;32;Salvador;BA;3;Pleno de Produto;Pleno;Remoto;2019-01-18;9168.96;Ativo;;;
2208;Natalia Ribeiro Ribeiro;F;30;Fortaleza;CE;5;Pleno de Marketing;Pleno;Remoto;2022-02-22;7282.14;Ativo;;;
2209;Andre Oliveira Lopes;M;42;Salvador;BA;6;Pleno de Customer Success;Pleno;Hibrido;2023-12-23;9462.83;Desligado;2024-08-08;Involuntario;Reducao de quadro
2210;Rafael Barbosa Lima;M;36;Goiania;GO;8;Pleno de Operacoes;Pleno;Remoto;2022-11-07;8892.4;Ativo;;;
2211;Rodrigo Santos Vieira;M;19;Sao Paulo;SP;8;Pleno de Operacoes;Pleno;Presencial;2021-09-22;8498.82;Ativo;;;
2212;Marcelo Lopes Dias;M;34;Florianopolis;SC;12;Pleno de Administrativo;Pleno;Presencial;2019-01-17;9145.11;Desligado;2024-04-17;Aposentadoria;Aposentadoria
2213;Rafael Almeida Soares;M;43;Salvador;BA;4;Pleno de Comercial;Pleno;Hibrido;2020-03-08;7392.1;Desligado;2024-05-30;Voluntario;Continuidade dos estudos
2214;Renata Barbosa Lima;F;40;Curitiba;PR;11;Junior de Juridico;Junior;Hibrido;2024-04-18;4308.4;Ativo;;;
2215;Joao Ferreira Vieira;M;37;Curitiba;PR;10;Junior de Financeiro;Junior;Hibrido;2022-10-14;5204.46;Ativo;;;
2216;Leonardo Almeida Soares;M;29;Goiania;GO;8;Senior de Operacoes;Senior;Hibrido;2020-07-24;14940.55;Ativo;;;
2217;Carolina Pereira Gomes;F;32;Goiania;GO;5;Pleno de Marketing;Pleno;Presencial;2018-05-31;7548.87;Ativo;;;
2218;Natalia Souza Ferreira;F;26;Curitiba;PR;11;Pleno de Juridico;Pleno;Hibrido;2021-08-16;8093.36;Ativo;;;
2219;Gustavo Pereira Gomes;M;25;Sao Paulo;SP;1;Gerente de Engenharia de Software;Gerente;Hibrido;2020-07-19;26520.38;Ativo;;;
2220;Guilherme Rodrigues Lima;M;35;Sao Paulo;SP;1;Pleno de Engenharia de Software;Pleno;Hibrido;2018-10-04;9307.63;Ativo;;;
2221;Bruno Fernandes Souza;M;28;Sao Paulo;SP;9;Coordenador de Recursos Humanos;Coordenador;Remoto;2018-03-20;12024.68;Ativo;;;
2222;Daniela Ribeiro Costa;F;19;Rio de Janeiro;RJ;9;Junior de Recursos Humanos;Junior;Remoto;2018-12-25;4422.57;Ativo;;;
2223;Fernanda Carvalho Barbosa;F;29;Porto Alegre;RS;7;Junior de Suporte Tecnico;Junior;Hibrido;2023-08-30;5306.89;Ativo;;;
2224;Ana Rocha Silva;F;36;Recife;PE;10;Senior de Financeiro;Senior;Hibrido;2019-03-28;13426.6;Ativo;;;
2225;Guilherme Ferreira Lima;M;30;Sao Paulo;SP;6;Coordenador de Customer Success;Coordenador;Remoto;2020-04-29;17004.05;Ativo;;;
2226;Marcelo Rocha Lima;M;35;Campinas;SP;4;Senior de Comercial;Senior;Hibrido;2019-09-08;10027.1;Ativo;;;
2227;Eduardo Pereira Costa;M;37;Porto Alegre;RS;6;Senior de Customer Success;Senior;Hibrido;2023-02-16;11737.6;Desligado;2024-07-28;Voluntario;Insatisfacao salarial
2228;Fernanda Almeida Pereira;F;27;Goiania;GO;1;Pleno de Engenharia de Software;Pleno;Hibrido;2018-04-18;8403.96;Ativo;;;
2229;Bruna Rodrigues Lopes;F;22;Rio de Janeiro;RJ;8;Senior de Operacoes;Senior;Hibrido;2021-07-08;12715.81;Ativo;;;
2230;Larissa Almeida Ferreira;F;22;Belo Horizonte;MG;9;Pleno de Recursos Humanos;Pleno;Presencial;2022-03-07;9011.46;Ativo;;;
2231;Fernando Lopes Andrade;M;40;Belo Horizonte;MG;4;Junior de Comercial;Junior;Remoto;2020-09-08;5205.56;Ativo;;;
2232;Maria Gomes Ferreira;F;36;Belo Horizonte;MG;3;Gerente de Produto;Gerente;Remoto;2023-07-07;23502.53;Ativo;;;
2233;Daniela Alves Oliveira;F;29;Belo Horizonte;MG;12;Junior de Administrativo;Junior;Remoto;2023-10-09;5199.1;Ativo;;;
2234;Andre Pereira Almeida;M;23;Campinas;SP;4;Pleno de Comercial;Pleno;Presencial;2019-12-24;6005.13;Desligado;2024-10-26;Voluntario;Motivos pessoais/familiares
2235;Leonardo Rodrigues Andrade;M;39;Sao Paulo;SP;11;Junior de Juridico;Junior;Remoto;2022-08-28;3890.42;Ativo;;;
2236;Marcelo Martins Silva;M;35;Rio de Janeiro;RJ;6;Pleno de Customer Success;Pleno;Remoto;2022-01-13;8431.76;Desligado;2024-12-18;Voluntario;Nova oportunidade de mercado
2237;Matheus Pereira Oliveira;M;30;Porto Alegre;RS;5;Senior de Marketing;Senior;Remoto;2022-08-27;14352.88;Ativo;;;
2238;Ricardo Silva Silva;M;32;Rio de Janeiro;RJ;11;Pleno de Juridico;Pleno;Presencial;2020-08-13;7786.58;Desligado;2024-10-05;Voluntario;Continuidade dos estudos
2239;Juliana Alves Rodrigues;F;22;Fortaleza;CE;6;Junior de Customer Success;Junior;Hibrido;2020-06-17;5210.61;Ativo;;;
2240;Larissa Gomes Costa;F;36;Fortaleza;CE;7;Junior de Suporte Tecnico;Junior;Hibrido;2022-05-21;5323.53;Ativo;;;
2241;Felipe Santos Fernandes;M;42;Goiania;GO;10;Junior de Financeiro;Junior;Hibrido;2021-08-09;5041.67;Ativo;;;
2242;Natalia Souza Silva;F;19;Sao Paulo;SP;1;Pleno de Engenharia de Software;Pleno;Hibrido;2022-01-15;9365.53;Ativo;;;
2243;Gustavo Gomes Souza;M;29;Florianopolis;SC;11;Pleno de Juridico;Pleno;Remoto;2021-04-29;9405.86;Ativo;;;
2244;Fernanda Silva Pereira;F;39;Sao Paulo;SP;2;Junior de Dados & Analytics;Junior;Remoto;2020-05-14;4599.29;Ativo;;;
2245;Andre Martins Rodrigues;M;19;Recife;PE;7;Junior de Suporte Tecnico;Junior;Hibrido;2019-08-03;5186.6;Ativo;;;
2246;Beatriz Dias Martins;F;33;Campinas;SP;9;Senior de Recursos Humanos;Senior;Remoto;2021-07-09;11209.33;Ativo;;;
2247;Vinicius Ferreira Souza;M;40;Curitiba;PR;10;Senior de Financeiro;Senior;Presencial;2021-10-09;11682.74;Ativo;;;
2248;Rodrigo Ribeiro Oliveira;M;43;Brasilia;DF;7;Especialista de Suporte Tecnico;Especialista;Remoto;2022-11-15;18022.03;Ativo;;;
2249;Camila Ribeiro Oliveira;F;20;Sao Paulo;SP;10;Junior de Financeiro;Junior;Remoto;2018-03-27;5163.99;Ativo;;;
2250;Rafael Carvalho Soares;M;21;Recife;PE;3;Senior de Produto;Senior;Hibrido;2023-08-10;12770.66;Ativo;;;
2251;Andre Rodrigues Dias;M;29;Campinas;SP;12;Junior de Administrativo;Junior;Hibrido;2022-10-17;4694.14;Ativo;;;
2252;Daniela Gomes Ribeiro;F;35;Rio de Janeiro;RJ;2;Pleno de Dados & Analytics;Pleno;Hibrido;2020-11-16;8951.23;Ativo;;;
2253;Debora Dias Ribeiro;F;27;Porto Alegre;RS;8;Pleno de Operacoes;Pleno;Hibrido;2023-04-11;7145.63;Ativo;;;
2254;Joao Rodrigues Rocha;M;56;Belo Horizonte;MG;7;Senior de Suporte Tecnico;Senior;Hibrido;2024-06-30;12813.55;Ativo;;;
2255;Fernanda Martins Almeida;F;31;Goiania;GO;3;Junior de Produto;Junior;Remoto;2019-03-10;4818.66;Ativo;;;
2256;Juliana Souza Vieira;F;31;Salvador;BA;11;Especialista de Juridico;Especialista;Hibrido;2018-07-01;14023.43;Ativo;;;
2257;Fernanda Oliveira Costa;F;40;Belo Horizonte;MG;12;Pleno de Administrativo;Pleno;Remoto;2024-11-29;6721.42;Ativo;;;
2258;Marcelo Ribeiro Costa;M;39;Fortaleza;CE;9;Senior de Recursos Humanos;Senior;Remoto;2023-05-04;10997.8;Ativo;;;
2259;Debora Nascimento Carvalho;F;27;Brasilia;DF;7;Junior de Suporte Tecnico;Junior;Remoto;2022-07-24;4754.03;Ativo;;;
2260;Fernanda Rocha Pereira;F;33;Salvador;BA;11;Pleno de Juridico;Pleno;Remoto;2018-08-27;7654.28;Ativo;;;
2261;Natalia Lopes Fernandes;F;26;Florianopolis;SC;1;Estagiario de Engenharia de Software;Estagiario;Presencial;2020-11-19;2428.73;Ativo;;;
2262;Natalia Fernandes Pereira;F;34;Salvador;BA;5;Junior de Marketing;Junior;Hibrido;2018-07-30;5311.16;Ativo;;;
2263;Fernando Nascimento Carvalho;M;27;Florianopolis;SC;2;Senior de Dados & Analytics;Senior;Remoto;2023-07-01;10515.27;Ativo;;;
2264;Lucas Pereira Ribeiro;M;25;Sao Paulo;SP;11;Gerente de Juridico;Gerente;Hibrido;2019-10-27;24667.96;Ativo;;;
2265;Joao Ribeiro Fernandes;M;29;Fortaleza;CE;2;Senior de Dados & Analytics;Senior;Remoto;2023-06-06;14042.25;Ativo;;;
2266;Gabriel Santos Ribeiro;M;34;Recife;PE;3;Junior de Produto;Junior;Presencial;2022-10-27;4837.9;Ativo;;;
2267;Rodrigo Almeida Rodrigues;M;25;Florianopolis;SC;1;Junior de Engenharia de Software;Junior;Presencial;2018-03-29;4731.14;Ativo;;;
2268;Beatriz Alves Pereira;F;30;Sao Paulo;SP;4;Junior de Comercial;Junior;Remoto;2021-08-20;3543.38;Ativo;;;
2269;Gabriel Nascimento Nascimento;M;21;Belo Horizonte;MG;3;Pleno de Produto;Pleno;Hibrido;2023-08-27;7643.21;Ativo;;;
2270;Maria Nascimento Carvalho;F;31;Recife;PE;2;Pleno de Dados & Analytics;Pleno;Hibrido;2024-02-27;6481.59;Ativo;;;
2271;Gabriel Dias Vieira;M;24;Rio de Janeiro;RJ;2;Especialista de Dados & Analytics;Especialista;Remoto;2021-11-04;16138.71;Ativo;;;
2272;Daniela Ferreira Silva;F;24;Belo Horizonte;MG;11;Senior de Juridico;Senior;Hibrido;2024-08-30;10856.76;Ativo;;;
2273;Fernanda Oliveira Pereira;F;36;Rio de Janeiro;RJ;10;Pleno de Financeiro;Pleno;Remoto;2024-10-23;8921.22;Ativo;;;
2274;Fernando Carvalho Rodrigues;M;43;Belo Horizonte;MG;1;Pleno de Engenharia de Software;Pleno;Presencial;2024-10-10;7467.12;Desligado;2024-12-31;Voluntario;Insatisfacao salarial
2275;Debora Carvalho Andrade;F;39;Recife;PE;10;Pleno de Financeiro;Pleno;Hibrido;2022-07-08;8574.42;Ativo;;;
2276;Maria Gomes Souza;F;29;Belo Horizonte;MG;8;Coordenador de Operacoes;Coordenador;Hibrido;2021-11-19;17382.81;Ativo;;;
2277;Pedro Barbosa Ferreira;M;33;Florianopolis;SC;2;Especialista de Dados & Analytics;Especialista;Presencial;2019-01-18;14072.64;Ativo;;;
2278;Joao Martins Carvalho;M;20;Campinas;SP;1;Estagiario de Engenharia de Software;Estagiario;Remoto;2024-04-20;1860.67;Ativo;;;
2279;Natalia Nascimento Lima;F;37;Brasilia;DF;5;Junior de Marketing;Junior;Remoto;2023-06-14;4547.67;Ativo;;;
2280;Beatriz Carvalho Ferreira;F;23;Porto Alegre;RS;12;Senior de Administrativo;Senior;Remoto;2023-05-23;14399.6;Ativo;;;
2281;Leonardo Martins Rodrigues;M;46;Goiania;GO;6;Junior de Customer Success;Junior;Hibrido;2023-05-01;3686.66;Ativo;;;
2282;Marcelo Barbosa Santos;M;37;Curitiba;PR;5;Estagiario de Marketing;Estagiario;Hibrido;2018-03-14;2107.32;Ativo;;;
2283;Larissa Andrade Fernandes;F;30;Brasilia;DF;6;Pleno de Customer Success;Pleno;Hibrido;2020-10-14;6582.92;Ativo;;;
2284;Eduardo Lopes Costa;M;22;Campinas;SP;9;Junior de Recursos Humanos;Junior;Hibrido;2024-03-15;4912.33;Ativo;;;
2285;Renata Ferreira Santos;F;36;Recife;PE;3;Gerente de Produto;Gerente;Presencial;2021-07-24;20432.31;Ativo;;;
2286;Amanda Lima Souza;F;30;Rio de Janeiro;RJ;3;Pleno de Produto;Pleno;Remoto;2024-01-10;6625.25;Ativo;;;
2287;Diego Barbosa Costa;M;36;Sao Paulo;SP;1;Pleno de Engenharia de Software;Pleno;Hibrido;2022-09-14;9339.5;Ativo;;;
2288;Rodrigo Ferreira Fernandes;M;32;Rio de Janeiro;RJ;3;Junior de Produto;Junior;Hibrido;2020-09-19;5184.51;Ativo;;;
2289;Bruno Barbosa Silva;M;26;Porto Alegre;RS;4;Junior de Comercial;Junior;Presencial;2023-03-24;3536.1;Desligado;2024-05-12;Voluntario;Insatisfacao salarial
2290;Pedro Pereira Lima;M;33;Rio de Janeiro;RJ;12;Pleno de Administrativo;Pleno;Remoto;2024-01-06;8526.77;Ativo;;;
2291;Fernando Lopes Santos;M;26;Sao Paulo;SP;10;Pleno de Financeiro;Pleno;Presencial;2023-11-01;7304.85;Ativo;;;
2292;Juliana Gomes Silva;F;34;Recife;PE;10;Pleno de Financeiro;Pleno;Remoto;2023-02-03;9205.32;Ativo;;;
2293;Renata Soares Alves;F;31;Recife;PE;3;Pleno de Produto;Pleno;Presencial;2024-05-05;7156.03;Ativo;;;
2294;Bruna Rodrigues Nascimento;F;31;Campinas;SP;7;Pleno de Suporte Tecnico;Pleno;Hibrido;2023-06-12;6786.79;Ativo;;;
2295;Thiago Carvalho Andrade;M;30;Florianopolis;SC;3;Estagiario de Produto;Estagiario;Hibrido;2018-05-25;2289.68;Ativo;;;
2296;Leonardo Rodrigues Silva;M;38;Brasilia;DF;2;Pleno de Dados & Analytics;Pleno;Hibrido;2018-09-15;9246.89;Ativo;;;
2297;Debora Vieira Santos;F;20;Porto Alegre;RS;11;Especialista de Juridico;Especialista;Remoto;2020-01-28;14905.97;Ativo;;;
2298;Matheus Dias Almeida;M;27;Rio de Janeiro;RJ;3;Senior de Produto;Senior;Hibrido;2021-10-02;10447.06;Ativo;;;
2299;Felipe Alves Dias;M;36;Campinas;SP;3;Junior de Produto;Junior;Hibrido;2022-12-19;4346.61;Desligado;2024-07-08;Voluntario;Insatisfacao salarial
2300;Leonardo Soares Andrade;M;36;Brasilia;DF;9;Senior de Recursos Humanos;Senior;Remoto;2024-03-24;9927.54;Ativo;;;
2301;Priscila Rodrigues Costa;F;36;Porto Alegre;RS;3;Junior de Produto;Junior;Hibrido;2019-12-14;4399.75;Ativo;;;
2302;Daniela Carvalho Santos;F;26;Goiania;GO;3;Junior de Produto;Junior;Hibrido;2021-04-22;5039.29;Ativo;;;
2303;Beatriz Alves Barbosa;F;23;Brasilia;DF;10;Pleno de Financeiro;Pleno;Hibrido;2021-12-29;7683.08;Ativo;;;
2304;Matheus Vieira Rocha;M;35;Fortaleza;CE;6;Junior de Customer Success;Junior;Remoto;2023-04-12;4832.18;Ativo;;;
2305;Joao Rodrigues Gomes;M;41;Florianopolis;SC;1;Especialista de Engenharia de Software;Especialista;Hibrido;2022-03-05;14262.9;Ativo;;;
2306;Vinicius Souza Almeida;M;42;Recife;PE;3;Junior de Produto;Junior;Hibrido;2022-08-05;4548.66;Desligado;2024-11-18;Voluntario;Insatisfacao salarial
2307;Larissa Oliveira Lima;F;29;Brasilia;DF;9;Junior de Recursos Humanos;Junior;Hibrido;2022-04-15;4118.95;Ativo;;;
2308;Bruna Oliveira Oliveira;F;37;Belo Horizonte;MG;9;Especialista de Recursos Humanos;Especialista;Hibrido;2018-06-20;18795.87;Ativo;;;
2309;Patricia Lopes Lima;F;51;Fortaleza;CE;3;Especialista de Produto;Especialista;Hibrido;2023-12-10;18343.25;Desligado;2024-02-07;Voluntario;Insatisfacao salarial
2310;Fernando Lopes Santos;M;32;Recife;PE;3;Pleno de Produto;Pleno;Hibrido;2020-06-10;8410.27;Ativo;;;
2311;Renata Carvalho Barbosa;F;36;Campinas;SP;5;Pleno de Marketing;Pleno;Remoto;2018-10-27;8937.49;Ativo;;;
2312;Eduardo Ribeiro Soares;M;40;Brasilia;DF;5;Senior de Marketing;Senior;Presencial;2018-05-25;14741.15;Ativo;;;
2313;Bruna Oliveira Dias;F;32;Salvador;BA;8;Senior de Operacoes;Senior;Remoto;2018-05-13;9790.24;Ativo;;;
2314;Patricia Dias Santos;F;28;Brasilia;DF;10;Senior de Financeiro;Senior;Hibrido;2022-07-16;11124.31;Ativo;;;
2315;Felipe Nascimento Fernandes;M;36;Sao Paulo;SP;5;Junior de Marketing;Junior;Hibrido;2018-10-19;4907.41;Ativo;;;
2316;Gabriel Gomes Martins;M;39;Belo Horizonte;MG;1;Senior de Engenharia de Software;Senior;Hibrido;2021-08-03;10441.76;Ativo;;;
2317;Juliana Pereira Martins;F;31;Fortaleza;CE;4;Senior de Comercial;Senior;Hibrido;2019-07-01;13886.72;Ativo;;;
2318;Diego Almeida Almeida;M;29;Campinas;SP;5;Pleno de Marketing;Pleno;Remoto;2022-06-16;8387.46;Ativo;;;
2319;Camila Oliveira Ferreira;F;27;Goiania;GO;5;Pleno de Marketing;Pleno;Hibrido;2018-05-26;7839.65;Desligado;2024-02-26;Aposentadoria;Aposentadoria
2320;Marcelo Carvalho Alves;M;26;Salvador;BA;1;Pleno de Engenharia de Software;Pleno;Hibrido;2023-08-27;7604.37;Ativo;;;
2321;Juliana Costa Costa;F;20;Brasilia;DF;11;Especialista de Juridico;Especialista;Hibrido;2021-11-06;18401.82;Ativo;;;
2322;Amanda Nascimento Andrade;F;19;Fortaleza;CE;4;Senior de Comercial;Senior;Hibrido;2020-12-27;12717.97;Ativo;;;
2323;Guilherme Almeida Santos;M;30;Florianopolis;SC;8;Pleno de Operacoes;Pleno;Hibrido;2018-08-29;8756.49;Ativo;;;
2324;Vinicius Rodrigues Rocha;M;25;Curitiba;PR;12;Pleno de Administrativo;Pleno;Remoto;2022-02-06;8698.66;Ativo;;;
2325;Luciana Santos Barbosa;F;34;Salvador;BA;3;Pleno de Produto;Pleno;Hibrido;2018-08-28;8141.86;Ativo;;;
2326;Diego Carvalho Lopes;M;26;Curitiba;PR;10;Pleno de Financeiro;Pleno;Hibrido;2022-08-11;8962.48;Ativo;;;
2327;Bruno Silva Dias;M;39;Salvador;BA;5;Senior de Marketing;Senior;Hibrido;2021-07-28;13712.99;Ativo;;;
2328;Patricia Rocha Ferreira;F;31;Rio de Janeiro;RJ;6;Pleno de Customer Success;Pleno;Presencial;2020-01-23;8165.96;Ativo;;;
2329;Lucas Lima Martins;M;37;Rio de Janeiro;RJ;7;Pleno de Suporte Tecnico;Pleno;Remoto;2023-10-29;7040.82;Ativo;;;
2330;Priscila Carvalho Soares;F;30;Curitiba;PR;7;Pleno de Suporte Tecnico;Pleno;Remoto;2023-07-19;6363.97;Ativo;;;
2331;Larissa Santos Oliveira;F;37;Salvador;BA;8;Junior de Operacoes;Junior;Remoto;2021-10-18;3614.44;Desligado;2024-05-13;Voluntario;Mudanca de carreira
2332;Larissa Alves Ribeiro;F;25;Salvador;BA;4;Senior de Comercial;Senior;Hibrido;2022-02-07;13600.54;Ativo;;;
2333;Debora Fernandes Nascimento;F;38;Belo Horizonte;MG;11;Senior de Juridico;Senior;Hibrido;2020-03-03;14507.58;Ativo;;;
2334;Bruna Nascimento Vieira;F;26;Salvador;BA;1;Senior de Engenharia de Software;Senior;Hibrido;2018-12-25;14818.9;Desligado;2024-05-18;Voluntario;Nova oportunidade de mercado
2335;Lucas Andrade Dias;M;54;Brasilia;DF;3;Junior de Produto;Junior;Hibrido;2018-04-16;4622.83;Ativo;;;
2336;Thiago Dias Andrade;M;24;Goiania;GO;4;Junior de Comercial;Junior;Hibrido;2021-08-21;3831.96;Ativo;;;
2337;Maria Rodrigues Almeida;F;37;Belo Horizonte;MG;1;Pleno de Engenharia de Software;Pleno;Remoto;2022-08-15;7215.09;Desligado;2024-11-11;Voluntario;Motivos pessoais/familiares
2338;Camila Dias Carvalho;F;33;Porto Alegre;RS;5;Pleno de Marketing;Pleno;Hibrido;2019-08-30;9251.36;Ativo;;;
2339;Eduardo Rodrigues Rocha;M;21;Fortaleza;CE;11;Senior de Juridico;Senior;Presencial;2022-09-22;10593.11;Ativo;;;
2340;Pedro Alves Andrade;M;32;Curitiba;PR;3;Senior de Produto;Senior;Remoto;2020-06-06;13076.66;Ativo;;;
2341;Natalia Ferreira Barbosa;F;23;Salvador;BA;9;Junior de Recursos Humanos;Junior;Remoto;2019-06-22;4262.94;Ativo;;;
2342;Diego Alves Alves;M;23;Campinas;SP;4;Pleno de Comercial;Pleno;Hibrido;2022-05-28;8942.55;Ativo;;;
2343;Diego Ribeiro Silva;M;24;Porto Alegre;RS;12;Especialista de Administrativo;Especialista;Hibrido;2019-08-10;14494.54;Ativo;;;
2344;Tatiane Souza Nascimento;F;34;Fortaleza;CE;10;Especialista de Financeiro;Especialista;Hibrido;2020-03-09;14748.57;Ativo;;;
2345;Vanessa Carvalho Ribeiro;F;19;Recife;PE;7;Junior de Suporte Tecnico;Junior;Hibrido;2023-10-11;4957.2;Ativo;;;
2346;Tatiane Costa Souza;F;39;Belo Horizonte;MG;4;Estagiario de Comercial;Estagiario;Remoto;2021-06-30;2339.69;Desligado;2024-03-28;Involuntario;Reestruturacao da area
2347;Bruna Ferreira Fernandes;F;32;Brasilia;DF;1;Pleno de Engenharia de Software;Pleno;Hibrido;2022-04-20;8319.87;Ativo;;;
2348;Gustavo Carvalho Martins;M;38;Porto Alegre;RS;10;Junior de Financeiro;Junior;Hibrido;2019-07-07;3509.81;Ativo;;;
2349;Carolina Nascimento Barbosa;F;30;Rio de Janeiro;RJ;3;Estagiario de Produto;Estagiario;Remoto;2018-08-15;2067.92;Ativo;;;
2350;Gabriel Oliveira Rocha;M;38;Sao Paulo;SP;9;Junior de Recursos Humanos;Junior;Hibrido;2021-08-04;3915.67;Ativo;;;
2351;Camila Lopes Andrade;F;35;Brasilia;DF;10;Coordenador de Financeiro;Coordenador;Presencial;2021-03-13;17806.07;Ativo;;;
2352;Eduardo Soares Vieira;M;45;Sao Paulo;SP;8;Junior de Operacoes;Junior;Hibrido;2023-12-04;5444.45;Ativo;;;
2353;Vanessa Alves Pereira;F;30;Fortaleza;CE;3;Senior de Produto;Senior;Hibrido;2023-04-14;11329.8;Ativo;;;
2354;Camila Alves Lopes;F;31;Rio de Janeiro;RJ;8;Senior de Operacoes;Senior;Hibrido;2023-08-24;10165.53;Ativo;;;
2355;Priscila Carvalho Rocha;F;30;Goiania;GO;1;Estagiario de Engenharia de Software;Estagiario;Remoto;2020-02-04;2467.88;Ativo;;;
2356;Maria Ribeiro Pereira;F;30;Florianopolis;SC;9;Junior de Recursos Humanos;Junior;Presencial;2018-04-20;5378.93;Ativo;;;
2357;Patricia Dias Lima;F;28;Porto Alegre;RS;12;Pleno de Administrativo;Pleno;Hibrido;2023-04-08;8186.35;Ativo;;;
2358;Beatriz Silva Carvalho;F;28;Sao Paulo;SP;3;Senior de Produto;Senior;Hibrido;2021-05-26;10848.53;Ativo;;;
2359;Joao Rodrigues Ribeiro;M;29;Florianopolis;SC;11;Junior de Juridico;Junior;Hibrido;2022-02-06;3958.96;Ativo;;;
2360;Aline Ferreira Vieira;F;32;Salvador;BA;2;Estagiario de Dados & Analytics;Estagiario;Remoto;2024-07-02;2252.14;Ativo;;;
2361;Gustavo Martins Alves;M;35;Brasilia;DF;4;Pleno de Comercial;Pleno;Remoto;2019-01-13;9358.2;Ativo;;;
2362;Ana Vieira Carvalho;F;23;Belo Horizonte;MG;10;Junior de Financeiro;Junior;Remoto;2023-06-02;4098.54;Ativo;;;
2363;Larissa Martins Costa;F;36;Florianopolis;SC;10;Junior de Financeiro;Junior;Hibrido;2024-01-09;5241.97;Desligado;2024-09-09;Voluntario;Insatisfacao salarial
2364;Beatriz Souza Nascimento;F;45;Belo Horizonte;MG;3;Senior de Produto;Senior;Presencial;2020-08-09;13573.34;Ativo;;;
2365;Fernando Martins Rocha;M;28;Porto Alegre;RS;12;Junior de Administrativo;Junior;Hibrido;2021-05-26;4026.93;Desligado;2024-07-02;Voluntario;Continuidade dos estudos
2366;Thiago Alves Oliveira;M;36;Rio de Janeiro;RJ;2;Pleno de Dados & Analytics;Pleno;Presencial;2024-03-25;6531.07;Ativo;;;
2367;Andre Silva Rocha;M;36;Brasilia;DF;3;Junior de Produto;Junior;Remoto;2020-09-14;3784.52;Ativo;;;
2368;Joao Barbosa Nascimento;M;39;Florianopolis;SC;9;Estagiario de Recursos Humanos;Estagiario;Hibrido;2024-05-20;1893.75;Ativo;;;
2369;Fernando Martins Silva;M;32;Goiania;GO;3;Senior de Produto;Senior;Remoto;2022-09-27;12564.62;Ativo;;;
2370;Eduardo Rocha Rocha;M;36;Recife;PE;6;Junior de Customer Success;Junior;Hibrido;2020-11-21;5397.62;Ativo;;;
2371;Felipe Rocha Pereira;M;32;Porto Alegre;RS;3;Pleno de Produto;Pleno;Remoto;2018-02-17;7219.44;Ativo;;;
2372;Gustavo Pereira Andrade;M;28;Salvador;BA;11;Junior de Juridico;Junior;Hibrido;2024-07-10;3976.03;Ativo;;;
2373;Ana Lima Oliveira;F;21;Belo Horizonte;MG;5;Senior de Marketing;Senior;Remoto;2019-03-06;12440.56;Desligado;2024-02-29;Voluntario;Nova oportunidade de mercado
2374;Gabriel Almeida Barbosa;M;29;Rio de Janeiro;RJ;7;Senior de Suporte Tecnico;Senior;Presencial;2020-02-10;11390.47;Ativo;;;
2375;Matheus Gomes Lima;M;25;Belo Horizonte;MG;10;Pleno de Financeiro;Pleno;Hibrido;2021-01-01;6018.34;Ativo;;;
2376;Lucas Lopes Ribeiro;M;32;Curitiba;PR;6;Pleno de Customer Success;Pleno;Remoto;2022-08-14;7342.89;Ativo;;;
2377;Camila Lopes Silva;F;29;Salvador;BA;12;Senior de Administrativo;Senior;Hibrido;2019-09-17;13260.1;Ativo;;;
2378;Vinicius Rocha Oliveira;M;44;Curitiba;PR;1;Senior de Engenharia de Software;Senior;Presencial;2021-07-23;12747.84;Ativo;;;
2379;Renata Costa Rocha;F;32;Fortaleza;CE;4;Junior de Comercial;Junior;Presencial;2022-10-15;5476.8;Ativo;;;
2380;Rafael Gomes Silva;M;36;Belo Horizonte;MG;6;Pleno de Customer Success;Pleno;Remoto;2024-10-18;8877.51;Ativo;;;
2381;Gabriel Costa Ribeiro;M;36;Fortaleza;CE;11;Junior de Juridico;Junior;Remoto;2022-12-11;3632.71;Ativo;;;
2382;Rafael Soares Andrade;M;35;Porto Alegre;RS;7;Pleno de Suporte Tecnico;Pleno;Hibrido;2019-12-10;7839.99;Ativo;;;
2383;Bruno Barbosa Silva;M;29;Florianopolis;SC;6;Pleno de Customer Success;Pleno;Hibrido;2022-06-26;7816.0;Ativo;;;
2384;Leonardo Soares Rodrigues;M;41;Curitiba;PR;10;Pleno de Financeiro;Pleno;Presencial;2022-03-21;7432.33;Ativo;;;
2385;Camila Alves Silva;F;30;Recife;PE;10;Senior de Financeiro;Senior;Hibrido;2024-04-17;12041.64;Ativo;;;
2386;Felipe Oliveira Andrade;M;33;Goiania;GO;2;Junior de Dados & Analytics;Junior;Hibrido;2018-04-08;3937.52;Ativo;;;
2387;Guilherme Lima Lopes;M;24;Curitiba;PR;4;Senior de Comercial;Senior;Hibrido;2018-12-31;13618.4;Ativo;;;
2388;Diego Nascimento Fernandes;M;34;Campinas;SP;11;Especialista de Juridico;Especialista;Remoto;2023-11-05;15599.63;Ativo;;;
2389;Priscila Andrade Lopes;F;32;Salvador;BA;11;Junior de Juridico;Junior;Remoto;2022-04-22;3603.64;Ativo;;;
2390;Amanda Lima Ferreira;F;37;Curitiba;PR;7;Estagiario de Suporte Tecnico;Estagiario;Hibrido;2021-10-26;2452.83;Ativo;;;
2391;Renata Souza Vieira;F;27;Brasilia;DF;3;Junior de Produto;Junior;Presencial;2020-02-10;4403.41;Ativo;;;
2392;Larissa Alves Andrade;F;28;Fortaleza;CE;5;Junior de Marketing;Junior;Hibrido;2018-08-19;4050.97;Ativo;;;
2393;Priscila Carvalho Barbosa;F;44;Goiania;GO;7;Pleno de Suporte Tecnico;Pleno;Remoto;2023-05-07;8289.23;Ativo;;;
2394;Aline Barbosa Souza;F;32;Brasilia;DF;8;Junior de Operacoes;Junior;Hibrido;2018-12-16;4376.03;Ativo;;;
2395;Vanessa Alves Vieira;F;37;Recife;PE;3;Senior de Produto;Senior;Remoto;2022-03-07;14166.01;Ativo;;;
2396;Juliana Almeida Ferreira;F;32;Sao Paulo;SP;3;Estagiario de Produto;Estagiario;Remoto;2021-08-18;2009.08;Ativo;;;
2397;Luciana Carvalho Gomes;F;25;Brasilia;DF;1;Pleno de Engenharia de Software;Pleno;Remoto;2024-06-24;8647.44;Ativo;;;
2398;Renata Silva Souza;F;31;Belo Horizonte;MG;11;Pleno de Juridico;Pleno;Remoto;2018-08-05;9335.34;Ativo;;;
2399;Vanessa Ferreira Ribeiro;F;34;Curitiba;PR;11;Pleno de Juridico;Pleno;Hibrido;2022-08-23;6150.37;Ativo;;;
2400;Bruno Dias Ribeiro;M;28;Recife;PE;8;Senior de Operacoes;Senior;Remoto;2021-02-05;14268.64;Ativo;;;
2401;Thiago Souza Silva;M;54;Recife;PE;7;Junior de Suporte Tecnico;Junior;Presencial;2022-07-07;4356.2;Ativo;;;
2402;Thiago Alves Almeida;M;33;Brasilia;DF;10;Pleno de Financeiro;Pleno;Presencial;2018-04-05;7395.71;Ativo;;;
2403;Beatriz Fernandes Oliveira;F;36;Salvador;BA;5;Pleno de Marketing;Pleno;Remoto;2023-04-04;6194.55;Ativo;;;
2404;Daniela Alves Soares;F;29;Curitiba;PR;7;Junior de Suporte Tecnico;Junior;Remoto;2023-04-11;4286.97;Ativo;;;
2405;Gustavo Lima Nascimento;M;42;Brasilia;DF;5;Especialista de Marketing;Especialista;Remoto;2024-05-18;16204.06;Ativo;;;
2406;Fernando Rocha Carvalho;M;25;Campinas;SP;8;Junior de Operacoes;Junior;Remoto;2024-11-14;3688.99;Ativo;;;
2407;Aline Costa Alves;F;28;Curitiba;PR;7;Senior de Suporte Tecnico;Senior;Presencial;2018-06-26;9637.34;Ativo;;;
2408;Vinicius Lopes Santos;M;32;Porto Alegre;RS;5;Junior de Marketing;Junior;Remoto;2021-10-04;4476.62;Ativo;;;
2409;Camila Souza Almeida;F;33;Belo Horizonte;MG;12;Pleno de Administrativo;Pleno;Hibrido;2020-05-14;8079.04;Ativo;;;
2410;Luciana Martins Pereira;F;31;Brasilia;DF;6;Pleno de Customer Success;Pleno;Presencial;2018-09-21;7969.03;Ativo;;;
2411;Rodrigo Silva Rocha;M;26;Brasilia;DF;5;Junior de Marketing;Junior;Remoto;2018-09-12;5197.31;Ativo;;;
2412;Eduardo Gomes Rodrigues;M;22;Salvador;BA;5;Junior de Marketing;Junior;Presencial;2022-04-26;4940.45;Ativo;;;
2413;Gustavo Soares Santos;M;19;Recife;PE;3;Estagiario de Produto;Estagiario;Hibrido;2021-06-26;1869.52;Ativo;;;
2414;Lucas Lopes Souza;M;35;Salvador;BA;2;Coordenador de Dados & Analytics;Coordenador;Hibrido;2022-01-04;15752.7;Ativo;;;
2415;Patricia Costa Ribeiro;F;32;Salvador;BA;1;Junior de Engenharia de Software;Junior;Hibrido;2018-01-01;4913.84;Ativo;;;
2416;Gustavo Costa Lopes;M;35;Brasilia;DF;4;Senior de Comercial;Senior;Hibrido;2018-10-06;10431.05;Ativo;;;
2417;Marcelo Gomes Nascimento;M;35;Fortaleza;CE;6;Junior de Customer Success;Junior;Presencial;2018-10-31;5191.99;Desligado;2024-10-15;Voluntario;Motivos pessoais/familiares
2418;Diego Barbosa Souza;M;21;Sao Paulo;SP;7;Pleno de Suporte Tecnico;Pleno;Hibrido;2020-05-31;6060.5;Ativo;;;
2419;Pedro Silva Rodrigues;M;33;Rio de Janeiro;RJ;8;Junior de Operacoes;Junior;Hibrido;2023-05-01;4381.79;Ativo;;;
2420;Vanessa Pereira Ferreira;F;28;Rio de Janeiro;RJ;4;Junior de Comercial;Junior;Hibrido;2022-03-19;3684.59;Desligado;2024-08-18;Involuntario;Baixo desempenho
2421;Natalia Silva Nascimento;F;23;Sao Paulo;SP;7;Senior de Suporte Tecnico;Senior;Remoto;2019-10-08;9610.47;Desligado;2024-09-15;Voluntario;Mudanca de carreira
2422;Gabriel Santos Gomes;M;27;Rio de Janeiro;RJ;1;Junior de Engenharia de Software;Junior;Remoto;2023-11-24;5229.0;Ativo;;;
2423;Aline Nascimento Barbosa;F;34;Salvador;BA;5;Junior de Marketing;Junior;Remoto;2019-12-08;3896.71;Ativo;;;
2424;Larissa Rodrigues Vieira;F;47;Fortaleza;CE;6;Junior de Customer Success;Junior;Remoto;2022-07-09;3756.11;Ativo;;;
2425;Matheus Costa Rodrigues;M;37;Brasilia;DF;8;Junior de Operacoes;Junior;Hibrido;2021-11-16;4529.23;Ativo;;;
2426;Priscila Dias Souza;F;26;Florianopolis;SC;12;Pleno de Administrativo;Pleno;Presencial;2024-11-18;6134.68;Ativo;;;
2427;Fernando Lopes Dias;M;42;Fortaleza;CE;6;Junior de Customer Success;Junior;Remoto;2023-11-18;4389.9;Ativo;;;
2428;Aline Andrade Lopes;F;29;Curitiba;PR;12;Junior de Administrativo;Junior;Presencial;2018-07-23;4684.56;Ativo;;;
2429;Guilherme Gomes Nascimento;M;23;Rio de Janeiro;RJ;3;Senior de Produto;Senior;Presencial;2018-05-23;12289.87;Ativo;;;
2430;Natalia Pereira Dias;F;22;Campinas;SP;10;Senior de Financeiro;Senior;Remoto;2022-10-03;13006.76;Ativo;;;
2431;Lucas Oliveira Lopes;M;34;Sao Paulo;SP;11;Pleno de Juridico;Pleno;Hibrido;2019-05-24;8681.83;Ativo;;;
2432;Joao Dias Alves;M;24;Fortaleza;CE;8;Estagiario de Operacoes;Estagiario;Hibrido;2021-07-27;2123.28;Ativo;;;
2433;Amanda Lopes Souza;F;33;Recife;PE;6;Junior de Customer Success;Junior;Remoto;2019-01-01;3573.1;Ativo;;;
2434;Fernando Soares Soares;M;43;Recife;PE;9;Junior de Recursos Humanos;Junior;Hibrido;2024-03-09;4535.48;Ativo;;;
2435;Priscila Rocha Rodrigues;F;26;Florianopolis;SC;1;Junior de Engenharia de Software;Junior;Remoto;2023-02-15;4887.47;Desligado;2024-12-18;Voluntario;Nova oportunidade de mercado
2436;Felipe Ribeiro Martins;M;36;Fortaleza;CE;1;Especialista de Engenharia de Software;Especialista;Remoto;2020-05-23;16332.62;Desligado;2024-01-08;Involuntario;Reducao de quadro
2437;Marcelo Alves Oliveira;M;35;Porto Alegre;RS;1;Senior de Engenharia de Software;Senior;Hibrido;2024-11-27;10915.63;Ativo;;;
2438;Larissa Dias Gomes;F;25;Brasilia;DF;1;Senior de Engenharia de Software;Senior;Hibrido;2021-11-26;14537.63;Ativo;;;
2439;Matheus Almeida Souza;M;30;Goiania;GO;11;Estagiario de Juridico;Estagiario;Remoto;2019-02-24;2233.43;Ativo;;;
2440;Felipe Silva Almeida;M;28;Belo Horizonte;MG;5;Junior de Marketing;Junior;Hibrido;2018-12-30;5144.46;Ativo;;;
2441;Maria Lopes Dias;F;32;Florianopolis;SC;10;Junior de Financeiro;Junior;Hibrido;2022-04-07;4970.78;Ativo;;;
2442;Bruna Lima Souza;F;26;Florianopolis;SC;1;Pleno de Engenharia de Software;Pleno;Remoto;2019-06-07;6471.88;Ativo;;;
2443;Diego Carvalho Alves;M;32;Belo Horizonte;MG;9;Pleno de Recursos Humanos;Pleno;Hibrido;2019-04-29;8669.98;Ativo;;;
2444;Tatiane Carvalho Soares;F;31;Recife;PE;2;Especialista de Dados & Analytics;Especialista;Hibrido;2022-11-25;14561.34;Ativo;;;
2445;Eduardo Lima Ribeiro;M;29;Rio de Janeiro;RJ;7;Pleno de Suporte Tecnico;Pleno;Hibrido;2022-09-22;6028.31;Ativo;;;
2446;Marcelo Andrade Carvalho;M;24;Curitiba;PR;4;Senior de Comercial;Senior;Remoto;2020-01-22;11232.34;Ativo;;;
2447;Amanda Martins Ferreira;F;26;Brasilia;DF;3;Senior de Produto;Senior;Presencial;2024-08-01;13008.74;Ativo;;;
2448;Tatiane Barbosa Lopes;F;41;Florianopolis;SC;8;Pleno de Operacoes;Pleno;Remoto;2022-08-11;8740.27;Ativo;;;
2449;Camila Dias Santos;F;35;Campinas;SP;4;Pleno de Comercial;Pleno;Remoto;2022-12-03;7066.05;Ativo;;;
2450;Gabriel Pereira Souza;M;37;Sao Paulo;SP;8;Junior de Operacoes;Junior;Hibrido;2022-07-13;5088.52;Ativo;;;
2451;Fernando Lima Pereira;M;45;Rio de Janeiro;RJ;1;Estagiario de Engenharia de Software;Estagiario;Hibrido;2020-09-02;2051.03;Ativo;;;
2452;Guilherme Pereira Barbosa;M;31;Goiania;GO;9;Junior de Recursos Humanos;Junior;Hibrido;2024-02-22;3689.45;Ativo;;;
2453;Renata Martins Souza;F;26;Curitiba;PR;7;Pleno de Suporte Tecnico;Pleno;Hibrido;2019-04-05;8543.91;Ativo;;;
2454;Debora Alves Ferreira;F;43;Curitiba;PR;7;Pleno de Suporte Tecnico;Pleno;Hibrido;2018-11-12;7804.5;Desligado;2024-11-06;Involuntario;Reestruturacao da area
2455;Daniela Gomes Andrade;F;30;Sao Paulo;SP;2;Junior de Dados & Analytics;Junior;Hibrido;2020-12-11;4733.98;Ativo;;;
2456;Rafael Soares Nascimento;M;29;Brasilia;DF;8;Senior de Operacoes;Senior;Remoto;2021-09-17;13814.86;Ativo;;;
2457;Carolina Nascimento Pereira;F;28;Belo Horizonte;MG;5;Pleno de Marketing;Pleno;Remoto;2024-01-20;9013.13;Ativo;;;
2458;Juliana Ferreira Ferreira;F;39;Recife;PE;10;Especialista de Financeiro;Especialista;Hibrido;2019-12-16;13836.13;Desligado;2024-04-13;Voluntario;Motivos pessoais/familiares
2459;Joao Dias Lopes;M;32;Salvador;BA;4;Pleno de Comercial;Pleno;Remoto;2021-11-27;6010.62;Ativo;;;
2460;Maria Ferreira Lima;F;25;Rio de Janeiro;RJ;9;Junior de Recursos Humanos;Junior;Remoto;2018-10-04;5029.49;Ativo;;;
2461;Joao Barbosa Ribeiro;M;32;Fortaleza;CE;9;Pleno de Recursos Humanos;Pleno;Remoto;2020-12-01;9058.79;Ativo;;;
2462;Vinicius Pereira Lopes;M;37;Rio de Janeiro;RJ;12;Junior de Administrativo;Junior;Remoto;2018-09-19;4899.08;Ativo;;;
2463;Joao Vieira Dias;M;36;Porto Alegre;RS;12;Pleno de Administrativo;Pleno;Hibrido;2018-09-16;9227.51;Ativo;;;
2464;Leonardo Soares Ferreira;M;25;Belo Horizonte;MG;9;Coordenador de Recursos Humanos;Coordenador;Remoto;2019-08-12;12864.0;Ativo;;;
2465;Gabriel Gomes Andrade;M;40;Recife;PE;12;Junior de Administrativo;Junior;Presencial;2023-03-23;4443.57;Ativo;;;
2466;Debora Andrade Ribeiro;F;36;Florianopolis;SC;9;Senior de Recursos Humanos;Senior;Hibrido;2023-04-12;14426.28;Ativo;;;
2467;Debora Lima Ribeiro;F;41;Fortaleza;CE;5;Senior de Marketing;Senior;Hibrido;2021-05-24;10387.52;Ativo;;;
2468;Diego Gomes Nascimento;M;28;Recife;PE;5;Pleno de Marketing;Pleno;Hibrido;2019-09-30;6390.86;Ativo;;;
2469;Camila Lima Dias;F;29;Florianopolis;SC;9;Senior de Recursos Humanos;Senior;Hibrido;2021-11-23;10755.09;Desligado;2024-08-02;Involuntario;Reducao de quadro
2470;Matheus Carvalho Pereira;M;44;Campinas;SP;7;Especialista de Suporte Tecnico;Especialista;Hibrido;2018-11-30;13554.66;Ativo;;;
2471;Diego Lopes Silva;M;37;Curitiba;PR;3;Senior de Produto;Senior;Hibrido;2018-03-10;13546.42;Ativo;;;
2472;Bruna Alves Andrade;F;30;Rio de Janeiro;RJ;12;Estagiario de Administrativo;Estagiario;Remoto;2020-05-18;2167.15;Ativo;;;
2473;Marcelo Rocha Souza;M;28;Porto Alegre;RS;6;Junior de Customer Success;Junior;Hibrido;2020-09-07;4256.33;Ativo;;;
2474;Tatiane Ferreira Lima;F;31;Campinas;SP;12;Pleno de Administrativo;Pleno;Remoto;2024-04-27;6610.54;Ativo;;;
2475;Aline Martins Vieira;F;28;Salvador;BA;11;Pleno de Juridico;Pleno;Hibrido;2019-12-07;6909.44;Ativo;;;
2476;Carolina Alves Santos;F;36;Brasilia;DF;8;Gerente de Operacoes;Gerente;Hibrido;2018-02-12;24338.73;Ativo;;;
2477;Daniela Souza Carvalho;F;36;Fortaleza;CE;5;Estagiario de Marketing;Estagiario;Remoto;2024-06-29;1897.2;Desligado;2024-09-12;Voluntario;Continuidade dos estudos
2478;Carolina Souza Silva;F;23;Fortaleza;CE;9;Pleno de Recursos Humanos;Pleno;Hibrido;2021-10-21;6063.19;Ativo;;;
2479;Eduardo Dias Rodrigues;M;31;Florianopolis;SC;11;Pleno de Juridico;Pleno;Hibrido;2019-02-26;6425.86;Ativo;;;
2480;Daniela Fernandes Dias;F;26;Belo Horizonte;MG;12;Senior de Administrativo;Senior;Hibrido;2024-04-08;14908.02;Desligado;2024-05-30;Voluntario;Mudanca de carreira
2481;Carolina Oliveira Gomes;F;46;Sao Paulo;SP;4;Pleno de Comercial;Pleno;Remoto;2022-08-01;7795.78;Desligado;2024-08-15;Involuntario;Reestruturacao da area
2482;Bruno Gomes Vieira;M;25;Rio de Janeiro;RJ;1;Pleno de Engenharia de Software;Pleno;Hibrido;2018-06-22;6358.12;Ativo;;;
2483;Vinicius Gomes Silva;M;29;Salvador;BA;11;Pleno de Juridico;Pleno;Remoto;2019-10-17;7298.7;Desligado;2024-01-21;Voluntario;Mudanca de carreira
2484;Pedro Lima Rodrigues;M;41;Recife;PE;4;Junior de Comercial;Junior;Hibrido;2023-12-11;3648.27;Ativo;;;
2485;Tatiane Dias Fernandes;F;21;Belo Horizonte;MG;5;Junior de Marketing;Junior;Hibrido;2020-10-19;4108.41;Ativo;;;
2486;Guilherme Rodrigues Andrade;M;30;Curitiba;PR;1;Senior de Engenharia de Software;Senior;Presencial;2021-12-30;13703.73;Ativo;;;
2487;Luciana Oliveira Gomes;F;42;Curitiba;PR;12;Especialista de Administrativo;Especialista;Remoto;2021-05-30;18332.96;Ativo;;;
2488;Vinicius Ribeiro Pereira;M;31;Campinas;SP;12;Junior de Administrativo;Junior;Hibrido;2023-11-22;4659.06;Ativo;;;
2489;Vanessa Martins Souza;F;26;Porto Alegre;RS;2;Pleno de Dados & Analytics;Pleno;Hibrido;2018-09-23;9007.28;Ativo;;;
2490;Daniela Gomes Ferreira;F;28;Brasilia;DF;12;Coordenador de Administrativo;Coordenador;Remoto;2024-09-29;15468.67;Ativo;;;
2491;Aline Vieira Rodrigues;F;30;Campinas;SP;12;Senior de Administrativo;Senior;Hibrido;2022-02-27;14678.58;Ativo;;;
2492;Guilherme Rodrigues Carvalho;M;30;Florianopolis;SC;9;Junior de Recursos Humanos;Junior;Remoto;2020-04-22;4226.99;Ativo;;;
2493;Rodrigo Gomes Oliveira;M;32;Porto Alegre;RS;8;Senior de Operacoes;Senior;Remoto;2024-08-22;11626.12;Ativo;;;
2494;Natalia Ferreira Martins;F;28;Salvador;BA;2;Pleno de Dados & Analytics;Pleno;Hibrido;2022-05-20;9110.98;Ativo;;;
2495;Matheus Soares Almeida;M;27;Goiania;GO;7;Pleno de Suporte Tecnico;Pleno;Remoto;2022-01-29;7189.24;Ativo;;;
2496;Tatiane Dias Nascimento;F;25;Recife;PE;5;Estagiario de Marketing;Estagiario;Presencial;2024-10-09;1825.28;Ativo;;;
2497;Bruna Carvalho Almeida;F;26;Salvador;BA;5;Senior de Marketing;Senior;Hibrido;2019-12-16;12116.62;Ativo;;;
2498;Priscila Silva Fernandes;F;28;Sao Paulo;SP;4;Junior de Comercial;Junior;Remoto;2020-12-14;4744.42;Ativo;;;
2499;Juliana Rodrigues Barbosa;F;22;Porto Alegre;RS;5;Senior de Marketing;Senior;Remoto;2023-05-13;12519.24;Desligado;2024-04-19;Voluntario;Insatisfacao salarial
2500;Fernanda Barbosa Fernandes;F;36;Brasilia;DF;3;Junior de Produto;Junior;Hibrido;2022-04-20;5347.92;Ativo;;;
